id,id Ruangan,id Tipe Barang (isi id berdasarkan id di sheet tipe barang),Kode Barang,Nama Barang,Satuan Unit (Contoh : pcs/box/unit dll),Merk,"Spesifikasi (isi spesifikasi lengkap jika elektronik, termasuk warna barang)",Deprecation Rate (isi angka dalam % per tahun)
1,1,2,INV/BLV-KUPB/001,AC split daikin,unit,daikin,1/2 pk merk daikin,
2,1,2,INV/BLV-KUPB/002,TV tcl,pcs,tcl,42 inch warna hitam,
3,1,2,INV/BLV-KUPB/003,Dispenser polytron,pcs,polytron,panas dingin warna hitam,
4,1,2,INV/BLV-KUPB/004,Tempat sampah stainless,pcs,,,
5,1,2,INV/BLV-KUPB/005,Kursi bar bulat,pcs,,,
6,1,2,INV/BLV-KUPB/006,Kursi tunggu isi 2,pcs,,,
7,1,2,INV/BLV-KUPB/007,Kursi tunggu isi 3,pcs,,,
8,1,2,INV/BLV-KUPB/008,Kursi tunggu isi 4,pcs,,,
9,1,2,INV/BLV-KUPB/009,Kursi tunggu isi 5,pcs,,,
10,1,2,INV/BLV-KUPB/010,Kursi roda,pcs,,,
11,1,2,INV/BLV-KUPB/011,APAR,pcs,,,
12,1,2,INV/BLV-KUPB/012,Papan red code + Helm,unit,,,
13,1,2,INV/BLV-KUPB/013,Hiasan dinding bunga kuningan,pcs,,,
14,1,2,INV/BLV-KUPB/014,Meja counter perawat,unit,,,
15,1,2,INV/BLV-KUPB/015,Kursi jaga perawat krem sandaran,pcs,,,
16,1,2,INV/BLV-KUPB/016,Kotak saran akrilik,pcs,,,
17,1,2,INV/BLV-KUPB/017,Akrilik brosur,pcs,,,
18,1,2,INV/BLV-KUPB/018,Standing akrilik,pcs,,,
19,1,2,INV/BLV-KUPB/019,Timbangan badan,pcs,,,
20,1,2,INV/BLV-KUPB/020,Rak plastik 3 susun,pcs,,,
21,1,2,INV/BLV-KUPB/021,Rak plastik 4 susun,pcs,,,
22,1,2,INV/BLV-KUPB/022,Kalkulator citizen,pcs,,,
23,1,2,INV/BLV-KUPB/023,Telaphon internal,pcs,,,
24,1,2,INV/BLV-KUPB/024,Kranjang plastik biru,pcs,,,
25,1,2,INV/BLV-KUPB/025,Kursi tensi coklat informa,pcs,,,
26,1,2,INV/BLV-KUPB/026,Alarm,pcs,,,
27,2,2,INV/BLV-KUPB/027,AC split daikin,pcs,,,
28,2,2,INV/BLV-KUPB/028,Trolli dokter stainless,pcs,,,
29,2,2,INV/BLV-KUPB/029,Tempat sampah plastik bulat abu-abu,pcs,,,
30,2,2,INV/BLV-KUPB/030,Kursi besi plastik putih,pcs,,,
31,2,2,INV/BLV-KUPB/031,Bed pasien,pcs,,,
32,2,2,INV/BLV-KUPB/032,Loker bawah bed,pcs,,,
33,2,2,INV/BLV-KUPB/033,Standing infus,pcs,,,
34,2,2,INV/BLV-KUPB/034,Trolli abu-abu,pcs,,,
35,2,2,INV/BLV-KUPB/035,EKG,pcs,,,
36,2,2,INV/BLV-KUPB/036,Nebulizer,pcs,,,
37,2,2,INV/BLV-KUPB/037,Tabung oxigen set,unit,,,
38,3,2,INV/BLV-KUPB/038,AC split daikin,pcs,,,
39,3,2,INV/BLV-KUPB/039,Lampu rogxent,pcs,,,
40,3,2,INV/BLV-KUPB/040,Meja laci HPL,pcs,,,
41,3,2,INV/BLV-KUPB/041,Keramik hiasan dinding,pcs,,,
42,3,2,INV/BLV-KUPB/042,Miniatur petronas,pcs,,,
43,3,2,INV/BLV-KUPB/043,USG set,pcs,,,
44,3,2,INV/BLV-KUPB/044,Tempat sampah plastik hijau,pcs,,,
45,3,2,INV/BLV-KUPB/045,Bed pasien,pcs,,,
46,3,2,INV/BLV-KUPB/046,Tangga bed,pcs,,,
47,3,2,INV/BLV-KUPB/047,Emergency kit,unit,,,
48,3,2,INV/BLV-KUPB/048,Kursi bulat hitam,pcs,,,
49,3,2,INV/BLV-KUPB/049,Kursi bulat putih,pcs,,,
50,3,2,INV/BLV-KUPB/050,Tensi meter standing,pcs,,,
51,3,2,INV/BLV-KUPB/051,Kursi dokter,pcs,,,
52,3,2,INV/BLV-KUPB/052,Meja dokter,pcs,,,
53,3,2,INV/BLV-KUPB/053,Kursi pasien konsul ,pcs,,,
54,3,2,INV/BLV-KUPB/054,Lampu hias,pcs,,,
55,3,2,INV/BLV-KUPB/055,AC split daikin,pcs,,,
56,3,2,INV/BLV-KUPB/056,Telephone internal,pcs,,,
57,4,2,INV/BLV-KUPB/057,Walker,pcs,,,
58,4,2,INV/BLV-KUPB/058,Rak plastik putih,pcs,,,
59,4,2,INV/BLV-KUPB/059,Freezer box,pcs,,,
60,4,2,INV/BLV-KUPB/060,Tempat sampah besar kuning B3,pcs,,,
61,4,2,INV/BLV-KUPB/061,Spilkit,pcs,,,
62,4,2,INV/BLV-KUPB/062,Lemari kayu susun 4 (Tempat perkakas),pcs,,,
63,4,2,INV/BLV-KUPB/063,Kursi bulat stainless,pcs,,,
64,4,2,INV/BLV-KUPB/064,Meja loker kayu putih,pcs,,,
65,4,2,INV/BLV-KUPB/065,Blue print epson,pcs,,,
66,5,2,INV/BLV-KUPB/066,Kursi tunggu isi3,pcs,,,
67,5,2,INV/BLV-KUPB/067,Kursi tunggu isi 4,pcs,,,
68,5,2,INV/BLV-KUPB/068,Kursi tunggu isi 5,pcs,,,
69,5,2,INV/BLV-KUPB/069,Sofa hitam besar,pcs,,,
70,5,2,INV/BLV-KUPB/070,Sofa hitam kecil,pcs,,,
71,5,2,INV/BLV-KUPB/071,AC split,unit,,,
72,5,2,INV/BLV-KUPB/072,Counter perawat,unit,,,
73,5,2,INV/BLV-KUPB/073,Kursi perawat biru stainless,pcs,,,
74,5,2,INV/BLV-KUPB/074,Kranjang biru,pcs,,,
75,5,2,INV/BLV-KUPB/075,APAR,pcs,,,
76,5,2,INV/BLV-KUPB/076,Papan red code + Helm,unit,,,
77,5,2,INV/BLV-KUPB/077,Tempat sampah plastik abu-abu,pcs,,,
78,5,2,INV/BLV-KUPB/078,TV tcl,pcs,,,
79,5,2,INV/BLV-KUPB/079,Alarm,pcs,,,
80,5,2,INV/BLV-KUPB/080,Meja besi kaca bulat gold,pcs,,,
81,5,2,INV/BLV-KUPB/081,Sofa bed abu-abu,pcs,,,
82,5,2,INV/BLV-KUPB/082,Lemari loker,pcs,,,
83,5,2,INV/BLV-KUPB/083,Trolli plastik putih,pcs,,,
84,5,2,INV/BLV-KUPB/084,Tempat sampah plastik,pcs,,,
85,5,2,INV/BLV-KUPB/085,Pompa asi (spectra),pcs,,,
86,6,2,INV/BLV-KUPB/086,Bed pasien kayu krem,pcs,,,
87,6,2,INV/BLV-KUPB/087,Loker bawah bed,pcs,,,
88,6,2,INV/BLV-KUPB/088,Tangga bed,pcs,,,
89,6,2,INV/BLV-KUPB/089,Tempat tissue,pcs,,,
90,6,2,INV/BLV-KUPB/090,Tempat sampah plastik abu-abu,pcs,,,
91,6,2,INV/BLV-KUPB/091,AC split daikin,unit,,,
92,6,2,INV/BLV-KUPB/092,Meja dokter,pcs,,,
93,6,2,INV/BLV-KUPB/093,Meja loker / kabinet,pcs,,,
94,6,2,INV/BLV-KUPB/094,Rak ambalan display,pcs,,,
95,6,2,INV/BLV-KUPB/095,Lampu rogxent,pcs,,,
96,6,2,INV/BLV-KUPB/096,Senter periksa,pcs,,,
97,6,2,INV/BLV-KUPB/097,Otoscope,pcs,,,
98,6,2,INV/BLV-KUPB/098,Kaca pembesar,pcs,,,
99,6,2,INV/BLV-KUPB/099,Stetoskop,pcs,,,
100,6,2,INV/BLV-KUPB/100,Hiasan rak,pcs,,,
101,7,2,INV/BLV-KUPB/101,Bed pasien kayu krem,pcs,,,
102,7,2,INV/BLV-KUPB/102,Loker bawah bed,pcs,,,
103,7,2,INV/BLV-KUPB/103,Tangga bed,pcs,,,
104,7,2,INV/BLV-KUPB/104,Meja loker/kabinet,pcs,,,
105,7,2,INV/BLV-KUPB/105,Tempat sampah plastik bulat,pcs,,,
106,7,2,INV/BLV-KUPB/106,AC Split daikin,unit,,,
107,7,2,INV/BLV-KUPB/107,Rak display ambalan,pcs,,,
108,8,2,INV/BLV-KUPB/108,Meja dokter,pcs,,,
109,8,2,INV/BLV-KUPB/109,Kursi dokter,pcs,,,
110,8,2,INV/BLV-KUPB/110,Meja loker/kabinet,pcs,,,
111,8,2,INV/BLV-KUPB/111,Rak display ambalan,pcs,,,
112,8,2,INV/BLV-KUPB/112,Hiasan rak,pcs,,,
113,8,2,INV/BLV-KUPB/113,Lemari obat 2 pintu geser,pcs,,,
114,8,2,INV/BLV-KUPB/114,Rak besi putih besar,pcs,,,
115,8,2,INV/BLV-KUPB/115,AC split daikin,unit,,,
116,8,2,INV/BLV-KUPB/116,Standing infus,pcs,,,
117,8,2,INV/BLV-KUPB/117,Rak / trolli abu-abu ,pcs,,,
118,8,2,INV/BLV-KUPB/118,Meja lipat coklat,pcs,,,
119,8,2,INV/BLV-KUPB/119,Meja kayu panjang lesehan,pcs,,,
120,9,2,INV/BLV-KUPB/120,Rakdorong merah,pcs,,,
121,9,2,INV/BLV-KUPB/121,Meja putih laci,pcs,,,
122,9,2,INV/BLV-KUPB/122,Meja besar coklat rangka besi informa,pcs,,,
123,9,2,INV/BLV-KUPB/123,Meja kerja kayu kecil,pcs,,,
124,9,2,INV/BLV-KUPB/124,Meja kotak ( printer),pcs,,,
125,9,2,INV/BLV-KUPB/125,PC Komputer Adm,unit,,,
126,9,2,INV/BLV-KUPB/126,Kulkas 2 pintu,pcs,,,
127,9,2,INV/BLV-KUPB/127,Tempat sampah kuning,pcs,,,
128,9,2,INV/BLV-KUPB/128,Tempat sampah hijau,pcs,,,
129,9,2,INV/BLV-KUPB/129,Kursi bulat stainless hitam,pcs,,,
130,9,2,INV/BLV-KUPB/130,Kursi bulat stainless merah,pcs,,,
131,9,2,INV/BLV-KUPB/131,Kursi bulat hitam,pcs,,,
132,9,2,INV/BLV-KUPB/132,Centrifuge 6 tabung,pcs,,,
133,9,2,INV/BLV-KUPB/133,Centrifuge 12 tabung,pcs,,,
134,9,2,INV/BLV-KUPB/134,Washbag,pcs,,,
135,9,2,INV/BLV-KUPB/135,Gunting jepit,pcs,,,
136,9,2,INV/BLV-KUPB/136,Tempat tissue meja,pcs,,,
137,9,2,INV/BLV-KUPB/137,AC Split daikin 1/2 pk ,unit,,,
138,9,2,INV/BLV-KUPB/138,Water heater,unit,,,
139,9,2,INV/BLV-KUPB/139,Shower,pcs,,,
140,9,2,INV/BLV-KUPB/140,Wastafel,pcs,,,
141,9,2,INV/BLV-KUPB/141,Tissue toilket,pcs,,,
142,9,2,INV/BLV-KUPB/142,Closed,pcs,,,
143,9,2,INV/BLV-KUPB/143,Tempat sampah plastik kotak,pcs,,,
144,10,2,INV/BLV-KUPB/144,Rak sepatu besi hitam,pcs,,,
145,10,2,INV/BLV-KUPB/145,Kaca dinding kotak besar,pcs,,,
146,10,2,INV/BLV-KUPB/146,Rak besi putih,pcs,,,
147,10,2,INV/BLV-KUPB/147,Laci putih meja kecil,pcs,,,
148,10,2,INV/BLV-KUPB/148,Lemari baju gantung,pcs,,,
149,10,2,INV/BLV-KUPB/149,Laci plastik sepatu coklat,pcs,,,
150,10,2,INV/BLV-KUPB/150,Bed sofa abu-abu,pcs,,,
151,10,2,INV/BLV-KUPB/151,Meja kerja CEO,pcs,,,
152,10,2,INV/BLV-KUPB/152,Kursi kerja CEO,pcs,,,
153,10,2,INV/BLV-KUPB/153,Kursi tamu informa coklat,pcs,,,
154,10,2,INV/BLV-KUPB/154,Jam meja,pcs,,,
155,10,2,INV/BLV-KUPB/155,Meja coklat pendek,pcs,,,
156,10,2,INV/BLV-KUPB/156,PC lenovo,unit,,,
157,10,2,INV/BLV-KUPB/157,Printer brother,pcs,,,
158,10,2,INV/BLV-KUPB/158,Brankas krisbow,pcs,,,
159,10,2,INV/BLV-KUPB/159,Rak buku kayu,pcs,,,
160,10,2,INV/BLV-KUPB/160,Tempat sampah putih mika,pcs,,,
161,10,2,INV/BLV-KUPB/161,Telephone internal,pcs,,,
162,10,2,INV/BLV-KUPB/162,Whiteboard,pcs,,,
163,10,2,INV/BLV-KUPB/163,AC split,unit,,,
164,11,2,INV/BLV-KUPB/164,Kursi kerja sandaran roda hijau tosca,pcs,,,
165,11,2,INV/BLV-KUPB/165,Meja kerja kaki besi putih kayu ,pcs,,,
166,11,2,INV/BLV-KUPB/166,Meja lipat besi kayu hitam,pcs,,,
167,11,2,INV/BLV-KUPB/167,Lemari rak besar 15,pcs,,,
168,11,2,INV/BLV-KUPB/168,Lemari piring/makan,pcs,,,
169,11,2,INV/BLV-KUPB/169,Rak kayu besar putih susun 4,pcs,,,
170,11,2,INV/BLV-KUPB/170,Rak/tempat kertas,pcs,,,
171,11,2,INV/BLV-KUPB/171,Keranjang plastik pink,pcs,,,
172,11,2,INV/BLV-KUPB/172,PC Manager keuangan,unit,,,
173,11,2,INV/BLV-KUPB/173,PC ADM marketing,unit,,,
174,11,2,INV/BLV-KUPB/174,PC Konten kreator,unit,,,
175,11,2,INV/BLV-KUPB/175,PC manager marketing,unit,,,
176,11,2,INV/BLV-KUPB/176,Laptop DKV asus hitam tuft gaming,unit,,,
177,11,2,INV/BLV-KUPB/177,Printer epson L3150,pcs,,,
178,11,2,INV/BLV-KUPB/178,Dispenser hitam polytron,pcs,,,
179,11,2,INV/BLV-KUPB/179,Jam dinding,pcs,,,
180,11,2,INV/BLV-KUPB/180,Speaker activ wirreless polytron besar,pcs,,,
181,11,2,INV/BLV-KUPB/181,Kulkas kecil 1 pintu modena,pcs,,,
182,11,2,INV/BLV-KUPB/182,Set meja kaca bundar kursi 4 putih,pcs,,,
183,11,2,INV/BLV-KUPB/183,Rak plastik putih,pcs,,,
184,11,2,INV/BLV-KUPB/184,Mesin laminating,pcs,,,
185,11,2,INV/BLV-KUPB/185,Headset,pcs,,,
186,11,2,INV/BLV-KUPB/186,Pemotong kertas besar putih,pcs,,,
187,11,2,INV/BLV-KUPB/187,Rak plastik coklat ,pcs,,,
188,11,2,INV/BLV-KUPB/188,Keybox krisbow hitam ,pcs,,,
189,11,2,INV/BLV-KUPB/189,Tempat sampah hitam,pcs,,,
190,11,2,INV/BLV-KUPB/190,Penghancur kertas krisbow,pcs,,,
191,11,2,INV/BLV-KUPB/191,Cashbox krisbow,pcs,,,
192,11,2,INV/BLV-KUPB/192,Tempat kertas box putih krisbow,pcs,,,
193,11,2,INV/BLV-KUPB/193,White board dinding,pcs,,,
194,11,2,INV/BLV-KUPB/194,Laci plastik kecil susun 2,pcs,,,
195,11,2,INV/BLV-KUPB/195,Laci plastik kecil susun 3,pcs,,,
196,11,2,INV/BLV-KUPB/196,Laci plastik kecil susun 4,pcs,,,
197,11,2,INV/BLV-KUPB/197,Laci plastik kecil susun 5,pcs,,,
198,11,2,INV/BLV-KUPB/198,Lampu godog kecil + tripod,pcs,,,
199,11,2,INV/BLV-KUPB/199,Telephone internal,unit,,,
200,11,2,INV/BLV-KUPB/200,HT comtech,unit,,,
201,11,2,INV/BLV-KUPB/201,AC Split,unit,,,
202,12,2,INV/BLV-KUPB/202,AC spilt daikin,unit,,,
203,12,2,INV/BLV-KUPB/203,TV tcl + Standing,unit,,,
204,12,2,INV/BLV-KUPB/204,Kabel olor listrik,unit,,,
205,12,2,INV/BLV-KUPB/205,Kursi stainless sandaran krem,pcs,,,
206,12,2,INV/BLV-KUPB/206,Kursi dokter,pcs,,,
207,12,2,INV/BLV-KUPB/207,Kursi plastik putih,pcs,,,
208,12,2,INV/BLV-KUPB/208,Meja besar metting,pcs,,,
209,12,2,INV/BLV-KUPB/209,Tempat sampah plastik kotak coklat,pcs,,,
210,12,2,INV/BLV-KUPB/210,Karpet,pcs,,,
211,12,2,INV/BLV-KUPB/211,Standing pot,unit,,,
212,13,2,INV/BLV-KUPB/212,AC spilt daikin,unit,,,
213,13,2,INV/BLV-KUPB/213,TV tcl monitor cctv,unit,,,
214,13,2,INV/BLV-KUPB/214,Meja panjang HPL,pcs,,,
215,13,2,INV/BLV-KUPB/215,Meja kerja kayu kecil,pcs,,,
216,13,2,INV/BLV-KUPB/216,Meja besar coklat,pcs,,,
217,13,2,INV/BLV-KUPB/217,Meja panjang kayu lesehan,pcs,,,
218,13,2,INV/BLV-KUPB/218,Meja pameran,pcs,,,
219,13,2,INV/BLV-KUPB/219,Meja sandaran putar,pcs,,,
220,13,2,INV/BLV-KUPB/220,Kursi plastik putih,pcs,,,
221,13,2,INV/BLV-KUPB/221,box plastik,pcs,,,
222,13,2,INV/BLV-KUPB/222,Kursi bulat stainless hitam,pcs,,,
223,13,2,INV/BLV-KUPB/223,Kursi bulat stainless merah,pcs,,,
224,13,2,INV/BLV-KUPB/224,Meja setrika,pcs,,,
225,13,2,INV/BLV-KUPB/225,Kursi plastik bulat bakso,pcs,,,
226,14,2,INV/BLV-KPBS/001,Komputer PC kasir,unit,,,
227,14,2,INV/BLV-KPBS/002,Cash box kasir hitam tempat uang kasir,pcs,,,
228,14,2,INV/BLV-KPBS/003,Printer LX310,pcs,,,
229,14,2,INV/BLV-KPBS/004,Printer kasir EYES,pcs,,,
230,14,2,INV/BLV-KPBS/005,Money detektor,pcs,,,
231,14,2,INV/BLV-KPBS/006,Meja kasir coklat,pcs,,,
232,14,2,INV/BLV-KPBS/007,Meja panjang coklat,pcs,,,
233,14,2,INV/BLV-KPBS/008,Kursi kasir,pcs,,,
234,14,2,INV/BLV-KPBS/009,Meja kabinet/loker kasir,pcs,,,
235,14,2,INV/BLV-KPBS/010,Rak ambalan set hiasan dinding,pcs,,,
236,14,2,INV/BLV-KPBS/011,Speaker bulat harman,pcs,,,
237,14,2,INV/BLV-KPBS/012,TV cekung samsung,unit,,,
238,14,2,INV/BLV-KPBS/013,Jam dinding,pcs,,,
239,14,2,INV/BLV-KPBS/014,Hiasan kaca dinding,pcs,,,
240,14,2,INV/BLV-KPBS/015,AC spit,unit,,,
241,14,2,INV/BLV-KPBS/016,Rak meja 3 laci pembayaran belakang,pcs,,,
242,14,2,INV/BLV-KPBS/017,Barcode,pcs,,,
243,14,2,INV/BLV-KPBS/018,Rak plastik putih,pcs,,,
244,14,2,INV/BLV-KPBS/019,Tempat sampah,pcs,,,
245,14,2,INV/BLV-KPBS/020,Kranjang pink,pcs,,,
246,14,2,INV/BLV-KPBS/021,Buku menu/katalok standing,pcs,,,
247,14,2,INV/BLV-KPBS/022,Nampan uang,pcs,,,
248,14,2,INV/BLV-KPBS/023,Telphone internal,pcs,,,
249,14,2,INV/BLV-KPBS/024,Meja FO bulat,pcs,,,
250,14,2,INV/BLV-KPBS/025,Meja kotak laci,pcs,,,
251,14,2,INV/BLV-KPBS/026,Kursi Plastik putih,pcs,,,
252,14,2,INV/BLV-KPBS/027,Printer L405,pcs,,,
253,14,2,INV/BLV-KPBS/028,Meja printer coklat,pcs,,,
254,14,2,INV/BLV-KPBS/029,File box besi hitam,pcs,,,
255,14,2,INV/BLV-KPBS/030,Laptop acer aspire 514,unit,,,
256,14,2,INV/BLV-KPBS/031,Rak display produk akrilik,unit,,,
257,14,2,INV/BLV-KPBS/032,Akrilik brosur kecil,pcs,,,
258,14,2,INV/BLV-KPBS/033,Akrilik brosur besar,pcs,,,
259,14,2,INV/BLV-KPBS/034,Kotak saran,pcs,,,
260,14,2,INV/BLV-KPBS/035,Laci plastik 5 susun,pcs,,,
261,14,2,INV/BLV-KPBS/036,Laci plastik 3 susun ,pcs,,,
262,14,2,INV/BLV-KPBS/037,Standing akrilik kecil,pcs,,,
263,14,2,INV/BLV-KPBS/038,Standing akrilik besar,pcs,,,
264,14,2,INV/BLV-KPBS/039,Kaca/cermin bulat,pcs,,,
265,14,2,INV/BLV-KPBS/040,Thermogun,pcs,,,
266,14,2,INV/BLV-KPBS/041,Klipboard,pcs,,,
267,15,2,INV/BLV-KPBS/042,Sofa abu-abu bludru panjang,pcs,,,
268,15,2,INV/BLV-KPBS/043,Sofa abu-abu bludru pendek,pcs,,,
269,15,2,INV/BLV-KPBS/044,Sofa kain biru tua,pcs,,,
270,15,2,INV/BLV-KPBS/045,Meja bulat kayu besar krem,pcs,,,
271,15,2,INV/BLV-KPBS/046,Kursi bunga pink,pcs,,,
272,15,2,INV/BLV-KPBS/047,Kaca hiasan belova pink,pcs,,,
273,15,2,INV/BLV-KPBS/048,Standing cermin,pcs,,,
274,15,2,INV/BLV-KPBS/049,Pengharum listrik/disfuzer,pcs,,,
275,15,2,INV/BLV-KPBS/050,Sofa krem panjang sintetis,pcs,,,
276,15,2,INV/BLV-KPBS/051,Meja kotak kayu,pcs,,,
277,15,2,INV/BLV-KPBS/052,Sofa hitam pendek ,pcs,,,
278,15,2,INV/BLV-KPBS/053,Meja bulat kecil,pcs,,,
279,15,2,INV/BLV-KPBS/054,Timbangan badan,pcs,,,
280,15,2,INV/BLV-KPBS/055,AC split daikin,unit,,,
281,15,2,INV/BLV-KPBS/056,Air curtain,pcs,,,
282,15,2,INV/BLV-KPBS/057,Kursi roda,pcs,,,
283,15,2,INV/BLV-KPBS/058,TV tcl,unit,,,
284,16,2,INV/BLV-KPBS/059,Kursi dokter,pcs,,,
285,16,2,INV/BLV-KPBS/060,Penjernih udara,pcs,,,
286,16,2,INV/BLV-KPBS/061,Meja kecil laci,pcs,,,
287,16,2,INV/BLV-KPBS/062,Meja konsul,pcs,,,
288,16,2,INV/BLV-KPBS/063,PC dokter cpu putih,unit,,,
289,16,2,INV/BLV-KPBS/064,Scin analizer,unit,,,
290,16,2,INV/BLV-KPBS/065,Printer HP putih,pcs,,,
291,16,2,INV/BLV-KPBS/066,Laptop acer aspire 514,unit,,,
292,16,2,INV/BLV-KPBS/067,AC Split,unit,,,
293,16,2,INV/BLV-KPBS/068,Jam digital (informa),pcs,,,
294,16,2,INV/BLV-KPBS/069,Miniatur lapisan kulit,pcs,,,
295,16,2,INV/BLV-KPBS/070,Rak ambalan,pcs,,,
296,16,2,INV/BLV-KPBS/071,Kursi bulat putih putar,pcs,,,
297,16,2,INV/BLV-KPBS/072,Meja wastafel panjang,pcs,,,
298,16,2,INV/BLV-KPBS/073,Cermin bulat,pcs,,,
299,16,2,INV/BLV-KPBS/074,Tempat tisue,pcs,,,
300,16,2,INV/BLV-KPBS/075,Kulkas kecil changhong,unit,,,
301,16,2,INV/BLV-KPBS/076,Akrilik cuci tangan,pcs,,,
302,16,2,INV/BLV-KPBS/077,Timbangan diet,pcs,,,
303,16,2,INV/BLV-KPBS/078,Bed pasien,pcs,,,
304,16,2,INV/BLV-KPBS/079,Tangga bed,pcs,,,
305,16,2,INV/BLV-KPBS/080,Tempat sampah plastik bulat abu-abu,pcs,,,
306,16,2,INV/BLV-KPBS/081,Trolli tindakan,unit,,,
307,16,2,INV/BLV-KPBS/082,Laci plastik 4 susun,pcs,,,
308,16,2,INV/BLV-KPBS/083,Standing infus,pcs,,,
309,16,2,INV/BLV-KPBS/084,Emergency kit,unit,,,
310,16,2,INV/BLV-KPBS/085,Kaca hiasan dinding jari-jari,pcs,,,
311,16,2,INV/BLV-KPBS/086,Kursi pasien coklat (informa),pcs,,,
312,16,2,INV/BLV-KPBS/087,Set medikasi,unit,,,
313,16,2,INV/BLV-KPBS/088,Tensimeter,pcs,,,
314,16,2,INV/BLV-KPBS/089,Telephone internal,unit,,,
315,17,2,INV/BLV-KPBS/090,Meja HPL panjang,pcs,,,
316,17,2,INV/BLV-KPBS/091,Kursi sandaran krem,pcs,,,
317,17,2,INV/BLV-KPBS/092,Sofa kuning,pcs,,,
318,17,2,INV/BLV-KPBS/093,Meja kerja kecil kayu,pcs,,,
319,17,2,INV/BLV-KPBS/094,Tempat sampah,pcs,,,
320,17,2,INV/BLV-KPBS/095,AC split,unit,,,
321,18,2,INV/BLV-KPBS/096,Kursi dokter ,pcs,,,
322,18,2,INV/BLV-KPBS/097,Meja konsul,pcs,,,
323,18,2,INV/BLV-KPBS/098,Kursi pasien,pcs,,,
324,18,2,INV/BLV-KPBS/099,Set dental care,unit,,,
325,18,2,INV/BLV-KPBS/100,Stavolt,pcs,,,
326,18,2,INV/BLV-KPBS/101,TV Hisense,unit,,,
327,18,2,INV/BLV-KPBS/102,AC split,unit,,,
328,18,2,INV/BLV-KPBS/103,Kitcen set,unit,,,
329,18,2,INV/BLV-KPBS/104,Lemari steril (serenity),unit,,,
330,18,2,INV/BLV-KPBS/105,Jam dinding bulat putih,pcs,,,
331,18,2,INV/BLV-KPBS/106,Trolli plastik putih,unit,,,
332,18,2,INV/BLV-KPBS/107,Tempat sampah bulat abu-abu,pcs,,,
333,19,2,INV/BLV-KPBS/108,Kulkas 2 pintu (Sharp),unit,,,
334,19,2,INV/BLV-KPBS/109,Tempat sampah besar kuning,pcs,,,
335,19,2,INV/BLV-KPBS/110,Rak plastik pink,pcs,,,
336,19,2,INV/BLV-KPBS/111,Penanda licin (kuning),pcs,,,
337,19,2,INV/BLV-KPBS/112,Alat pel,unit,,,
338,20,2,INV/BLV-KPBS/113,Meja belajar informa putih,pcs,,,
339,20,2,INV/BLV-KPBS/114,Meja kerja kayu kecil ,pcs,,,
340,20,2,INV/BLV-KPBS/115,Laptop asus vivobook,unit,,,
341,20,2,INV/BLV-KPBS/116,lokar 1 pintu kayu,pcs,,,
342,20,2,INV/BLV-KPBS/117,Kursi kantor hitam roda,pcs,,,
343,20,2,INV/BLV-KPBS/118,Kursi Cream (HRD),pcs,,,
344,20,2,INV/BLV-KPBS/119,Meja server,pcs,,,
345,20,2,INV/BLV-KPBS/120,PC akunting,unit,,,
346,20,2,INV/BLV-KPBS/121,Lemari rak coklat kayu 4 susun,pcs,,,
347,20,2,INV/BLV-KPBS/122,UPS,pcs,,,
348,20,2,INV/BLV-KPBS/123,Kipas angin besar,unit,,,
349,20,2,INV/BLV-KPBS/124,Meja kerja coklat hitam (HRD),pcs,,,
350,20,2,INV/BLV-KPBS/125,Laptop acer aspire GO514,unit,,,
351,20,2,INV/BLV-KPBS/126,Filling cabinet besi putih,pcs,,,
352,20,2,INV/BLV-KPBS/127,Printer Fuji,pcs,,,
353,20,2,INV/BLV-KPBS/128,PV Server,unit,,,
354,20,2,INV/BLV-KPBS/129,Kursi kantor hitam hijau,pcs,,,
355,20,2,INV/BLV-KPBS/130,Alat hitung uang,pcs,,,
356,20,2,INV/BLV-KPBS/131,Kranjang pink,pcs,,,
357,20,2,INV/BLV-KPBS/132,Rak atk besi 1 susun hitam,pcs,,,
358,20,2,INV/BLV-KPBS/133,Papan red code + helm,unit,,,
359,20,2,INV/BLV-KPBS/134,Telephone internal,unit,,,
360,21,2,INV/BLV-KPBS/135,AC split,unit,,,
361,21,2,INV/BLV-KPBS/136,Lemari pendingin kaca (GEA),unit,,,
362,21,2,INV/BLV-KPBS/137,Rak putih besi,pcs,,,
363,21,2,INV/BLV-KPBS/138,Rak stainless,pcs,,,
364,21,2,INV/BLV-KPBS/139,Laptop blason microsof,unit,,,
365,21,2,INV/BLV-KPBS/140,Keranjang pink,pcs,,,
366,21,2,INV/BLV-KPBS/141,Keranjang orange,pcs,,,
367,21,2,INV/BLV-KPBS/142,Keranjang biru ,pcs,,,
368,21,2,INV/BLV-KPBS/143,Kontainer obat expired,pcs,,,
369,21,2,INV/BLV-KPBS/144,Rak plastik pink 3 susun,pcs,,,
370,21,2,INV/BLV-KPBS/145,Lemari narkotika krem besar,pcs,,,
371,22,2,INV/BLV-KPBS/146,Lemari rak kayu coklat,pcs,,,
372,22,2,INV/BLV-KPBS/147,Lemari rak kayu putih,pcs,,,
373,22,2,INV/BLV-KPBS/148,Meja lipat plastik putih,pcs,,,
374,22,2,INV/BLV-KPBS/149,Laptop asus X441U putih,unit,,,
375,22,2,INV/BLV-KPBS/150,Klipboard,pcs,,,
376,22,2,INV/BLV-KPBS/151,Kranjang ping,pcs,,,
377,23,2,INV/BLV-KPBS/152,Meja hitam kaki besi (informa),pcs,,,
378,23,2,INV/BLV-KPBS/153,Lemari 4pintu putih panjang,pcs,,,
379,23,2,INV/BLV-KPBS/154,Meja hitam dua pintu putih,pcs,,,
380,23,2,INV/BLV-KPBS/155,Dispenser hitam midea,unit,,,
381,23,2,INV/BLV-KPBS/156,Meja wastafel,unit,,,
382,23,2,INV/BLV-KPBS/157,Rak plastik putih roda,unit,,,
383,23,2,INV/BLV-KPBS/158,Kursi putih kaki besi,pcs,,,
384,23,2,INV/BLV-KPBS/159,Rak atk besi hitam,unit,,,
385,23,2,INV/BLV-KPBS/160,Meja panjang hpl coklat,pcs,,,
386,23,2,INV/BLV-KPBS/161,Lemari rak coklat kayu besar 10 ,pcs,,,
387,23,2,INV/BLV-KPBS/162,Tower fan,pcs,,,
388,23,2,INV/BLV-KPBS/163,Kotak P3k,unit,,,
389,23,2,INV/BLV-KPBS/164,Key box cream,unit,,,
390,23,2,INV/BLV-KPBS/165,Jam dinding bulat putih ,pcs,,,
391,23,2,INV/BLV-KPBS/166,AC split daikin,unit,,,
392,23,2,INV/BLV-KPBS/167,Las plastik (v-tech),pcs,,,
393,23,2,INV/BLV-KPBS/168,Hotgun kuning,pcs,,,
394,23,2,INV/BLV-KPBS/169,Kaca dingding kotak besar,pcs,,,
395,23,2,INV/BLV-KPBS/170,Kulkas kecil 1 pintu (GEA),unit,,,
396,23,2,INV/BLV-KPBS/171,Pemotong kertas kecil hijau,pcs,,,
397,24,2,INV/BLV-KPBS/172,AC Split daikin,unit,,,
398,24,2,INV/BLV-KPBS/173,Rak display kecil tinggi krem,pcs,,,
399,24,2,INV/BLV-KPBS/174,Meja Belova HPL putih,pcs,,,
400,24,2,INV/BLV-KPBS/175,Finger print (masuk gudang lt2),pcs,,,
401,24,2,INV/BLV-KPBS/176,Kursi bar segi tiga putih,pcs,,,
402,24,2,INV/BLV-KPBS/177,Laptop acer aspire GO5141,unit,,,
403,24,2,INV/BLV-KPBS/178,Rak display kaca gambar besar,pcs,,,
404,24,2,INV/BLV-KPBS/179,Rak display L HPL krem,pcs,,,
405,24,2,INV/BLV-KPBS/180,Rak display HPL krem besar,pcs,,,
406,24,2,INV/BLV-KPBS/181,Rak obat besar putih,pcs,,,
407,24,2,INV/BLV-KPBS/182,Lemari pendingin kecil (GEA),unit,,,
408,24,2,INV/BLV-KPBS/183,Rak dinding obat inheath,pcs,,,
409,24,2,INV/BLV-KPBS/184,Meja marmer besar,pcs,,,
410,24,2,INV/BLV-KPBS/185,Kursi kantor hijau,pcs,,,
411,24,2,INV/BLV-KPBS/186,Kursi bulat putar hitam,pcs,,,
412,24,2,INV/BLV-KPBS/187,Kursi bulat putar putih,pcs,,,
413,24,2,INV/BLV-KPBS/188,Meja kerja kecil kayu,pcs,,,
414,24,2,INV/BLV-KPBS/189,Tempat sampah stainless,pcs,,,
415,24,2,INV/BLV-KPBS/190,PC adm apotek,unit,,,
416,24,2,INV/BLV-KPBS/191,Printer epson,unit,,,
417,24,2,INV/BLV-KPBS/192,Blueprint,unit,,,
418,24,2,INV/BLV-KPBS/193,Kalkulator,unit,,,
419,24,2,INV/BLV-KPBS/194,Rak plastik coklat,pcs,,,
420,24,2,INV/BLV-KPBS/195,Rak kayu pouch,pcs,,,
421,24,2,INV/BLV-KPBS/196,Laci plastik 4 susun,pcs,,,
422,24,2,INV/BLV-KPBS/197,Lemari narkotika kecil kayu,pcs,,,
423,24,2,INV/BLV-KPBS/198,Pembungkus puyer,pcs,,,
424,24,2,INV/BLV-KPBS/199,Rak plastik pink,pcs,,,
425,24,2,INV/BLV-KPBS/200,Timbangan obat,pcs,,,
426,24,2,INV/BLV-KPBS/201,Kompressor,unit,,,
427,24,2,INV/BLV-KPBS/202,Telephone internal,unit,,,
428,24,2,INV/BLV-KPBS/203,Blender obat,pcs,,,
429,24,2,INV/BLV-KPBS/204,Fingerprint pengganti no inv INV/BLV-PRATAMA/APT/004,pcs,,,
430,25,2,INV/BLV-KPBS/205,AC Split daikin,unit,,,
431,25,2,INV/BLV-KPBS/206,TV Monitor cctv tcl,unit,,,
432,25,2,INV/BLV-KPBS/207,Speaker aktif,unit,,,
433,25,2,INV/BLV-KPBS/208,DVD sanken,unit,,,
434,25,2,INV/BLV-KPBS/209,Rak ambalan panjang,pcs,,,
435,25,2,INV/BLV-KPBS/210,Meja loker besar,pcs,,,
436,25,2,INV/BLV-KPBS/211,Hiasan topeng,pcs,,,
437,25,2,INV/BLV-KPBS/212,Bed pasien SPA,unit,,,
438,25,2,INV/BLV-KPBS/213,Hiasan dinding tali,pcs,,,
439,25,2,INV/BLV-KPBS/214,Gantungan / standing hanger,pcs,,,
440,25,2,INV/BLV-KPBS/215,Sofa pink,pcs,,,
441,25,2,INV/BLV-KPBS/216,Sofa ungu,pcs,,,
442,25,2,INV/BLV-KPBS/217,Meja pintu server,pcs,,,
443,25,2,INV/BLV-KPBS/218,Meja marmer oval kecil,pcs,,,
444,25,2,INV/BLV-KPBS/219,Baskom cuci kaki pedicure,pcs,,,
445,25,2,INV/BLV-KPBS/220,Gorden krem besar,unit,,,
446,25,2,INV/BLV-KPBS/221,Gorden coklat,unit,,,
447,25,2,INV/BLV-KPBS/222,Tirai pintu ,pcs,,,
448,25,2,INV/BLV-KPBS/223,Speaker imortal pituh,unit,,,
449,25,2,INV/BLV-KPBS/224,Disfuser,pcs,,,
450,25,2,INV/BLV-KPBS/225,Jam meja,pcs,,,
451,25,2,INV/BLV-KPBS/226,Tempat lilin,pcs,,,
452,26,2,INV/BLV-KPBS/227,AC Split daikin,unit,,,
453,26,2,INV/BLV-KPBS/228,Gorden krem,unit,,,
454,26,2,INV/BLV-KPBS/229,Kursi meni/pedi,pcs,,,
455,26,2,INV/BLV-KPBS/230,Rak besi kuning putih,pcs,,,
456,26,2,INV/BLV-KPBS/231,Pot stainless,pcs,,,
457,26,2,INV/BLV-KPBS/232,Set meja kaca hias tinggi,unit,,,
458,26,2,INV/BLV-KPBS/233,Set meja kaca hias pendek,unit,,,
459,26,2,INV/BLV-KPBS/234,Kursi salon hitam,pcs,,,
460,26,2,INV/BLV-KPBS/235,Kursi tunggu ,pcs,,,
461,26,2,INV/BLV-KPBS/236,Kursi lantai plastik kuning,pcs,,,
462,26,2,INV/BLV-KPBS/237,Jam dinding,pcs,,,
463,26,2,INV/BLV-KPBS/238,Rak susun 5 besi kaca besar,pcs,,,
464,26,2,INV/BLV-KPBS/239,Tower fan besar,pcs,,,
465,26,2,INV/BLV-KPBS/240,AC portable,unit,,,
466,26,2,INV/BLV-KPBS/241,Hair stimer (meishida),unit,,,
467,26,2,INV/BLV-KPBS/242,Kipas angin besar,unit,,,
468,26,2,INV/BLV-KPBS/243,Kursi keramas,unit,,,
469,26,2,INV/BLV-KPBS/244,Rak kayu susun 3,pcs,,,
470,26,2,INV/BLV-KPBS/245,Trolli /rak plastik putih,pcs,,,
471,26,2,INV/BLV-KPBS/246,Catok makarizo,pcs,,,
472,26,2,INV/BLV-KPBS/247,Hairdrayer megumi,pcs,,,
473,26,2,INV/BLV-KPBS/248,Catok hikari,pcs,,,
474,26,2,INV/BLV-KPBS/249,Hairdrayer tuft,pcs,,,
475,26,2,INV/BLV-KPBS/250,Jepit rambut hitam,pcs,,,
476,26,2,INV/BLV-KPBS/251,Sisir semir,pcs,,,
477,26,2,INV/BLV-KPBS/252,Sisir biru,pcs,,,
478,26,2,INV/BLV-KPBS/253,Sisir potong hitam,pcs,,,
479,27,2,INV/BLV-KPBS/254,Karpet coklat,pcs,,,
480,27,2,INV/BLV-KPBS/255,Rak rukuh,pcs,,,
481,27,2,INV/BLV-KPBS/256,Meja baca Al-qur'an,pcs,,,
482,27,2,INV/BLV-KPBS/257,Kaca dinding,pcs,,,
483,27,2,INV/BLV-KPBS/258,Kaligrafi besar,pcs,,,
484,27,2,INV/BLV-KPBS/259,Kaligrafi kecil,pcs,,,
485,27,2,INV/BLV-KPBS/260,Kursi sudut kayu busa,unit,,,
486,27,2,INV/BLV-KPBS/261,kipas dinding,pcs,,,
487,27,2,INV/BLV-KPBS/262,Papan red code,unit,,,
488,27,2,INV/BLV-KPBS/263,APAR,pcs,,,
489,28,2,INV/BLV-KPBS/264,Sofa hijau,pcs,,,
490,28,2,INV/BLV-KPBS/265,Meja marmer oval kecil,pcs,,,
491,28,2,INV/BLV-KPBS/266,Rak 3 susun krem,pcs,,,
492,28,2,INV/BLV-KPBS/267,Steam Stabilizer,unit,,,
493,29,2,INV/BLV-KPBS/268,Rak putih besar besi,pcs,,,
494,29,2,INV/BLV-KPBS/269,Loker karyawan putih,pcs,,,
495,29,2,INV/BLV-KPBS/270,Kipas angin dinding,pcs,,,
496,29,2,INV/BLV-KPBS/271,Jam dinding,pcs,,,
497,29,2,INV/BLV-KPBS/272,Autoclave,unit,,,
498,29,2,INV/BLV-KPBS/273,Dry cabinet,unit,,,
499,29,2,INV/BLV-KPBS/274,Sterilizer meisida,unit,,,
500,30,2,INV/BLV-KPBS/275,AC split daikin,unit,,,
501,30,2,INV/BLV-KPBS/276,TV tcl,unit,,,
502,30,2,INV/BLV-KPBS/277,Jam dinding,pcs,,,
503,30,2,INV/BLV-KPBS/278,Hanger,pcs,,,
504,30,2,INV/BLV-KPBS/279,Meja wastafel,unit,,,
505,30,2,INV/BLV-KPBS/280,Disfuser kuning,pcs,,,
506,30,2,INV/BLV-KPBS/281,Cermin bulat,pcs,,,
507,30,2,INV/BLV-KPBS/282,Stavolt,pcs,,,
508,30,2,INV/BLV-KPBS/283,Tempat sampah,pcs,,,
509,30,2,INV/BLV-KPBS/284,Bed pasien,unit,,,
510,30,2,INV/BLV-KPBS/285,Kursi sofa coklat,pcs,,,
511,30,2,INV/BLV-KPBS/286,trolli tindakan putih,unit,,,
512,30,2,INV/BLV-KPBS/287,Kursi therapis,pcs,,,
513,30,2,INV/BLV-KPBS/288,Kaca dinding kotak,pcs,,,
514,30,2,INV/BLV-KPBS/289,Sandal pasien coklat,pcs,,,
515,30,2,INV/BLV-KPBS/290,Vitras,pcs,,,
516,31,2,INV/BLV-KPBS/291,AC split daikin,unit,,,
517,31,2,INV/BLV-KPBS/292,TV tcl,unit,,,
518,31,2,INV/BLV-KPBS/293,Jam dinding,pcs,,,
519,31,2,INV/BLV-KPBS/294,Hanger,pcs,,,
520,31,2,INV/BLV-KPBS/295,Meja wastafel,unit,,,
521,31,2,INV/BLV-KPBS/296,Disfuser kuning,pcs,,,
522,31,2,INV/BLV-KPBS/297,Cermin bulat,pcs,,,
523,31,2,INV/BLV-KPBS/298,Stavolt,pcs,,,
524,31,2,INV/BLV-KPBS/299,Emengency kit,unit,,,
525,31,2,INV/BLV-KPBS/300,Tempat sampah,pcs,,,
526,31,2,INV/BLV-KPBS/301,Bed pasien,unit,,,
527,31,2,INV/BLV-KPBS/302,Kursi sofa coklat,pcs,,,
528,31,2,INV/BLV-KPBS/303,Trolli tindakan putih,unit,,,
529,31,2,INV/BLV-KPBS/304,Kursi therapis,pcs,,,
530,31,2,INV/BLV-KPBS/305,Kaca dinding kotak,pcs,,,
531,31,2,INV/BLV-KPBS/306,Sandal pasien coklat,pcs,,,
532,31,2,INV/BLV-KPBS/307,Vitras,pcs,,,
533,32,2,INV/BLV-KPBS/308,Meja besi kuning panjang,pcs,,,
534,32,2,INV/BLV-KPBS/309,Rak/trolli besi putih,pcs,,,
535,32,2,INV/BLV-KPBS/310,Kursi therapis,pcs,,,
536,32,2,INV/BLV-KPBS/311,Kursi bulat merah,pcs,,,
537,32,2,INV/BLV-KPBS/312,Tempat sampah,pcs,,,
538,32,2,INV/BLV-KPBS/313,Whiteboard,unit,,,
539,32,2,INV/BLV-KPBS/314,Gorden coklat,unit,,,
540,32,2,INV/BLV-KPBS/315,Trolli tindakan,unit,,,
541,32,2,INV/BLV-KPBS/316,Meja marmer besi kuning,pcs,,,
542,32,2,INV/BLV-KPBS/317,Tempat sampah plastik abu-abu,pcs,,,
543,32,2,INV/BLV-KPBS/318,Kursi plastik putih,pcs,,,
544,32,2,INV/BLV-KPBS/319,Hanger,pcs,,,
545,32,2,INV/BLV-KPBS/320,Kaca dinding oval,pcs,,,
546,32,2,INV/BLV-KPBS/321,AC split daikin,unit,,,
547,32,2,INV/BLV-KPBS/322,Bed pasien,unit,,,
548,32,2,INV/BLV-KPBS/323,Sandal pasien coklat,pcs,,,
549,32,2,INV/BLV-KPBS/324,Kursi therapis,pcs,,,
550,32,2,INV/BLV-KPBS/325,Lampu tindakan,pcs,,,
551,32,2,INV/BLV-KPBS/326,Gorden coklat,unit,,,
552,32,2,INV/BLV-KPBS/327,Trolli tindakan,unit,,,
553,32,2,INV/BLV-KPBS/328,Meja marmer besi kuning,pcs,,,
554,32,2,INV/BLV-KPBS/329,Tempat sampah plastik abu-abu,pcs,,,
555,32,2,INV/BLV-KPBS/330,Hanger,pcs,,,
556,32,2,INV/BLV-KPBS/331,Kaca dinding oval,pcs,,,
557,32,2,INV/BLV-KPBS/332,Bed pasien,unit,,,
558,32,2,INV/BLV-KPBS/333,Sandal pasien pink,pcs,,,
559,32,2,INV/BLV-KPBS/334,Kursi therapis,pcs,,,
560,32,2,INV/BLV-KPBS/335,Lampu tindakan,pcs,,,
561,32,2,INV/BLV-KPBS/336,Gorden coklat,unit,,,
562,32,2,INV/BLV-KPBS/337,Tempat sampah plastik abu-abu,pcs,,,
563,32,2,INV/BLV-KPBS/338,Hanger,pcs,,,
564,32,2,INV/BLV-KPBS/339,Kaca dinding oval,pcs,,,
565,32,2,INV/BLV-KPBS/340,Bed pasien,unit,,,
566,32,2,INV/BLV-KPBS/341,Kursi therapis,pcs,,,
567,32,2,INV/BLV-KPBS/342,Lampu tindakan,pcs,,,
568,32,2,INV/BLV-KPBS/343,Loker bawah bed,pcs,,,
569,32,2,INV/BLV-KPBS/344,Gorden coklat,unit,,,
570,32,2,INV/BLV-KPBS/345,Tempat sampah plastik abu-abu,pcs,,,
571,32,2,INV/BLV-KPBS/346,Hanger,pcs,,,
572,32,2,INV/BLV-KPBS/347,Kaca dinding oval,pcs,,,
573,32,2,INV/BLV-KPBS/348,Bed pasien,unit,,,
574,32,2,INV/BLV-KPBS/349,Lampu tindakan,pcs,,,
575,32,2,INV/BLV-KPBS/350,Loker bawah bed,pcs,,,
576,32,2,INV/BLV-KPBS/351,Gorden coklat,unit,,,
577,32,2,INV/BLV-KPBS/352,Tempat sampah plastik abu-abu,pcs,,,
578,32,2,INV/BLV-KPBS/353,Hanger,pcs,,,
579,32,2,INV/BLV-KPBS/354,Bed pasien,unit,,,
580,32,2,INV/BLV-KPBS/355,Loker bawah bed,pcs,,,
581,32,2,INV/BLV-KPBS/356,Kursi therapis,pcs,,,
582,32,2,INV/BLV-KPBS/357,Lampu tindakan,pcs,,,
583,32,2,INV/BLV-KPBS/358,Gorden coklat,unit,,,
584,32,2,INV/BLV-KPBS/359,Tempat sampah plastik abu-abu,pcs,,,
585,32,2,INV/BLV-KPBS/360,Hanger,pcs,,,
586,32,2,INV/BLV-KPBS/361,Trolli tindakan,unit,,,
587,32,2,INV/BLV-KPBS/362,Meja marmer besi kuning,pcs,,,
588,32,2,INV/BLV-KPBS/363,Kaca dinding oval,pcs,,,
589,32,2,INV/BLV-KPBS/364,Bed pasien,pcs,,,
590,32,2,INV/BLV-KPBS/365,Sandal pasien coklat,pcs,,,
591,32,2,INV/BLV-KPBS/366,Kursi therapis,pcs,,,
592,32,2,INV/BLV-KPBS/367,Kursi plastik putih,pcs,,,
593,32,2,INV/BLV-KPBS/368,Lampu tindakan,pcs,,,
594,32,2,INV/BLV-KPBS/369,Couter GDZ9651B,unit,,,
595,32,2,INV/BLV-KPBS/370,Tens,unit,,,
596,32,2,INV/BLV-KPBS/371,Lampu PDT,unit,,,
597,32,2,INV/BLV-KPBS/372,HF,unit,,,
598,32,2,INV/BLV-KPBS/373,Hifu,unit,,,
599,32,2,INV/BLV-KPBS/374,Mikro dermabrasion (bio curve),unit,,,
600,32,2,INV/BLV-KPBS/375,Oxi spray (omega),unit,,,
601,32,2,INV/BLV-KPBS/376,RF tripolar (pologen),unit,,,
602,32,2,INV/BLV-KPBS/377,Steam wajah (takeda),unit,,,
603,32,2,INV/BLV-KPBS/378,Aqua injektor,unit,,,
604,32,2,INV/BLV-KPBS/379,RF sinesion,unit,,,
605,32,2,INV/BLV-KPBS/380,IPL (RUIKD),unit,,,
606,32,2,INV/BLV-KPBS/381,Laser (RUIKD),unit,,,
607,32,2,INV/BLV-KPBS/382,Laser CO2 (fotona),unit,,,
608,32,2,INV/BLV-KPBS/383,Tempat sampah plastik abu-abu,pcs,,,
609,32,2,INV/BLV-KPBS/384,Tempat linen kuning,pcs,,,
610,32,2,INV/BLV-KPBS/385,Box merah jarum nide,pcs,,,
611,32,2,INV/BLV-KPBS/386,Trolli alat/tindakan putih,unit,,,
612,32,2,INV/BLV-KPBS/387,Trolli dokter stainless,unit,,,
613,32,2,INV/BLV-KPBS/388,Tempat kassa stainless,pcs,,,
614,32,2,INV/BLV-KPBS/389,Tempat jarum,pcs,,,
615,32,2,INV/BLV-KPBS/390,Beauty bar kuning,unit,,,
616,32,2,INV/BLV-KPBS/391,Beauty bar kepala 2,unit,,,
617,32,2,INV/BLV-KPBS/392,Trolli plastik putih,unit,,,
618,32,2,INV/BLV-KPBS/393,Cermin kotak besar,pcs,,,
619,32,2,INV/BLV-KPBS/394,Meja  wastafel,unit,,,
620,32,2,INV/BLV-KPBS/395,Lampu duduk kuning,pcs,,,
621,32,2,INV/BLV-KPBS/396,Kulkas 2 pintu,unit,,,
622,32,2,INV/BLV-KPBS/397,Gorden coklat,unit,,,
623,32,2,INV/BLV-KPBS/398,Aqua peel,unit,,,
624,32,2,INV/BLV-KPBS/399,Pico laser Binuclear,unit,,,
625,33,2,INV/BLV-BCL/001,Tempat Tidur,unit,,,
626,33,2,INV/BLV-BCL/002,Kasur Springbed,pcs,,,
627,33,2,INV/BLV-BCL/003,Bantal dakron,pcs,,,
628,33,2,INV/BLV-BCL/004,Guling Dakron,pcs,,,
629,33,2,INV/BLV-BCL/005,Almari pakaian,unit,,,
630,33,2,INV/BLV-BCL/006,Meja belajar,unit,,,
631,33,2,INV/BLV-BCL/007,Kursi,pcs,,,
632,33,2,INV/BLV-BCL/008,Ambalan TV,unit,,,
633,33,2,INV/BLV-BCL/009,TV changhong 32inch,unit,,,
634,33,2,INV/BLV-BCL/010,AC split daikin 1/2 pk,unit,,,
635,33,2,INV/BLV-BCL/011,Piring,pcs,,,
636,33,2,INV/BLV-BCL/012,Mug,pcs,,,
637,33,2,INV/BLV-BCL/013,Mangkok,pcs,,,
638,33,2,INV/BLV-BCL/014,Set sendok,pcs,,,
639,33,2,INV/BLV-BCL/015,Water heater,unit,,,
640,34,2,INV/BLV-BCL/016,Tempat Tidur,unit,,,
641,34,2,INV/BLV-BCL/017,Kasur Springbed,pcs,,,
642,34,2,INV/BLV-BCL/018,Bantal dakron,pcs,,,
643,34,2,INV/BLV-BCL/019,Guling Dakron,pcs,,,
644,34,2,INV/BLV-BCL/020,Almari pakaian,unit,,,
645,34,2,INV/BLV-BCL/021,Meja belajar,unit,,,
646,34,2,INV/BLV-BCL/022,Kursi,pcs,,,
647,34,2,INV/BLV-BCL/023,Ambalan TV,unit,,,
648,34,2,INV/BLV-BCL/024,TV  32inch,unit,,,
649,34,2,INV/BLV-BCL/025,AC split daikin 1/2 pk,unit,,,
650,34,2,INV/BLV-BCL/026,Piring,pcs,,,
651,34,2,INV/BLV-BCL/027,Mug,pcs,,,
652,34,2,INV/BLV-BCL/028,Mangkok,pcs,,,
653,34,2,INV/BLV-BCL/029,Set sendok,pcs,,,
654,34,2,INV/BLV-BCL/030,Water heater,unit,,,
655,35,2,INV/BLV-BCL/031,Tempat Tidur,unit,,,
656,35,2,INV/BLV-BCL/032,Kasur Springbed,pcs,,,
657,35,2,INV/BLV-BCL/033,Bantal dakron,pcs,,,
658,35,2,INV/BLV-BCL/034,Guling Dakron,pcs,,,
659,35,2,INV/BLV-BCL/035,Almari pakaian,unit,,,
660,35,2,INV/BLV-BCL/036,Meja belajar,unit,,,
661,35,2,INV/BLV-BCL/037,Kursi,pcs,,,
662,35,2,INV/BLV-BCL/038,Ambalan TV,unit,,,
663,35,2,INV/BLV-BCL/039,TV  32inch,unit,,,
664,35,2,INV/BLV-BCL/040,AC split daikin 1/2 pk,unit,,,
665,35,2,INV/BLV-BCL/041,Piring,pcs,,,
666,35,2,INV/BLV-BCL/042,Mug,pcs,,,
667,35,2,INV/BLV-BCL/043,Mangkok,pcs,,,
668,35,2,INV/BLV-BCL/044,Set sendok,pcs,,,
669,35,2,INV/BLV-BCL/045,Water heater,unit,,,
670,36,2,INV/BLV-BCL/046,Tempat Tidur,unit,,,
671,36,2,INV/BLV-BCL/047,Kasur Springbed,pcs,,,
672,36,2,INV/BLV-BCL/048,Bantal dakron,pcs,,,
673,36,2,INV/BLV-BCL/049,Guling Dakron,pcs,,,
674,36,2,INV/BLV-BCL/050,Almari pakaian,unit,,,
675,36,2,INV/BLV-BCL/051,Meja belajar,unit,,,
676,36,2,INV/BLV-BCL/052,Kursi,pcs,,,
677,36,2,INV/BLV-BCL/053,Ambalan TV,unit,,,
678,36,2,INV/BLV-BCL/054,TV  32inch,unit,,,
679,36,2,INV/BLV-BCL/055,AC split daikin 1/2 pk,unit,,,
680,36,2,INV/BLV-BCL/056,Piring,pcs,,,
681,36,2,INV/BLV-BCL/057,Mug,pcs,,,
682,36,2,INV/BLV-BCL/058,Mangkok,pcs,,,
683,36,2,INV/BLV-BCL/059,Set sendok,pcs,,,
684,36,2,INV/BLV-BCL/060,Water heater,unit,,,
685,37,2,INV/BLV-BCL/061,Tempat Tidur,unit,,,
686,37,2,INV/BLV-BCL/062,Kasur Springbed,pcs,,,
687,37,2,INV/BLV-BCL/063,Bantal dakron,pcs,,,
688,37,2,INV/BLV-BCL/064,Guling Dakron,pcs,,,
689,37,2,INV/BLV-BCL/065,Almari pakaian,unit,,,
690,37,2,INV/BLV-BCL/066,Meja belajar,unit,,,
691,37,2,INV/BLV-BCL/067,Kursi,pcs,,,
692,37,2,INV/BLV-BCL/068,Ambalan TV,unit,,,
693,37,2,INV/BLV-BCL/069,TV  32inch,unit,,,
694,37,2,INV/BLV-BCL/070,AC split daikin 1/2 pk,unit,,,
695,37,2,INV/BLV-BCL/071,Piring,pcs,,,
696,37,2,INV/BLV-BCL/072,Mug,pcs,,,
697,37,2,INV/BLV-BCL/073,Mangkok,pcs,,,
698,37,2,INV/BLV-BCL/074,Set sendok,pcs,,,
699,37,2,INV/BLV-BCL/075,Water heater,unit,,,
700,38,2,INV/BLV-BCL/076,Tempat Tidur,unit,,,
701,38,2,INV/BLV-BCL/077,Kasur Springbed,pcs,,,
702,38,2,INV/BLV-BCL/078,Bantal dakron,pcs,,,
703,38,2,INV/BLV-BCL/079,Guling Dakron,pcs,,,
704,38,2,INV/BLV-BCL/080,Almari pakaian,unit,,,
705,38,2,INV/BLV-BCL/081,Meja belajar,unit,,,
706,38,2,INV/BLV-BCL/082,Kursi,pcs,,,
707,38,2,INV/BLV-BCL/083,Ambalan TV,unit,,,
708,38,2,INV/BLV-BCL/084,TV  32inch,unit,,,
709,38,2,INV/BLV-BCL/085,AC split daikin 1/2 pk,unit,,,
710,38,2,INV/BLV-BCL/086,Piring,pcs,,,
711,38,2,INV/BLV-BCL/087,Mug,pcs,,,
712,38,2,INV/BLV-BCL/088,Mangkok,pcs,,,
713,38,2,INV/BLV-BCL/089,Set sendok,pcs,,,
714,38,2,INV/BLV-BCL/090,Water heater,unit,,,
715,39,2,INV/BLV-BCL/091,Tempat Tidur,unit,,,
716,39,2,INV/BLV-BCL/092,Kasur Springbed,pcs,,,
717,39,2,INV/BLV-BCL/093,Bantal dakron,pcs,,,
718,39,2,INV/BLV-BCL/094,Guling Dakron,pcs,,,
719,39,2,INV/BLV-BCL/095,Almari pakaian,unit,,,
720,39,2,INV/BLV-BCL/096,Meja belajar,unit,,,
721,39,2,INV/BLV-BCL/097,Kursi,pcs,,,
722,39,2,INV/BLV-BCL/098,Ambalan TV,unit,,,
723,39,2,INV/BLV-BCL/099,TV  32inch,unit,,,
724,39,2,INV/BLV-BCL/100,AC split daikin 1/2 pk,unit,,,
725,39,2,INV/BLV-BCL/101,Piring,pcs,,,
726,39,2,INV/BLV-BCL/102,Mug,pcs,,,
727,39,2,INV/BLV-BCL/103,Mangkok,pcs,,,
728,39,2,INV/BLV-BCL/104,Set sendok,pcs,,,
729,39,2,INV/BLV-BCL/105,Water heater,unit,,,
730,40,2,INV/BLV-BCL/106,Tempat Tidur,unit,,,
731,40,2,INV/BLV-BCL/107,Kasur Springbed,pcs,,,
732,40,2,INV/BLV-BCL/108,Bantal dakron,pcs,,,
733,40,2,INV/BLV-BCL/109,Guling Dakron,pcs,,,
734,40,2,INV/BLV-BCL/110,Almari pakaian,unit,,,
735,40,2,INV/BLV-BCL/111,Meja belajar,unit,,,
736,40,2,INV/BLV-BCL/112,Kursi,pcs,,,
737,40,2,INV/BLV-BCL/113,Ambalan TV,unit,,,
738,40,2,INV/BLV-BCL/114,TV  32inch,unit,,,
739,40,2,INV/BLV-BCL/115,AC split daikin 1/2 pk,unit,,,
740,40,2,INV/BLV-BCL/116,Piring,pcs,,,
741,40,2,INV/BLV-BCL/117,Mug,pcs,,,
742,40,2,INV/BLV-BCL/118,Mangkok,pcs,,,
743,40,2,INV/BLV-BCL/119,Set sendok,pcs,,,
744,40,2,INV/BLV-BCL/120,Water heater,unit,,,
745,41,2,INV/BLV-BCL/121,Tempat Tidur,unit,,,
746,41,2,INV/BLV-BCL/122,Kasur Springbed,pcs,,,
747,41,2,INV/BLV-BCL/123,Bantal dakron,pcs,,,
748,41,2,INV/BLV-BCL/124,Guling Dakron,pcs,,,
749,41,2,INV/BLV-BCL/125,Almari pakaian,unit,,,
750,41,2,INV/BLV-BCL/126,Meja belajar,unit,,,
751,41,2,INV/BLV-BCL/127,Kursi,pcs,,,
752,41,2,INV/BLV-BCL/128,Ambalan TV,unit,,,
753,41,2,INV/BLV-BCL/129,TV  32inch,unit,,,
754,41,2,INV/BLV-BCL/130,AC split daikin 1/2 pk,unit,,,
755,41,2,INV/BLV-BCL/131,Piring,pcs,,,
756,41,2,INV/BLV-BCL/132,Mug,pcs,,,
757,41,2,INV/BLV-BCL/133,Mangkok,pcs,,,
758,41,2,INV/BLV-BCL/134,Set sendok,pcs,,,
759,41,2,INV/BLV-BCL/135,Water heater,unit,,,
760,42,2,INV/BLV-BCL/136,Tempat Tidur,unit,,,
761,42,2,INV/BLV-BCL/137,Kasur Springbed,pcs,,,
762,42,2,INV/BLV-BCL/138,Bantal dakron,pcs,,,
763,42,2,INV/BLV-BCL/139,Guling Dakron,pcs,,,
764,42,2,INV/BLV-BCL/140,Almari pakaian,unit,,,
765,42,2,INV/BLV-BCL/141,Meja belajar,unit,,,
766,42,2,INV/BLV-BCL/142,Kursi,pcs,,,
767,42,2,INV/BLV-BCL/143,Ambalan TV,unit,,,
768,42,2,INV/BLV-BCL/144,TV  32inch,unit,,,
769,42,2,INV/BLV-BCL/145,AC split daikin 1/2 pk,unit,,,
770,42,2,INV/BLV-BCL/146,Piring,pcs,,,
771,42,2,INV/BLV-BCL/147,Mug,pcs,,,
772,42,2,INV/BLV-BCL/148,Mangkok,pcs,,,
773,42,2,INV/BLV-BCL/149,Set sendok,pcs,,,
774,42,2,INV/BLV-BCL/150,Water heater,unit,,,
775,43,2,INV/BLV-BCL/151,Tempat Tidur,unit,,,
776,43,2,INV/BLV-BCL/152,Kasur Springbed,pcs,,,
777,43,2,INV/BLV-BCL/153,Bantal dakron,pcs,,,
778,43,2,INV/BLV-BCL/154,Guling Dakron,pcs,,,
779,43,2,INV/BLV-BCL/155,Almari pakaian,unit,,,
780,43,2,INV/BLV-BCL/156,Meja belajar,unit,,,
781,43,2,INV/BLV-BCL/157,Kursi,pcs,,,
782,43,2,INV/BLV-BCL/158,Ambalan TV,unit,,,
783,43,2,INV/BLV-BCL/159,TV  32inch,unit,,,
784,43,2,INV/BLV-BCL/160,AC split daikin 1/2 pk,unit,,,
785,43,2,INV/BLV-BCL/161,Piring,pcs,,,
786,43,2,INV/BLV-BCL/162,Mug,pcs,,,
787,43,2,INV/BLV-BCL/163,Mangkok,pcs,,,
788,43,2,INV/BLV-BCL/164,Set sendok,pcs,,,
789,43,2,INV/BLV-BCL/165,Water heater,unit,,,
790,44,2,INV/BLV-BCL/166,Tempat Tidur,unit,,,
791,44,2,INV/BLV-BCL/167,Kasur Springbed,pcs,,,
792,44,2,INV/BLV-BCL/168,Bantal dakron,pcs,,,
793,44,2,INV/BLV-BCL/169,Guling Dakron,pcs,,,
794,44,2,INV/BLV-BCL/170,Almari pakaian,unit,,,
795,44,2,INV/BLV-BCL/171,Meja belajar,unit,,,
796,44,2,INV/BLV-BCL/172,Kursi,pcs,,,
797,44,2,INV/BLV-BCL/173,Ambalan TV,unit,,,
798,44,2,INV/BLV-BCL/174,TV  32inch,unit,,,
799,44,2,INV/BLV-BCL/175,AC split daikin 1/2 pk,unit,,,
800,44,2,INV/BLV-BCL/176,Piring,pcs,,,
801,44,2,INV/BLV-BCL/177,Mug,pcs,,,
802,44,2,INV/BLV-BCL/178,Mangkok,pcs,,,
803,44,2,INV/BLV-BCL/179,Set sendok,pcs,,,
804,44,2,INV/BLV-BCL/180,Water heater,unit,,,
805,45,2,INV/BLV-BCL/181,Tempat Tidur,unit,,,
806,45,2,INV/BLV-BCL/182,Kasur Springbed,pcs,,,
807,45,2,INV/BLV-BCL/183,Bantal dakron,pcs,,,
808,45,2,INV/BLV-BCL/184,Guling Dakron,pcs,,,
809,45,2,INV/BLV-BCL/185,Almari pakaian,unit,,,
810,45,2,INV/BLV-BCL/186,Meja belajar,unit,,,
811,45,2,INV/BLV-BCL/187,Kursi,pcs,,,
812,45,2,INV/BLV-BCL/188,Ambalan TV,unit,,,
813,45,2,INV/BLV-BCL/189,TV  32inch,unit,,,
814,45,2,INV/BLV-BCL/190,AC split daikin 1/2 pk,unit,,,
815,45,2,INV/BLV-BCL/191,Piring,pcs,,,
816,45,2,INV/BLV-BCL/192,Mug,pcs,,,
817,45,2,INV/BLV-BCL/193,Mangkok,pcs,,,
818,45,2,INV/BLV-BCL/194,Set sendok,pcs,,,
819,45,2,INV/BLV-BCL/195,Water heater,unit,,,
820,46,2,INV/BLV-BCL/196,Tempat Tidur,unit,,,
821,46,2,INV/BLV-BCL/197,Kasur Springbed,pcs,,,
822,46,2,INV/BLV-BCL/198,Bantal dakron,pcs,,,
823,46,2,INV/BLV-BCL/199,Guling Dakron,pcs,,,
824,46,2,INV/BLV-BCL/200,Almari pakaian,unit,,,
825,46,2,INV/BLV-BCL/201,Meja belajar,unit,,,
826,46,2,INV/BLV-BCL/202,Kursi,pcs,,,
827,46,2,INV/BLV-BCL/203,Ambalan TV,unit,,,
828,46,2,INV/BLV-BCL/204,TV  32inch,unit,,,
829,46,2,INV/BLV-BCL/205,AC split daikin 1/2 pk,unit,,,
830,46,2,INV/BLV-BCL/206,Piring,pcs,,,
831,46,2,INV/BLV-BCL/207,Mug,pcs,,,
832,46,2,INV/BLV-BCL/208,Mangkok,pcs,,,
833,46,2,INV/BLV-BCL/209,Set sendok,pcs,,,
834,46,2,INV/BLV-BCL/210,Water heater,unit,,,
835,47,2,INV/BLV-BCL/211,Tempat Tidur,unit,,,
836,47,2,INV/BLV-BCL/212,Kasur Springbed,pcs,,,
837,47,2,INV/BLV-BCL/213,Bantal dakron,pcs,,,
838,47,2,INV/BLV-BCL/214,Guling Dakron,pcs,,,
839,47,2,INV/BLV-BCL/215,Almari pakaian,unit,,,
840,47,2,INV/BLV-BCL/216,Meja belajar,unit,,,
841,47,2,INV/BLV-BCL/217,Kursi,pcs,,,
842,47,2,INV/BLV-BCL/218,Ambalan TV,unit,,,
843,47,2,INV/BLV-BCL/219,TV  32inch,unit,,,
844,47,2,INV/BLV-BCL/220,AC split daikin 1/2 pk,unit,,,
845,47,2,INV/BLV-BCL/221,Piring,pcs,,,
846,47,2,INV/BLV-BCL/222,Mug,pcs,,,
847,47,2,INV/BLV-BCL/223,Mangkok,pcs,,,
848,47,2,INV/BLV-BCL/224,Set sendok,pcs,,,
849,47,2,INV/BLV-BCL/225,Water heater,unit,,,
850,48,2,INV/BLV-BCL/226,Tempat Tidur,unit,,,
851,48,2,INV/BLV-BCL/227,Kasur Springbed,pcs,,,
852,48,2,INV/BLV-BCL/228,Bantal dakron,pcs,,,
853,48,2,INV/BLV-BCL/229,Guling Dakron,pcs,,,
854,48,2,INV/BLV-BCL/230,Almari pakaian,unit,,,
855,48,2,INV/BLV-BCL/231,Meja belajar,unit,,,
856,48,2,INV/BLV-BCL/232,Kursi,pcs,,,
857,48,2,INV/BLV-BCL/233,Ambalan TV,unit,,,
858,48,2,INV/BLV-BCL/234,TV  32inch,unit,,,
859,48,2,INV/BLV-BCL/235,AC split daikin 1/2 pk,unit,,,
860,48,2,INV/BLV-BCL/236,Piring,pcs,,,
861,48,2,INV/BLV-BCL/237,Mug,pcs,,,
862,48,2,INV/BLV-BCL/238,Mangkok,pcs,,,
863,48,2,INV/BLV-BCL/239,Set sendok,pcs,,,
864,48,2,INV/BLV-BCL/240,Water heater,unit,,,
865,49,2,INV/BLV-BCL/241,Tempat Tidur,unit,,,
866,49,2,INV/BLV-BCL/242,Kasur Springbed,pcs,,,
867,49,2,INV/BLV-BCL/243,Bantal dakron,pcs,,,
868,49,2,INV/BLV-BCL/244,Guling Dakron,pcs,,,
869,49,2,INV/BLV-BCL/245,Almari pakaian,unit,,,
870,49,2,INV/BLV-BCL/246,Meja belajar,unit,,,
871,49,2,INV/BLV-BCL/247,Kursi,pcs,,,
872,49,2,INV/BLV-BCL/248,Ambalan TV,unit,,,
873,49,2,INV/BLV-BCL/249,TV  32inch,unit,,,
874,49,2,INV/BLV-BCL/250,AC split daikin 1/2 pk,unit,,,
875,49,2,INV/BLV-BCL/251,Piring,pcs,,,
876,49,2,INV/BLV-BCL/252,Mug,pcs,,,
877,49,2,INV/BLV-BCL/253,Mangkok,pcs,,,
878,49,2,INV/BLV-BCL/254,Set sendok,pcs,,,
879,49,2,INV/BLV-BCL/255,Water heater,unit,,,
880,50,2,INV/BLV-BCL/256,Tempat Tidur,unit,,,
881,50,2,INV/BLV-BCL/257,Kasur Springbed,pcs,,,
882,50,2,INV/BLV-BCL/258,Bantal dakron,pcs,,,
883,50,2,INV/BLV-BCL/259,Guling Dakron,pcs,,,
884,50,2,INV/BLV-BCL/260,Almari pakaian,unit,,,
885,50,2,INV/BLV-BCL/261,Meja belajar,unit,,,
886,50,2,INV/BLV-BCL/262,Kursi,pcs,,,
887,50,2,INV/BLV-BCL/263,Ambalan TV,unit,,,
888,50,2,INV/BLV-BCL/264,TV  32inch,unit,,,
889,50,2,INV/BLV-BCL/265,AC split daikin 1/2 pk,unit,,,
890,50,2,INV/BLV-BCL/266,Piring,pcs,,,
891,50,2,INV/BLV-BCL/267,Mug,pcs,,,
892,50,2,INV/BLV-BCL/268,Mangkok,pcs,,,
893,50,2,INV/BLV-BCL/269,Set sendok,pcs,,,
894,50,2,INV/BLV-BCL/270,Water heater,unit,,,
895,51,2,INV/BLV-BCL/271,Tempat Tidur,unit,,,
896,51,2,INV/BLV-BCL/272,Kasur Springbed,pcs,,,
897,51,2,INV/BLV-BCL/273,Bantal dakron,pcs,,,
898,51,2,INV/BLV-BCL/274,Guling Dakron,pcs,,,
899,51,2,INV/BLV-BCL/275,Almari pakaian,unit,,,
900,51,2,INV/BLV-BCL/276,Meja belajar,unit,,,
901,51,2,INV/BLV-BCL/277,Kursi,pcs,,,
902,51,2,INV/BLV-BCL/278,Ambalan TV,unit,,,
903,51,2,INV/BLV-BCL/279,TV  32inch,unit,,,
904,51,2,INV/BLV-BCL/280,AC split daikin 1/2 pk,unit,,,
905,51,2,INV/BLV-BCL/281,Piring,pcs,,,
906,51,2,INV/BLV-BCL/282,Mug,pcs,,,
907,51,2,INV/BLV-BCL/283,Mangkok,pcs,,,
908,51,2,INV/BLV-BCL/284,Set sendok,pcs,,,
909,51,2,INV/BLV-BCL/285,Water heater,unit,,,
910,52,2,INV/BLV-BCL/286,Tempat Tidur,unit,,,
911,52,2,INV/BLV-BCL/287,Kasur Springbed,pcs,,,
912,52,2,INV/BLV-BCL/288,Bantal dakron,pcs,,,
913,52,2,INV/BLV-BCL/289,Guling Dakron,pcs,,,
914,52,2,INV/BLV-BCL/290,Almari pakaian,unit,,,
915,52,2,INV/BLV-BCL/291,Meja belajar,unit,,,
916,52,2,INV/BLV-BCL/292,Kursi,pcs,,,
917,52,2,INV/BLV-BCL/293,Ambalan TV,unit,,,
918,52,2,INV/BLV-BCL/294,TV  32inch,unit,,,
919,52,2,INV/BLV-BCL/295,AC split daikin 1/2 pk,unit,,,
920,52,2,INV/BLV-BCL/296,Piring,pcs,,,
921,52,2,INV/BLV-BCL/297,Mug,pcs,,,
922,52,2,INV/BLV-BCL/298,Mangkok,pcs,,,
923,52,2,INV/BLV-BCL/299,Set sendok,pcs,,,
924,52,2,INV/BLV-BCL/300,Water heater,unit,,,
925,53,2,INV/BLV-BCL/301,Tempat Tidur,unit,,,
926,53,2,INV/BLV-BCL/302,Kasur Springbed,pcs,,,
927,53,2,INV/BLV-BCL/303,Bantal dakron,pcs,,,
928,53,2,INV/BLV-BCL/304,Guling Dakron,pcs,,,
929,53,2,INV/BLV-BCL/305,Almari pakaian,unit,,,
930,53,2,INV/BLV-BCL/306,Meja belajar,unit,,,
931,53,2,INV/BLV-BCL/307,Kursi,pcs,,,
932,53,2,INV/BLV-BCL/308,Ambalan TV,unit,,,
933,53,2,INV/BLV-BCL/309,TV  32inch,unit,,,
934,53,2,INV/BLV-BCL/310,AC split daikin 1/2 pk,unit,,,
935,53,2,INV/BLV-BCL/311,Piring,pcs,,,
936,53,2,INV/BLV-BCL/312,Mug,pcs,,,
937,53,2,INV/BLV-BCL/313,Mangkok,pcs,,,
938,53,2,INV/BLV-BCL/314,Set sendok,pcs,,,
939,53,2,INV/BLV-BCL/315,Water heater,unit,,,
940,54,2,INV/BLV-BCL/316,Tempat Tidur,unit,,,
941,54,2,INV/BLV-BCL/317,Kasur Springbed,pcs,,,
942,54,2,INV/BLV-BCL/318,Bantal dakron,pcs,,,
943,54,2,INV/BLV-BCL/319,Guling Dakron,pcs,,,
944,54,2,INV/BLV-BCL/320,Almari pakaian,unit,,,
945,54,2,INV/BLV-BCL/321,Meja belajar,unit,,,
946,54,2,INV/BLV-BCL/322,Kursi,pcs,,,
947,54,2,INV/BLV-BCL/323,Ambalan TV,unit,,,
948,54,2,INV/BLV-BCL/324,TV  32inch,unit,,,
949,54,2,INV/BLV-BCL/325,AC split daikin 1/2 pk,unit,,,
950,54,2,INV/BLV-BCL/326,Piring,pcs,,,
951,54,2,INV/BLV-BCL/327,Mug,pcs,,,
952,54,2,INV/BLV-BCL/328,Mangkok,pcs,,,
953,54,2,INV/BLV-BCL/329,Set sendok,pcs,,,
954,54,2,INV/BLV-BCL/330,Water heater,unit,,,
955,55,2,INV/BLV-BCL/331,Tempat Tidur,unit,,,
956,55,2,INV/BLV-BCL/332,Kasur Springbed,pcs,,,
957,55,2,INV/BLV-BCL/333,Bantal dakron,pcs,,,
958,55,2,INV/BLV-BCL/334,Guling Dakron,pcs,,,
959,55,2,INV/BLV-BCL/335,Almari pakaian,unit,,,
960,55,2,INV/BLV-BCL/336,Meja belajar,unit,,,
961,55,2,INV/BLV-BCL/337,Kursi,pcs,,,
962,55,2,INV/BLV-BCL/338,Ambalan TV,unit,,,
963,55,2,INV/BLV-BCL/339,TV  32inch,unit,,,
964,55,2,INV/BLV-BCL/340,AC split daikin 1/2 pk,unit,,,
965,55,2,INV/BLV-BCL/341,Piring,pcs,,,
966,55,2,INV/BLV-BCL/342,Mug,pcs,,,
967,55,2,INV/BLV-BCL/343,Mangkok,pcs,,,
968,55,2,INV/BLV-BCL/344,Set sendok,pcs,,,
969,55,2,INV/BLV-BCL/345,Water heater,unit,,,
970,56,2,INV/BLV-BCL/346,Tempat Tidur,unit,,,
971,56,2,INV/BLV-BCL/347,Kasur Springbed,pcs,,,
972,56,2,INV/BLV-BCL/348,Bantal dakron,pcs,,,
973,56,2,INV/BLV-BCL/349,Guling Dakron,pcs,,,
974,56,2,INV/BLV-BCL/350,Almari pakaian,unit,,,
975,56,2,INV/BLV-BCL/351,Meja belajar,unit,,,
976,56,2,INV/BLV-BCL/352,Kursi,pcs,,,
977,56,2,INV/BLV-BCL/353,Ambalan TV,unit,,,
978,56,2,INV/BLV-BCL/354,TV  32inch,unit,,,
979,56,2,INV/BLV-BCL/355,AC split daikin 1/2 pk,unit,,,
980,56,2,INV/BLV-BCL/356,Piring,pcs,,,
981,56,2,INV/BLV-BCL/357,Mug,pcs,,,
982,56,2,INV/BLV-BCL/358,Mangkok,pcs,,,
983,56,2,INV/BLV-BCL/359,Set sendok,pcs,,,
984,56,2,INV/BLV-BCL/360,Water heater,unit,,,
985,56,2,INV/BLV-BCL/361,Tempat Tidur,unit,,,
986,57,2,INV/BLV-BCL/362,Kasur Springbed,pcs,,,
987,57,2,INV/BLV-BCL/363,Bantal dakron,pcs,,,
988,57,2,INV/BLV-BCL/364,Guling Dakron,pcs,,,
989,57,2,INV/BLV-BCL/365,Almari pakaian,unit,,,
990,57,2,INV/BLV-BCL/366,Meja belajar,unit,,,
991,57,2,INV/BLV-BCL/367,Kursi,pcs,,,
992,57,2,INV/BLV-BCL/368,Ambalan TV,unit,,,
993,57,2,INV/BLV-BCL/369,TV  32inch,unit,,,
994,57,2,INV/BLV-BCL/370,AC split daikin 1/2 pk,unit,,,
995,57,2,INV/BLV-BCL/371,Piring,pcs,,,
996,57,2,INV/BLV-BCL/372,Mug,pcs,,,
997,57,2,INV/BLV-BCL/373,Mangkok,pcs,,,
998,57,2,INV/BLV-BCL/374,Set sendok,pcs,,,
999,57,2,INV/BLV-BCL/375,Water heater,unit,,,
1000,58,2,INV/BLV-BCL/376,Tempat Tidur,unit,,,
1001,58,2,INV/BLV-BCL/377,Kasur Springbed,pcs,,,
1002,58,2,INV/BLV-BCL/378,Bantal dakron,pcs,,,
1003,58,2,INV/BLV-BCL/379,Guling Dakron,pcs,,,
1004,58,2,INV/BLV-BCL/380,Almari pakaian,unit,,,
1005,58,2,INV/BLV-BCL/381,Meja belajar,unit,,,
1006,58,2,INV/BLV-BCL/382,Kursi,pcs,,,
1007,58,2,INV/BLV-BCL/383,Ambalan TV,unit,,,
1008,58,2,INV/BLV-BCL/384,TV  32inch,unit,,,
1009,58,2,INV/BLV-BCL/385,AC split daikin 1/2 pk,unit,,,
1010,58,2,INV/BLV-BCL/386,Piring,pcs,,,
1011,58,2,INV/BLV-BCL/387,Mug,pcs,,,
1012,58,2,INV/BLV-BCL/388,Mangkok,pcs,,,
1013,58,2,INV/BLV-BCL/389,Set sendok,pcs,,,
1014,58,2,INV/BLV-BCL/390,Water heater,unit,,,
1015,59,2,INV/BLV-BCL/391,Tempat Tidur,unit,,,
1016,59,2,INV/BLV-BCL/392,Kasur Springbed,pcs,,,
1017,59,2,INV/BLV-BCL/393,Bantal dakron,pcs,,,
1018,59,2,INV/BLV-BCL/394,Guling Dakron,pcs,,,
1019,59,2,INV/BLV-BCL/395,Almari pakaian,unit,,,
1020,59,2,INV/BLV-BCL/396,Meja belajar,unit,,,
1021,59,2,INV/BLV-BCL/397,Kursi,pcs,,,
1022,59,2,INV/BLV-BCL/398,Ambalan TV,unit,,,
1023,59,2,INV/BLV-BCL/399,TV  32inch,unit,,,
1024,59,2,INV/BLV-BCL/400,AC split daikin 1/2 pk,unit,,,
1025,59,2,INV/BLV-BCL/401,Piring,pcs,,,
1026,59,2,INV/BLV-BCL/402,Mug,pcs,,,
1027,59,2,INV/BLV-BCL/403,Mangkok,pcs,,,
1028,59,2,INV/BLV-BCL/404,Set sendok,pcs,,,
1029,59,2,INV/BLV-BCL/405,Water heater,unit,,,
1030,60,2,INV/BLV-BCL/406,Tempat Tidur,unit,,,
1031,60,2,INV/BLV-BCL/407,Kasur Springbed,pcs,,,
1032,60,2,INV/BLV-BCL/408,Bantal dakron,pcs,,,
1033,60,2,INV/BLV-BCL/409,Guling Dakron,pcs,,,
1034,60,2,INV/BLV-BCL/410,Almari pakaian,unit,,,
1035,60,2,INV/BLV-BCL/411,Meja belajar,unit,,,
1036,60,2,INV/BLV-BCL/412,Kursi,pcs,,,
1037,60,2,INV/BLV-BCL/413,Ambalan TV,unit,,,
1038,60,2,INV/BLV-BCL/414,TV  32inch,unit,,,
1039,60,2,INV/BLV-BCL/415,AC split daikin 1/2 pk,unit,,,
1040,60,2,INV/BLV-BCL/416,Piring,pcs,,,
1041,60,2,INV/BLV-BCL/417,Mug,pcs,,,
1042,60,2,INV/BLV-BCL/418,Mangkok,pcs,,,
1043,60,2,INV/BLV-BCL/419,Set sendok,pcs,,,
1044,60,2,INV/BLV-BCL/420,Water heater,unit,,,
1045,61,2,INV/BLV-BCL/421,Tempat Tidur,unit,,,
1046,61,2,INV/BLV-BCL/422,Kasur Springbed,pcs,,,
1047,61,2,INV/BLV-BCL/423,Bantal dakron,pcs,,,
1048,61,2,INV/BLV-BCL/424,Guling Dakron,pcs,,,
1049,61,2,INV/BLV-BCL/425,Almari pakaian,unit,,,
1050,61,2,INV/BLV-BCL/426,Meja belajar,unit,,,
1051,61,2,INV/BLV-BCL/427,Kursi,pcs,,,
1052,61,2,INV/BLV-BCL/428,Ambalan TV,unit,,,
1053,61,2,INV/BLV-BCL/429,TV  32inch,unit,,,
1054,61,2,INV/BLV-BCL/430,AC split daikin 1/2 pk,unit,,,
1055,61,2,INV/BLV-BCL/431,Piring,pcs,,,
1056,61,2,INV/BLV-BCL/432,Mug,pcs,,,
1057,61,2,INV/BLV-BCL/433,Mangkok,pcs,,,
1058,61,2,INV/BLV-BCL/434,Set sendok,pcs,,,
1059,61,2,INV/BLV-BCL/435,Water heater,unit,,,
1060,62,2,INV/BLV-BCL/436,Tempat Tidur,unit,,,
1061,62,2,INV/BLV-BCL/437,Kasur Springbed,pcs,,,
1062,62,2,INV/BLV-BCL/438,Bantal dakron,pcs,,,
1063,62,2,INV/BLV-BCL/439,Guling Dakron,pcs,,,
1064,62,2,INV/BLV-BCL/440,Almari pakaian,unit,,,
1065,62,2,INV/BLV-BCL/441,Meja belajar,unit,,,
1066,62,2,INV/BLV-BCL/442,Kursi,pcs,,,
1067,62,2,INV/BLV-BCL/443,Ambalan TV,unit,,,
1068,62,2,INV/BLV-BCL/444,TV  32inch,unit,,,
1069,62,2,INV/BLV-BCL/445,AC split daikin 1/2 pk,unit,,,
1070,62,2,INV/BLV-BCL/446,Piring,pcs,,,
1071,62,2,INV/BLV-BCL/447,Mug,pcs,,,
1072,62,2,INV/BLV-BCL/448,Mangkok,pcs,,,
1073,62,2,INV/BLV-BCL/449,Set sendok,pcs,,,
1074,62,2,INV/BLV-BCL/450,Water heater,unit,,,
1075,63,2,INV/BLV-BCL/451,Tempat Tidur,unit,,,
1076,63,2,INV/BLV-BCL/452,Kasur Springbed,pcs,,,
1077,63,2,INV/BLV-BCL/453,Bantal dakron,pcs,,,
1078,63,2,INV/BLV-BCL/454,Guling Dakron,pcs,,,
1079,63,2,INV/BLV-BCL/455,Almari pakaian,unit,,,
1080,63,2,INV/BLV-BCL/456,Meja belajar,unit,,,
1081,63,2,INV/BLV-BCL/457,Kursi,pcs,,,
1082,63,2,INV/BLV-BCL/458,Ambalan TV,unit,,,
1083,63,2,INV/BLV-BCL/459,TV  32inch,unit,,,
1084,63,2,INV/BLV-BCL/460,AC split daikin 1/2 pk,unit,,,
1085,63,2,INV/BLV-BCL/461,Piring,pcs,,,
1086,63,2,INV/BLV-BCL/462,Mug,pcs,,,
1087,63,2,INV/BLV-BCL/463,Mangkok,pcs,,,
1088,63,2,INV/BLV-BCL/464,Set sendok,pcs,,,
1089,63,2,INV/BLV-BCL/465,Water heater,unit,,,
1090,64,2,INV/BLV-BCL/466,Tempat Tidur,unit,,,
1091,64,2,INV/BLV-BCL/467,Kasur Springbed,pcs,,,
1092,64,2,INV/BLV-BCL/468,Bantal dakron,pcs,,,
1093,64,2,INV/BLV-BCL/469,Guling Dakron,pcs,,,
1094,64,2,INV/BLV-BCL/470,Almari pakaian,unit,,,
1095,64,2,INV/BLV-BCL/471,Meja belajar,unit,,,
1096,64,2,INV/BLV-BCL/472,Kursi,pcs,,,
1097,64,2,INV/BLV-BCL/473,Ambalan TV,unit,,,
1098,64,2,INV/BLV-BCL/474,TV  32inch,unit,,,
1099,64,2,INV/BLV-BCL/475,AC split daikin 1/2 pk,unit,,,
1100,64,2,INV/BLV-BCL/476,Piring,pcs,,,
1101,64,2,INV/BLV-BCL/477,Mug,pcs,,,
1102,64,2,INV/BLV-BCL/478,Mangkok,pcs,,,
1103,64,2,INV/BLV-BCL/479,Set sendok,pcs,,,
1104,64,2,INV/BLV-BCL/480,Water heater,unit,,,
1105,65,2,INV/BLV-BCL/481,Tempat Tidur,unit,,,
1106,65,2,INV/BLV-BCL/482,Kasur Springbed,pcs,,,
1107,65,2,INV/BLV-BCL/483,Bantal dakron,pcs,,,
1108,65,2,INV/BLV-BCL/484,Guling Dakron,pcs,,,
1109,65,2,INV/BLV-BCL/485,Almari pakaian,unit,,,
1110,65,2,INV/BLV-BCL/486,Meja belajar,unit,,,
1111,65,2,INV/BLV-BCL/487,Kursi,pcs,,,
1112,65,2,INV/BLV-BCL/488,Ambalan TV,unit,,,
1113,65,2,INV/BLV-BCL/489,TV  32inch,unit,,,
1114,65,2,INV/BLV-BCL/490,AC split daikin 1/2 pk,unit,,,
1115,65,2,INV/BLV-BCL/491,Piring,pcs,,,
1116,65,2,INV/BLV-BCL/492,Mug,pcs,,,
1117,65,2,INV/BLV-BCL/493,Mangkok,pcs,,,
1118,65,2,INV/BLV-BCL/494,Set sendok,pcs,,,
1119,65,2,INV/BLV-BCL/495,Water heater,unit,,,
1120,66,2,INV/BLV-BCL/496,Tempat Tidur,unit,,,
1121,66,2,INV/BLV-BCL/497,Kasur Springbed,pcs,,,
1122,66,2,INV/BLV-BCL/498,Bantal dakron,pcs,,,
1123,66,2,INV/BLV-BCL/499,Guling Dakron,pcs,,,
1124,66,2,INV/BLV-BCL/500,Almari pakaian,unit,,,
1125,66,2,INV/BLV-BCL/501,Meja belajar,unit,,,
1126,66,2,INV/BLV-BCL/502,Kursi,pcs,,,
1127,66,2,INV/BLV-BCL/503,Ambalan TV,unit,,,
1128,66,2,INV/BLV-BCL/504,TV  32inch,unit,,,
1129,66,2,INV/BLV-BCL/505,AC split daikin 1/2 pk,unit,,,
1130,66,2,INV/BLV-BCL/506,Piring,pcs,,,
1131,66,2,INV/BLV-BCL/507,Mug,pcs,,,
1132,66,2,INV/BLV-BCL/508,Mangkok,pcs,,,
1133,66,2,INV/BLV-BCL/509,Set sendok,pcs,,,
1134,66,2,INV/BLV-BCL/510,Water heater,unit,,,
1135,67,2,INV/BLV-BCL/511,Tempat Tidur,unit,,,
1136,67,2,INV/BLV-BCL/512,Kasur Springbed,pcs,,,
1137,67,2,INV/BLV-BCL/513,Bantal dakron,pcs,,,
1138,67,2,INV/BLV-BCL/514,Guling Dakron,pcs,,,
1139,67,2,INV/BLV-BCL/515,Almari pakaian,unit,,,
1140,67,2,INV/BLV-BCL/516,Meja belajar,unit,,,
1141,67,2,INV/BLV-BCL/517,Kursi,pcs,,,
1142,67,2,INV/BLV-BCL/518,Ambalan TV,unit,,,
1143,67,2,INV/BLV-BCL/519,TV  32inch,unit,,,
1144,67,2,INV/BLV-BCL/520,AC split daikin 1/2 pk,unit,,,
1145,67,2,INV/BLV-BCL/521,Piring,pcs,,,
1146,67,2,INV/BLV-BCL/522,Mug,pcs,,,
1147,67,2,INV/BLV-BCL/523,Mangkok,pcs,,,
1148,67,2,INV/BLV-BCL/524,Set sendok,pcs,,,
1149,67,2,INV/BLV-BCL/525,Water heater,unit,,,
1150,68,2,INV/BLV-BCL/526,Tempat Tidur,unit,,,
1151,68,2,INV/BLV-BCL/527,Kasur Springbed,pcs,,,
1152,68,2,INV/BLV-BCL/528,Bantal dakron,pcs,,,
1153,68,2,INV/BLV-BCL/529,Guling Dakron,pcs,,,
1154,68,2,INV/BLV-BCL/530,Almari pakaian,unit,,,
1155,68,2,INV/BLV-BCL/531,Meja belajar,unit,,,
1156,68,2,INV/BLV-BCL/532,Kursi,pcs,,,
1157,68,2,INV/BLV-BCL/533,Ambalan TV,unit,,,
1158,68,2,INV/BLV-BCL/534,TV  32inch,unit,,,
1159,68,2,INV/BLV-BCL/535,AC split daikin 1/2 pk,unit,,,
1160,68,2,INV/BLV-BCL/536,Piring,pcs,,,
1161,68,2,INV/BLV-BCL/537,Mug,pcs,,,
1162,68,2,INV/BLV-BCL/538,Mangkok,pcs,,,
1163,68,2,INV/BLV-BCL/539,Set sendok,pcs,,,
1164,68,2,INV/BLV-BCL/540,Water heater,unit,,,
1165,69,2,INV/BLV-BCL/541,Tempat Tidur,unit,,,
1166,69,2,INV/BLV-BCL/542,Kasur Springbed,pcs,,,
1167,69,2,INV/BLV-BCL/543,Bantal dakron,pcs,,,
1168,69,2,INV/BLV-BCL/544,Guling Dakron,pcs,,,
1169,69,2,INV/BLV-BCL/545,Almari pakaian,unit,,,
1170,69,2,INV/BLV-BCL/546,Meja belajar,unit,,,
1171,69,2,INV/BLV-BCL/547,Kursi,pcs,,,
1172,69,2,INV/BLV-BCL/548,Ambalan TV,unit,,,
1173,69,2,INV/BLV-BCL/549,TV  32inch,unit,,,
1174,69,2,INV/BLV-BCL/550,AC split daikin 1/2 pk,unit,,,
1175,69,2,INV/BLV-BCL/551,Piring,pcs,,,
1176,69,2,INV/BLV-BCL/552,Mug,pcs,,,
1177,69,2,INV/BLV-BCL/553,Mangkok,pcs,,,
1178,69,2,INV/BLV-BCL/554,Set sendok,pcs,,,
1179,69,2,INV/BLV-BCL/555,Water heater,unit,,,