ID,NAME,DOSIS,SATUAN,NET_PRICE,HARGA_NON_FORNAS,KATEGORI
1,B26 Belova Bakuchiol Niacinamide Serum,NULL,PCS,24773,115000,produk
10,B33 Belova Brightening Peeling Kit (Mandelic acid and Glycolic acid),NULL,PCS,29850,100000,racikan
100,A17 AGRYLIN,NULL,,0,0,obat
1000,B58 BELOVA CREAM RACIK WAJAH RJ,NULL,PCS,23458,118000,racikan
1001,B54 BELOVA CREAM RACIK BADAN RJ,NULL,PCS,55585,278000,racikan
1002,C51 CLINIMIX ,NULL,PCS,281250,551282,obat
1003,C52 CLINOLEIC,NULL,PCS,210000,307859,obat
1004,S69 SPARKLING GEL,NULL,PCS,32450,92000,produk
1005,S70 SPARKLING GEL PAKET,NULL,PAKET,97350,248000,produk
1006,S04 SALEP & OBAT MINUM,NULL,PCS,28198,167000,produk
1007,I10 INTRASIT GEL,NULL,PCS,116550,150350,obat
1008,S34 SANPRIMA FORTE,NULL,TABLET,2275,2844,racikan
1009,B05 BECOM-C*,NULL,TABLET,1776,1865,obat
101,C05 CANDERIN 16 MG -Candesartan 16 mg,16,MG,10018,13524,obat
1010,S77 SPORETIK 100 MG,100,MG,23033,29712,obat
1011,R22 RIFASTAR TAB,NULL,TABLET,6882,8603,obat
1012,L14 LAZ CAP,NULL,KAPSUL,15027,20286,obat
1013,B30 BELOVA BRIGHTENING DUO FOR NECK,NULL,PCS,29755,140000,racikan
1014,A82 ATAROC 25 MCG,25,MCG,2573,3344,obat
1015,F36 FUROSEMIDE 40 MG TAB,40,MG,278,361,obat
1016,H24 HI-MG 200,200,MG,5106,6383,obat
1017,B158 BHP,NULL,PCS,0,45000,bhp
1018,E13 ESTRADIOL,NULL,PCS,0,646000,produk
1019,P42 PROGESTERON,NULL,PCS,0,680000,obat
102,T34 TRACETAT SYR,NULL,BOTOL,419580,587412,obat
1020,V08 VAXIGRIP TETRA NH,NULL,PCS,221445,276806,racikan
1021,G12 GENTAMYCYN INJ,NULL,AMPUL,4329,6277,obat
1022,H29 HYDROCORTISONE 1%,NULL,TUBE,4440,5550,racikan
1023,P10 PARIET 10 MG,10,MG,20041,25051,obat
1024,VT11 3 ON XLO,NULL,TABLET,949650,1200000,obat
1025,D12 DEXTEEM PLUS,NULL,TABLET,307,400,obat
1026,B82 BELOVA KAPSUL ACNE I,NULL,PCS,0,95000,obat
1027,A52 ANTI ACNE II,NULL,PCS,562,1600,obat
1029,C02 CALMING BRIGHTENING,NULL,PCS,24001,150000,produk
1030,B39 BELOVA CLEANSER,NULL,BOTOL,0,35000,produk
1032,B53 BELOVA CREAM RACIK,NULL,PCS,43320,217000,produk
1033,B168 BOTOX ALERGAN,NULL,UNIT ,33800,33800,obat
1034,B169 BOTOX KOREA BOTULAX,NULL,UNIT,15000,15000,obat
1035,S78 SPORETIK 200MG*,200,MG,33300,34965,obat
1036,C81 CREAM FLEK TAHAP III,NULL,PCS,32620,52600,racikan
1037,T53 TWO WAY CAKE BEIGE (03),NULL,PCS,39160,95000,produk
1038,T54 TWO WAY CAKE NATURAL,NULL,PCS,39160,95000,produk
1039,C87 CREAM RACIK 10 GRAM,NULL,PCS,21000,105000,produk
104,P51 PROSTAM SR,NULL,,0,0,obat
1040,V15 VICTOZA FlexPen ,NULL,PCS,908007,1164000,obat
1041,P53 PROVE VIT 757 MG,757,MG,192862,241078,obat
1042,M40 MICONAZOLE CREAM 2%,NULL,TUBE,4113,5141,racikan
1043,F10 FAT BURN LC,NULL,TABLET,12210,17100,obat
1044,F14 FAT METABOLISM TRS,NULL,KAPSUL,11796,15335,obat
1045,D39 DUO TAWAS,NULL,PCS,50000,125000,produk
1046,I14 IRON SUCROSE INJ,NULL,AMPUL,44400,55500,obat
1047,B55 BELOVA CREAM RACIK KB-N,NULL,PCS,56856,285000,obat
1048,A64 ANTI IRITASI LTD,NULL,PCS,250,4210,obat
1049,V24 VITAMIN LC,NULL,PCS,88,1280,obat
105,A88 AVODART,NULL,TABLET,11224,14030,obat
1050,B126 BELOVA RETINOL CREAM,NULL,PCS,5470,115000,racikan
1051,T46 TRILAC TABLET,NULL,TABLET,4102,5497,obat
1052,C98 CREAM RETINOL 5 ML,NULL,PCS,5470,55000,produk
1053,C76 CREAM COLLAGEN 10 GRAM,NULL,PCS,8610,86000,produk
1054,C92 CREAM RACIK LEHER,NULL,PCS,29755,148000,racikan
1055,C89 CREAM RACIK CDTA,NULL,PCS,40834,205000,obat
1056,P43 PROLIC 300 MG,NULL,KAPSUL,8381,10476,racikan
1057,E11 ERPHAFILIN TABLET,200,MG,216,271,racikan
1058,VT12 3 ON XLO DOUBLE ASC,NULL,KAPSUL,1455810,1935000,obat
1059,C70 COTTON SWAB,NULL,PCS,1180,1475,obat
106,C10 CAPTOPRIL 25 MG,25,MG,0,172,obat
1060,K45 KRIM RACIK NY. SRI KUSMIYATI,NULL,PCS,39040,196000,produk
1061,O31 OZEMPIC UNIT,NULL,UNIT,68433,210000,obat
1062,B56 BELOVA CREAM RACIK KHUSUS BI,NULL,PCS,22246,115000,produk
1063,T09 TEBUS VOUCHER 500.000,NULL,PCS,0,-500000,produk
1064,O19 OPSITE 6.5 X 5 CM,NULL,PCS,10989,13736,obat
1065,B180 BELOVA RETINOL RACIK,NULL,PCS,38594,195000,produk
1066,B59 BELOVA CREAM VITILIGO ELX,NULL,PCS,51007,153000,obat
1067,N21 NORESTIL TABLET,NULL,TABLET,4218,5483,obat
1069,G31 GRAPHA E,NULL,TABLET,4218,5694,produk
107,R21 RIFAMPICIN 600 MG,NULL,,0,0,obat
1070,T50 TRX TABLET,NULL,TABLET,4462,6100,obat
1071,V26 VITOCAR*,NULL,KAPSUL,2960,3108,racikan
1072,C43 CINOLON N CREAM 5 GRAM*,NULL,TUBE,13986,14685,obat
1074,S12 SALEP RACIK,NULL,TABLET,34638,173000,racikan
1075,B135 BELOVA SERUM RACIK,NULL,BOTOL,53250,160000,racikan
1076,V23 VITAMIN E 400 IU,NULL,PCS,4681,6500,obat
1077,G26 GLUSHINE-X,NULL,ML,123025,159933,racikan
1078,F29 FOLIMID *,NULL,KAPSUL,4254,4467,obat
1079,V25 VITOCAR,NULL,PCS,2960,3819,obat
108,P17 PEHADOXIN FORTE,NULL,,0,0,obat
1080,L27 LIPPOLAB,NULL,VIAL,0,450000,obat
1081,O10 OMEGA,NULL,TABLET,2960,4100,obat
1082,C53 CLL TAB,NULL,TABLET,3690,5700,obat
1083,M27 METAB FASTER,NULL,TABLET,2960,3900,obat
1084,F11 FAT BURNER,NULL,TABLET,177622,450000,obat
1085,C79 CREAM FLEK TAHAP II,NULL,PCS,32620,49600,obat
1086,S53 SERUM RACIK NY. MEYLING,NULL,PCS,0,125000,produk
1087,S13 SALEP RACIK *67,NULL,PCS,13462,67000,obat
1088,O32 OZEMPIK INJECTION,NULL,UNIT,68450,450000,produk
1089,VT13 3 ON XLOMG3,NULL,BOTOL,509520,580000,obat
109,T35 TRACETAT TAB,NULL,TABLET,22977,32168,obat
1091,P04 PAKET SILKY MASK,NULL,PAKET,25000,320000,produk
1092,S54 SERUM TRANS BRIGHT,NULL,BOTOL,37094,95700,produk
1093,"B31 BELOVA BRIGHTENING NIGHT CREAM 12,5 GR",NULL,PCS,35940,85000,produk
1095,B64 BELOVA DNA SALMON RACIK,NULL,PCS,20105,155000,produk
1096,I17 ITZOL,NULL,KAPSUL,27056,34497,obat
1097,S16 SALEP RACIK GATAL,NULL,PCS,17251,95000,obat
1098,B45 BELOVA CREAM FLEK*,NULL,PCS,27540,120000,racikan
1099,E20 EYE CREAM 5 GR,NULL,PCS,7992,45000,racikan
11,B12 Belova Acne Peeling Kit (Mandelic acid and Salicilic Acid),NULL,PCS,29850,100000,produk
110,E08 EPISAN SYR 200 mL,0,Botol,56998,73529,obat
1100,D07 DESOXIMETASONE 0.25 CREAM ,NULL,TUBE,14035,18246,obat
1101,C86 CREAM RACIK ,NULL,PCS,21000,125000,racikan
1102,E17 EXAFLAM 25 MG,25,MG,1898,2562,obat
1103,B47 BELOVA CREAM KULIT KERING,NULL,PCS,1323,88000,produk
1104,B50 BELOVA CREAM PEMULIHAN,NULL,PCS,20756,115000,produk
1105,P39 PROBIOTIK,NULL,PCS,0,7800,obat
1106,G08 GASTROPROTECTOR*,NULL,PCS,15026,19700,obat
1107,B57 BELOVA CREAM RACIK MALAM NALA,NULL,PCS,0,115000,racikan
1108,C78 CREAM FLEK TAHAP I,NULL,PCS,32620,46600,racikan
1109,G21 GLUCOPHAGE XR 1000 MG,1000,MG,5473697,6903,obat
111,K26 KAPSUL WHITENING,NULL,BOTOL,1048950,1425000,obat
1110,A67 ANTI OXIDANT,NULL,KAPSUL,8225,11200,obat
1111,VT2 2 ON ANTI AGING 15 BIJI,NULL,BOTOL,143000,250000,obat
1112,L13 LAXADIN SYR,NULL,BOTOL,45344,58947,obat
1113,B122 BELOVA RACIK DES 12.5,NULL,PCS,16225,96000,racikan
1114,B34 BELOVA BRIGHTENING SERIES PAKET ,NULL,PAKET,89611,570000,produk
1115,B13 BELOVA ACNE SERIES PAKET,NULL,PAKET,89611,570000,produk
1116,O02 OBAT ANTI ACNE & INFLAMASI,NULL,PCS,0,30000,obat
1117,B176 BUDESMA 0.25MG/ML,0.25,MG,15874,19842,obat
1118,E04 ELOX CREAM 10 G,NULL,TUBE,79088,102814,racikan
112,A02 ACARBOSE 50 MG,50,MG,838,1508,obat
1121,B133 BELOVA SERUM ACNE,NULL,ML,38350,125000,produk
1122,A25 ALDISA SR KAPSUL*,NULL,KAPSUL,6271,6585,racikan
1124,S27 SANKORBIN INJEKSI,NULL,AMPUL,33744,42180,obat
1125,S28 SANKORBIN INJEKSI*,NULL,AMPUL,33744,35431,obat
1126,B113 BELOVA PAKET SELANGKANGAN,NULL,PCS,28388,235000,produk
1128,Q02 QV CREAM 100 GR,NULL,GRAM,1628,2117,racikan
1129,Q04 QV SKIN LOTION 500 ML,NULL,ML,580,754,racikan
113,A41 AMITRIPTILIN 25 MG,25,MG,233,711,obat
1130,C62 CODIKAF 20 MG,20,MG,2336,3037,obat
1132,B164 BIOSAN ,NULL,TABLET,15818,20563,obat
1133,U01 ACNE SERUM RACIK,NULL,BOTOL,38500,137000,racikan
1134,O26 OXOFERIN,NULL,BOTOL,76160,95200,obat
1135,P30 POUCH HOLOGRAM BELOVA (FAMILIA),NULL,PCS,15000,20000,produk
1136,T51 TUMBLER BELOVA (FAMILIA),NULL,PCS,11000,15000,produk
1137,B10 BELOVA ACNE NIGHT CREAM 30G,NULL,PCS,50628,254000,racikan
1140,B139 BELOVA SK LOTION,NULL,PCS,37000,92500,produk
1141,N02 NACL 1000 ML,NULL,BOTOL,27309,34136,obat
1142,C94 CREAM RACIK STEP 1,NULL,PCS,38950,137000,produk
1143,C95 CREAM RACIK STEP 2,NULL,PCS,22990,155000,produk
1144,N18 NIGHT CREAM RACIK HWI,NULL,PCS,0,125000,produk
1145,A55 ANTI BAKTERI,NULL,PCS,6360,8500,obat
1146,A69 ANTI RADANG,NULL,PCS,604,1350,obat
1147,B48 BELOVA CREAM MALAM VC,NULL,PCS,23000,115000,racikan
1148,P24 PLASMINEX INJEKSI,NULL,AMPUL,14874,18593,racikan
1149,R09 RELAXON,NULL,TABLET,766,1034,obat
115,"J02 JARDIANCE DUO 12,5/1000 MG",0,Tablet,13467,17506,obat
1150,S39 SANTA E 250 KAPSUL,NULL,KAPSUL,2303,2879,obat
1151,S33 SANOXICAL KAPSUL,NULL,KAPSUL,7215,9019,racikan
1152,S36 SANTA E 100 KAPSUL,NULL,KAPSUL,1221,1526,obat
1153,G11 GENTAMYCIN SALEP MATA,NULL,TUBE,7115,8894,racikan
1154,Q01 Q TEN,NULL,TABLET,9790,12923,racikan
1155,S71 SPEDIFEN 600 MG,600,MG,6994,8742,obat
1156,T07 TEBUS VOCER -250000,NULL,UNIT,0,-250000,produk
1157,B15 BELOVA AHA 8% 30 G,NULL,PCS,1998,2597,produk
1158,U08 URIEF,NULL,TABLET,3094,7350,obat
1159,U07 URDAHEX,NULL,KAPSUL,13801,17803,obat
1160,S61 SK LOTION STEP 1,NULL,BOTOL,37000,137000,obat
1161,S62 SKIN BARIER LOTION,NULL,PCS,37000,92500,produk
1162,A48 AMPICILLIN 500MG,500,MG,796,996,obat
1163,M23 MEROSAN 1G INJEKSI*,NULL,VIAL,627594,658974,obat
1164,Q03 QV GENTLE WASH 250 G,NULL,GRAM,510,663,racikan
1165,B51 BELOVA CREAM PUNGGUNG MALAM RACIK,NULL,PCS,57935,290000,racikan
1167,F12 FAT BURNER SUPLEMEN,NULL,PCS,0,120000,obat
1168,F13 FAT LOSS SUPLEMEN,NULL,PCS,0,120000,obat
1169,R16 RF SKIN TIGHTENING,NULL,TABLET,0,250000,obat
117,A37 AMARYL M 1 MG,1,MG,4704,5880,obat
1170,M01 MAGNESIUM SULFAS 40% INJ,NULL,PCS,10010,12513,obat
1171,E09 EPISAN SYR 100 mL,0,Botol,22368,73529,obat
1172,S15 SALEP RACIK BN 10 G,10,G,35316,176000,obat
1173,C61 CODEIN 20 MG,20,MG,1638,2048,obat
1174,K23 KAPSUL RACIK**,NULL,KAPSUL,900,2500,obat
1175,T32 TOPICARE CERAMIDE CR,NULL,BOTOL,131511,170964,obat
1176,M17 MEDIRESIX 40 MG,40,MG,222,411,obat
1177,O30 OZEMPIC SINGLE DOSE*,NULL,PCS,2053494,2500000,obat
1178,K09 KAPSUL ANTI OKSIDAN OMEGA,NULL,PCS,339050,459000,obat
1179,B52 BELOVA CREAM PUNGGUNG STEP 2,NULL,PCS,57935,483000,racikan
118,G22 GLUCOPHAGE XR 500 MG,500,MG,2912,3640,obat
1180,S85 SULFADIAZINE SILVER,NULL,TUBE,27417,84229,obat
1181,C47 CLANEKSI,NULL,TABLET,6869,8930,obat
1182,V11 VELTHROM 10 MG,0,Tablet,1598,2078,obat
1183,L32 LOPAMID,NULL,TABLET,231,359,obat
1184,B121 BELOVA RACIK ARMPIT,NULL,PCS,17251,90000,obat
1185,S38 SANTA E 250 IU (20 KAPSUL),NULL,KAPSUL,46060,65000,obat
1186,B138 BELOVA SK CREAM,NULL,PCS,25700,120000,racikan
1187,M44 MINERVA CNN29-04,NULL,PCS,330000,429001,racikan
1188,M43 MINERVA CNN29-02,NULL,PCS,330000,429000,racikan
1189,A31 ALOCLAIR PLUS GEL 8 ML,NULL,PCS,94350,117938,racikan
119,V12 VENOSMIL,NULL,TABLET,13431,17192,obat
1190,T56 TWO WAY CAKE NORMAL RESELLER,NULL,PCS,39160,77500,produk
1191,S94 SALEP RACIK KBN,NULL,PCS,59330,149000,obat
1192,P57 PIOGLITAZONE 30 MG D,NULL,TABLET,2886,4618,racikan
1193,O33 OPSITE 9.5 X 8.5 CM,NULL,PCS,21645,27056,racikan
1194,S96 SERUM SKIN BARRIER,NULL,PCS,15600,85000,racikan
1195,S95 SANMETIDIN 200 MG,200,MG,1887,2434,obat
1196,M52 MINOSEP OBAT KUMUR 60 ML,NULL,BOTOL,29970,37463,obat
1197,P56 PERHIDROL 3% 300 ML,NULL,BOTOL,3482,4178,obat
1198,S97 STELAZINE 5 MG,5,MG,1104,1381,obat
1199,T57 TRACETAT SYR 60 ML,NULL,BOTOL,141860,200000,obat
120,G23 GLUCOPHAGE XR 750 MG,750,MG,3202230,3894,obat
1200,C103 CREAM RACIK DU ,NULL,PCS,35050,175000,obat
1201,T58 TREMENZA TAB*,NULL,TABLET,1720,1806,obat
1202,L38 LEVOFLOXACIN 750 MG/ 150 ML INF,750,MG,138750,180375,obat
1203,P285B PAKET BRIGHTENING,NULL,PAKET,89611,285000,produk
1204,P285A PAKET ACNE,NULL,PAKET,79563,285000,produk
1205,P285BA PAKET BRIGHTENING ACNE,NULL,PAKET,111323,285000,produk
1206,P285BTU PAKET BRIGHTENING TONE UP,NULL,PAKET,86911,285000,produk
1207,S98 SICLIDON 100 MG,100,MG,6327,7909,obat
1208,S99 SALBULIN SPRAY,NULL,PCS,36850,40835,obat
1209,V37 V-HEPATITIS B/1 ML,NULL,PCS,87912,109890,racikan
121,R12 RESPIRA 400 MG,400,MG,32634,42424,obat
1210,C105 CEFOBACTAM INJEKSI,NULL,VIAL,234598,293248,obat
1211,B189 BECOMZET*,NULL,KAPLET,2387,2506,obat
1212,N29 NEBACETIN OINTMENT,NULL,TUBE,25500,31875,obat
1213,P58 PROSMOL INJ,NULL,VIAL,544000,680000,obat
1214,V36 VANCEP INJ 500 MG,NULL,VIAL,209790,283217,obat
1215,F37 FULADIC CREAM 5 GRAM,5,G,57998,75397,obat
1216,T59 TOPICARE CERAMIDE 15 G,15,G,19725,25643,obat
1217,C104 CREAM RACIK COUTER DC,NULL,PCS,26285,135000,obat
1218,M53 MODEXA,NULL,PCS,195360,244200,obat
1219,M54 MEPTIN MINI,0.025,MG,2856,3570,obat
122,Z05 YLORIC 100 MG,100,MG,0,0,obat
1220,C100 CEFIXIME 200 MG,0,Kapsul,4070,5291,racikan
1221,S100 SALEP RACIK BN,NULL,PCS,16483,49500,obat
1222,C101 COLCHICINE 0.5 MG,0.5,MG,799,1119,obat
1223,F38 FORIXTRA 2.5 MG,2.5,MG,259376,337189,obat
1224,A90 ALBOTHYL 5 ML,NULL,PCS,21701,30381,racikan
1225,S101 SALEP RACIK HCBN,NULL,BOTOL,25433,127500,obat
1226,MINOSEP OBAT KUMUR 0.2% 150 ML,NULL,BOTOL,49950,62438,
1227,D40 DIALIFER INJ,NULL,AMPUL,78211,150405,obat
1228,N30 NEUROSANBE PLUS,NULL,TABLET,1332,1718,obat
1229,V38 VILDAGLIPTIN 50 MG,50,MG,2247,3821,obat
1230,F39 FLAGYSTATIN OVULA,NULL,PCS,25000,32500,obat
1231,S100 SKIN BRIGHT FIRMING LOTION,NULL,PCS,83028,249500,racikan
1232,BELOVA ARMPIT LOTION,NULL,PCS,83028,249500,obat
1233,A91 ANTI IRITASI 5 G,5,G,9773,40000,obat
1234,BALSEM LANG 20 G,NULL,PCS,7725,9966,
1235,BALSEM TJING TJAU 20 G,NULL,PCS,11502,15068,
1236,M KAYU PUTIH LANG 60 ML,NULL,PCS,18662,23888,
1237,P62 PRIMOLUT N,NULL,BOX,181085,229978,obat
1238,LITRAMED ANAESTHETIC PEEL ,NULL,GRAM,6926,9004,
1239,B190 BELOVA HAND CREAM,NULL,PCS,29953,150000,produk
1240,C112 CETIRIZIN SYR 60 ML,NULL,BOTOL,7382,13287,racikan
1241,K47 KAPSUL DIET,NULL,BIJI,4255,8510,obat
1242,A92 ANTI IRITASI,NULL,KAPSUL,214,2500,obat
1243,SM02 MASKER KERING SPARKLING,NULL,BIJI,0,40000,produk
1244,TRANSOFIX,NULL,PCS,7882,9853,obat
1245,M65 MONARIN FC 10 MG,10,MG,8331,11246,obat
1246,K48 KAPSUL RACIK BP. SUHARDI,NULL,KAPSUL,2454,4909,obat
1247,P59 PAKET POWER ACNE RANGER BASIC,NULL,PCS,45135,203500,produk
1248,P60 PAKET POWER ACNE RANGER SPECIAL MADE 3,NULL,PCS,65135,298000,produk
1249,P61 PAKET POWER ACNE RANGER SPECIAL MADE 5,NULL,PCS,114700,496500,produk
125,A14 ACTOS 30 MG,30,MG,12693,13870,obat
1250,K49 KAPSUL ANTI OKSIDAN OMEGA 15,NULL,PCS,155005,245000,obat
1251,M58 MOCHI SKIN GOLD SERIES,NULL,PCS,72485,343500,produk
1252,M59 MOCHI SKIN RADIANT SERIES,NULL,PCS,77218,380000,produk
1253,M63 MOCHI SKIN ULTIMATE SERIES,NULL,PCS,97258,540400,produk
1254,M60 MOCHI SKIN SPECIAL MADE GOLD,NULL,PCS,73580,303500,produk
1255,M61 MOCHI SKIN SPECIAL MADE RADIANT,NULL,PCS,78313,340000,produk
1256,M62 MOCHI SKIN SPECIAL MADE ULTIMATE,NULL,PCS,98353,500400,produk
1257,M66 MEPROCE 1000 INJ,NULL,AMPUL,27750,34688,obat
1258,THERASKIN PEELING GA 30% 100 ML,NULL,ML,1665,2165,
1259,ACIFAR CREAM 5 GRAM,NULL,TUBE,5825,7282,
126,"J03 JARDIANCE DUO 12,5/500 MG",0,Tablet,13467,17506,obat
1260,A90 ALLOGON ,NULL,TABLET,1900,2375,obat
1261,S102 SALEP CACAR AIR G33,NULL,PCS,44900,224500,racikan
1262,C107 CREAM KAKI,NULL,PCS,24000,86000,racikan
1263,R28 RIFAMPICIN 450 MG,450,MG,2269,2950,obat
1264,LIXIANA 60 MG,60,MG,26363,35589,obat
1265,HANDSCHOON STERIL MAXTER NO.7,NULL,PASANG,7001,8751,
1266,F40 FLUOXETINE HCL 20MG,20,MG,496,620,obat
1267,P63 POWEROKSI TAB,NULL,TABLET,12127,16250,obat
1268,C109 CREAM BEKAS FLEK,NULL,PCS,27540,100000,racikan
1269,T62 TRICHODAZOLE INFUS,NULL,PCS,106727,133408,obat
1270,F41 FLUCONAZOLE INF,NULL,BOTOL,26250,93074,obat
1271,BOX GOLD SERUM,NULL,PCS,4501,5851,
1272,STIKER GOLD SERUM,NULL,PCS,900,1170,
1273,CREAM IRITASI KCS,NULL,PCS,16644,85000,racikan
1274,B192 BELOVA SOOTHING CREAM RACIK,NULL,PCS,30578,150000,racikan
1275,M64 MONURIL 3 G*,3,G,188811,198251,obat
1276,F42 FLUIMUCIL EFF*,NULL,BOTOL,145854,167732,obat
1277,F43 FLUIMUCIL GRANUL 600*,600,MG,277722,319380,obat
1278,H33 HERCLOV ,NULL,KAPLET,17371,22409,obat
1279,B193 BELOVA CREAM RACIK ACNE CDCT,NULL,PCS,0,130000,racikan
128,A39 AMINEFRON,NULL,TABLET,6854,9253,obat
1280,REDNESS ID ,NULL,ML,79032,118548,
1281,S103 SANTA E 250*,250,MG,65990,69289,obat
1282,R29 RING AS DP INFUS,NULL,PCS,22790,33220,obat
1283,MESOSTABYL AMPOULES,NULL,ML,11100,14430,
1284,L-CARNITINE AMPOULES 5 ML,NULL,ML,8100,10531,
1285,K50 KELOID CREAM PREMIUM,NULL,PCS,46350,232000,racikan
1286,C110 CYS-EC CREAM,NULL,PCS,200000,350000,produk
1287,S104 SPUIT 20 CC,NULL,PCS,0,18000,obat
1288,C113 CEDOCARD 5 MG TAB,5,MG,1202,1551,obat
1289,C111 CREAM RACIK DC 10 G,10,G,18565,95000,obat
129,I16 ITRACONAZOLE,NULL,KAPSUL,5069,6539,obat
1291,A93 ALBENDAZOL 400 MG TAB,400,MG,1200,1560,obat
1292,S113 SALEP RACIK PMT 30G,30,G,91375,185000,obat
1293,B194 BELOVA CREAM PUNGGUNG STEP 2B,NULL,PCS,0,385000,obat
1294,F44 FUCOHELIX SYR 90 ML,NULL,BOTOL,104895,135315,obat
1295,LITRAMED ANAESTHETIC PEEL 50 G,50,G,NULL,395000,obat
1296,LA1 LITRAMED ANASTHETIC PEEL 1/2 TUBE,NULL,PCS,164125,197500,obat
1297,FACE NADE,NULL,ML,76590,99567,
1298,A99 AKN-ID,NULL,ML,95460,124098,racikan
1299,DNA Pept-HA,NULL,ML,120990,157287,
13,B27 Belova Brightening Body Lotion with Niacinamide and Licorice Extract,NULL,PCS,15000,115000,produk
1300,XEROSKIN-ID,NULL,ML,102120,132756,
1301,CYNARA PLUS+,NULL,ML,76590,99567,
1302,MCA 35,NULL,ML,60828,79076,
1303,SKIN RECOVERY,NULL,ML,52392,68110,
1304,01 MELINE INTIMATE,NULL,ML,183150,238095,
1305,MG1 MONURIL GRANULE 3 G,3,G,209457,268105,obat
1306,KR1 KAPSUL RACIK ,NULL,KAPSUL,2429,4900,obat
1307,ER01 ERYTHROMYCIN 500 MG,500,MG,2000,2600,obat
1308,BQ01 BAQUINOR 200 MG INFUS,200,MG,329570,411963,obat
1309,SP01 SPORETIK 200 MG,200,MG,34133,44031,obat
1311,LAMESON 16 MG TAB,16,MG,10823,13853,
1313,P70 PROVE-C 1000,NULL,AMPUL,33300,41625,obat
1314,CR01 CORALAN 5 MG,5,MG,12013,13775,obat
1315,P65 PERMETHRIN KRIM 5%,NULL,TUBE,19980,24975,racikan
1317,KSN1 KAPSUL SESAK NEW,NULL,KAPSUL,1995,5800,obat
1318,IMMORTAL ESSENTIAL INTENSE PINK LIP,NULL,PCS,50150,65195,
1319,CR02 CREAM RACIK,NULL,PCS,0,95000,racikan
1320,VE01 VELACOM PLUS 2/500,NULL,TABLET,3807,4949,obat
1322,CVN01 CERNEVIT*,NULL,VIAL,248640,326340,obat
1324,NORIT,NULL,TABLET,350,570,obat
1328,IM01 IMITATIN INJ,NULL,PCS,310000,458208,obat
133,C08 CANDESARTAN 16 MG,16,MG,466,8858,obat
1332,A105 ASAM TRANEXAMAT 500 MG TAB,500,MG,1750,2800,obat
1333,CAP2 F1 CAP,NULL,PAKET,64079,185000,obat
1334,CAP3 M CAP,NULL,KAPSUL,13067,107000,obat
1335,CAP1 DO CAP,NULL,KAPSUL,29772,128000,obat
1338,SF01 SURFLO/ABOCATH 22,NULL,PCS,12000,39960,obat
1339,DM02 DMT 1,NULL,KAPSUL,7113,9200,obat
134,"C66 CONCOR 1,25 MG",1.25,MG,2644,3305,obat
1340,DM03 DMT 2 (SOD),NULL,KAPSUL,12126,16500,obat
1341,DM01 DMT LOTION,NULL,PCS,45630,229000,racikan
1342,NF01 NOVOFINE 32G 4MM,32,MG,2758,3448,obat
1343,TRIACILON KRIM 10 G,10,MG,64602,80753,
1344,BL01 BALANS,NULL,PCS,0,30000,produk
135,X02 XARELTO 20 MG,20,MG,32224,38375,obat
1351,SRB1 SALEP RACIK BI,NULL,PCS,137616,276000,racikan
1355,IMUNPED SYRUP,NULL,BOTOL,53336,68803,
1356,JD01 JARDIANCE 25 MG*,25,MG,23956,25154,obat
1357,GX01 GLYXAMBI 10+5 MG*,15,MG,34933,36680,obat
1358,CARVILOL 6.25 MG,6.25,MG,1805,2798,obat
1359,P67 POT KACA 15 G FROSTED SILVER,15,G,5273,6854,racikan
136,K30 KENDARON 200 MG,200,MG,5983,7479,obat
1360,BOTOL KACA 20 ML BAHU DATAR,20,ML,4681,6085,
1361,LITRAMED ANAESTHETIC PEEL OF TUBE/25 G,25,G,185931,241710,
1362,EYE CONTOUR,NULL,ML,71429,92857,
1363,MAXSLIM KAPSUL,NULL,KAPSUL,8963,11652,
1365,P68 PROTASON KRIM 10 G,10,MG,73815,99650,racikan
1366,MG2 MONURIL GRANULE 3 G*,3,G,188811,220280,obat
1367,HP01 HPI CAPS,NULL,PCS,0,185000,obat
1368,HP02 HPI CAPS 2,NULL,PCS,0,150000,obat
1369,CAPS3 M CAP*,NULL,BIJI,0,137000,obat
137,C06 CANDERIN 8 MG - Candesartan 8 mg,8,MG,7909,10677,obat
1370,M CAP*,NULL,BIJI,0,107000,obat
1371,CAPS2 F1 CAP*,NULL,BIJI,0,185000,obat
1372,CAPS1 DO CAP*,NULL,BIJI,0,128000,obat
1373,CAP7 DO CAPS,NULL,BOTOL,128000,128000,obat
1374,FD01 FLADAZOL SYR 60 ML,60,ML,21000,26250,obat
1375,TR01 TROGYL SYR,NULL,BOTOL,54000,67500,obat
1376,ORNISPAR SACHET,NULL,SACHET,27473,38462,obat
1377,A200 KAPSUL ANTI BIOTIK,NULL,BIJI,7947,9000,obat
1378,"KC01 KCL 7,46%",NULL,PCS,4736,11130,obat
138,G27 GLUTATION,NULL,KAPSUL,17483,25000,obat
1380,B195 BALANS,NULL,BOX,435000,435000,obat
1381,NR01 NITROKAF RETARD FORTE,NULL,KAPSUL,3128,4066,obat
1382,PG01 PELASTIN 1 G INJ,1,G,310001,387501,obat
1383,JARDIANCE 10 MG FCT*,10,MG,20830,21872,obat
1384,TR02 TRAMADOL 100 MG INJ,100,MG,5410,8115,obat
1385,XENICAL 120MG,120,MG,12057,17483,
1386,CAP4 F2 CAP,NULL,BOTOL,0,195000,obat
1387,DOPAMIN 200 MG INJ,200,MG,97680,126984,
1388,A100 AMINOPHYLLIN 240 MG INJ,240,MG,14545,18909,obat
1389,ZAC 10 MG,10,MG,599,779,obat
139,C68 CONCOR 5 MG,5,MG,13850,14293,obat
1390,A103 ASPILET 80 MG - ASAM ASETILSALISILAT 80 MG,80,MG,620,1011,obat
1392,P69 PROTOFEN SUPP,NULL,BIJI,3543,4606,racikan
1394,000293 SALEP RACIK IN BN,NULL,PCS,0,210000,obat
1395,KAPSUL DIET NEW,NULL,KAPSUL,1460,3650,obat
1396,000436 SALEP RACIK ,NULL,PCS,0,150000,obat
1398,STESOLID RECTAL 10 MG,10,MG,56693,73701,
1399,P64 PARACETOL 100 MG/ML DROP,100,ML,14626,19014,racikan
140,"B165 BISOPROLOL 2,5 MG",2.5,MG,533,693,obat
1400,S220 SALEP RACIK 001002,NULL,PCS,36462,182000,obat
1401,CAP5 F3 CAP,NULL,BOTOL,0,400000,obat
1402,VALISANBE 10 MG INJ,10,MG,25600,32000,obat
1403,DUMIN RT 125 MG,125,MG,24353,30442,
1404,VIT K 10 MG INJ,10,MG,8625,10781,
1405,VITADION 2 MG INJ ,2,MG,16500,23100,
1406,EPINEFPHRINE 1 MG INJ,1,MG,13126,16407,
1407,KAPSUL RACIK AMT4-PGB7,NULL,KAPSUL,1864,3750,obat
1409,KITODERM ACNE PEEL 100G,100,G,1999,2599,
141,G20 GLUCODEX 80 MG,80,MG,588,765,obat
1410,MEIACT,NULL,TABLET,28999,37698,obat
1411,V44 VILDI TAB 50MG,50,MG,4745,5932,obat
1412,S111 SALEP RACIK IN GM 2911,NULL,PCS,0,200000,racikan
1415,KAPSUL ANTI OXIDAN 1,NULL,PCS,0,692000,obat
1416,MUPIROCIN 2% 5 GRAM CREAM,5,G,17483,24476,
1417,MEDIKLIN,NULL,TUBE,25098,33882,
1419,R31 RYVEL SYRUP,NULL,BOTOL,63936,83117,racikan
142,A79 ASAM URSODEOXYCHOLIC,NULL,KAPSUL,3117,5922,obat
1420,BOTOL KAPSUL,NULL,UNIT,3500,5000,obat
1423,WINTUELL,NULL,BIJI,15000,15000,obat
1427,S108 SALEP RACIK BN4,NULL,PCS,38316,120000,obat
1428,JARDIANCE 10 MG FCT,10,MG,20808,21848,obat
1429,JARDIANCE 25 MG FCT,25,MG,23956,32341,obat
143,H21 HEXADOL,NULL,BOTOL,33300,41625,obat
1430,DERMAFIX,NULL,PCS,10000,10000,obat
1431,BOTOL OBAT,NULL,BOTOL,3000,3000,obat
1432,OZEMPIC DUAL DOSE PEN*,NULL,PCS,1955709,2053494,obat
1433,IKALEP 250MG,250,MG,5028,6788,
1437,"HALOPERIDOL 0,5 MG",0.5,MG,226,306,obat
144,H20 HERBESSER CD 200,200,MG,7016,13541,obat
1440,PT1 POT 10GR,10,G,0,2500,produk
1442,S118 SALEP RACIK 000026,NULL,PCS,76890,80000,racikan
1443,S221 SALEP RACIK 001997,NULL,PCS,50077,150231,racikan
1444,MEROPENEM INJ,NULL,VIAL,47813,143190,obat
1445,A97 ACNE PACKAGE 3PCS,NULL,PCS,244900,244900,obat
1446,A104 ASTHAXATINE,NULL,PCS,0,11200,obat
1447,KAPSUL PENCERAH,NULL,PCS,0,3050,obat
1448,LASMALIN 2.5 MG,2.5,MG,1623,2110,
1449,MESSAGE CREAM 250GR,250,G,52348,70669,
145,L29 LIVRON B PLEX,NULL,TABLET,327,409,obat
1450,MEMBER BLACK CARD,NULL,PCS,0,100000,produk
1451,SPIOLTO RESPIMAT 2.5MCG,2.5,MCG,590565,965000,obat
1452,VITAZYM PLUS,NULL,TABLET,833,1066,obat
1455,S114 SANCOSTEIN CAP,NULL,KAPSUL,4829,6518,obat
1456,P66 PLANTACID FORTE 100CC,100,CC,29970,40460,racikan
1457,CR. MALAM 453 - 03,NULL,POT,100000,100000,racikan
1458,OZEMPIC SINGLE DOSE PEN*,NULL,BOX,1955709,2053494,obat
146,R01 RAMIPRIL 10 MG,10,MG,1015,1422,obat
1468,S115 SERUM 2267,NULL,PCS,0,125000,racikan
147,T27 TIARYT,NULL,TABLET,3435,6244,obat
1473,C-05-E,NULL,PCS,0,100000,produk
1474,RC6 C-02-B,NULL,PCS,0,120000,produk
1475,RC15 C-04-C,NULL,PCS,0,155000,racikan
1476,RC1 C-01-A,NULL,PCS,0,155000,racikan
1477,RC2 C-01-B,NULL,PCS,0,155000,racikan
1478,RC9 C-03-C,NULL,PCS,0,140000,produk
1479,RC14 C-04-B,NULL,PCS,0,155000,racikan
148,P37 PRO TB 4,NULL,TABLET,5476,7064,obat
1480,RC3 C-01-C,NULL,PCS,0,75000,racikan
1481,RC5 C-02-A,NULL,PCS,0,100000,racikan
1482,RC7 C-03-A,NULL,PCS,0,100000,racikan
1483,RC8 C-03-B,NULL,PCS,0,95000,racikan
1484,RC10 C-03-D,NULL,PCS,35964,155000,racikan
1485,RC11 C-03-E,NULL,PCS,0,100000,racikan
1486,RC12 C-03-F,NULL,PCS,0,140000,racikan
1487,RC13 C-04-A,NULL,PCS,0,155000,racikan
1488,RC16 C-04-E,NULL,PCS,0,95000,racikan
1489,RC17 S-03-A,NULL,PCS,65046,125000,produk
149,H19 HEPAMERZ SACHET,NULL,,0,0,obat
1490,RC18 S-03-B,NULL,PCS,47952,125000,racikan
1491,RC19 S-04-A,NULL,PCS,0,125000,racikan
1492,RC20 S-04-B,NULL,PCS,0,125000,racikan
1493,RC4 C-01-D,NULL,PCS,0,75000,racikan
1494,RG-CHOLINE SYR,NULL,BOTOL,0,211922,obat
1495,VOUCHER MEMBER GET MEMBER,NULL,PCS,0,-100000,produk
1496,003098 SALEP RACIK IN GN,NULL,POT,0,255000,racikan
1497,B179 SCOPMA PLUS,NULL,KAPLET,1050,1449,obat
1498,C-04-F,NULL,PCS,0,125000,racikan
1499,TRELEGY INHALATION,NULL,PCS,1119655,1511534,obat
15,B83 Belova Lip Conditioning,NULL,PCS,20229,80000,produk
1500,RCK RCK,NULL,PCS,0,1000,obat
1501,SALEP BN KT,NULL,PCS,210000,210000,obat
1502,EZ1 EZEFER 10MG,10,MG,9768,14652,obat
1503,C-04-F,NULL,PCS,0,95000,racikan
1504,C-04-H,NULL,PCS,0,125000,racikan
1505,C-01-E,NULL,PCS,0,95000,obat
1506,C-01-R,NULL,PCS,0,155000,produk
1507,S-04-C,NULL,PCS,0,200000,racikan
1508,AO SOD 1,NULL,PCS,0,200000,obat
1509,AO SOD 2,NULL,PCS,0,120000,obat
151,A01 ACARBOSE 100 MG,100,MG,1253,2445,obat
1510,RCS SUPLEMENT FUNGAL ACNE,NULL,KAPSUL,0,178389,obat
1511,C-01-F CREAM FUNGAL,NULL,PCS,0,95000,racikan
1512,OZEMPIC DUAL DOSE PEN,NULL,BOX,0,2522865,obat
1513,TENSOCREPE,NULL,PCS,150000,150000,obat
1514,C-01-F,NULL,PCS,0,100000,racikan
1515,C-01-G,NULL,PCS,0,155000,racikan
1516,C-03-G,NULL,PCS,0,155000,racikan
1517,C-03-H,NULL,PCS,0,100000,racikan
1518,F-01-A,NULL,PCS,0,100000,racikan
1519,T-01-A,NULL,PCS,0,95000,obat
152,K14 KAPSUL NYERI,NULL,KAPSUL,1300,2600,obat
1520,ANALSIK TAB,NULL,BIJI,1887,2434,obat
1521,ABC KAPSUL,NULL,PCS,0,95000,obat
1522,436 SALEP RACIK ,NULL,PCS,204500,215000,obat
1523,STARCEF DS 30ML,30,ML,94350,127373,obat
1524,NEFROFER 100MG INJ,100,MG,44400,45821,obat
1525,C-03-I,NULL,PCS,0,115000,produk
1526,C-04-I ,NULL,PCS,0,140000,racikan
1527,C-01-H ,NULL,PCS,0,75000,racikan
1528,C-01-I,NULL,PCS,0,88000,racikan
1529,C-04-J,NULL,PCS,0,140000,racikan
153,E14 EUTHYROX 100 MG,100,MG,3402,4389,obat
1530,C-01-J,NULL,PCS,0,100000,racikan
1531,000026 SALEP RACIK,NULL,PCS,47800,66920,racikan
1532,C-03-J,NULL,PCS,0,155000,racikan
1533,CR012 CREAM 3046,NULL,PCS,0,95000,racikan
1534,KAPSUL ANTIBIOTIK,NULL,PCS,0,800,obat
1535,A01 ANTI RADANG,NULL,PCS,0,2500,obat
1536,SOD 5PCS,NULL,PCS,0,35000,obat
1537,C-01-K,NULL,PCS,0,155000,racikan
1538,A201 ACNE VIT,NULL,PCS,0,200000,obat
1539,KAPSUL RACIK ACNE,NULL,PCS,0,250000,obat
154,R10 RENAPAR,NULL,,0,0,obat
1540,SALEP JAMUR,NULL,PCS,38259,50000,racikan
1541,C-04-K,NULL,PCS,0,125000,racikan
1542,DIVITI PFS 2.5 MG/0.5 ML,NULL,AMPUL,327450,422411,obat
1543,C-01-L,NULL,PCS,0,155000,racikan
1544,SALEP GATAL RACIK,NULL,POT,0,280000,obat
1545,TWO WAY CAKE BEIGE,NULL,PCS,43512,95000,produk
1546,INVICLOT INJ,NULL,AMPUL,86996,100000,obat
1547,C-04-L,NULL,PCS,0,140000,racikan
1548,P71 PROXIME ,NULL,PCS,1443,1861,obat
1549,AO SOD 3,NULL,BOTOL,300000,450000,racikan
155,A73 APISATE,75,MG,15188,19593,obat
1550,C-04-M,NULL,PCS,0,155000,racikan
1551,C151 SALEP ANTIBIOTIK,NULL,PCS,0,75000,obat
1552,AO SOD 4,NULL,PCS,15000,150000,obat
1553,C-03-M,NULL,PCS,0,120000,racikan
1555,CREAM KAKI,NULL,PCS,86000,86000,obat
1556,LEVOFLOXACIN 500 MG INJEKSI,500,MG,128871,128871,obat
1557,C-03-K,NULL,PCS,0,120000,racikan
1558,C-04-N,NULL,PCS,155000,155000,obat
1559,CEFIXIME 200 MG,200,MG,2035,3867,obat
156,L26 LIPITOR 20 MG,20,MG,21754,27192,obat
1560,C48 CLINDAMYCIN 300MG,300,MG,1218,1766,obat
1561,U04 ULSIDEX,NULL,KAPLET,1332,1665,obat
1562,C-03-N,NULL,PCS,0,120000,racikan
1563,SRB4 SUPLEMEN DIET 1 MINGGU,NULL,PAKET,0,420000,racikan
1564,SUPLEMEN SLIMMING*,NULL,KAPSUL,0,600000,obat
1565,C-03-O,NULL,PCS,0,155000,racikan
1566,C-04-O,NULL,PCS,0,115000,racikan
1567,N31 NEXURIN ,NULL,TABLET,5328,7140,obat
1568,AO SOD 4*,NULL,BOTOL,15000,225000,obat
1569,C114 CINAM INJ,NULL,VIAL,98163,176693,obat
157,F35 FUROSEMID 40 MG INJ,NULL,AMPUL,5051,8081,obat
1570,C-04-P,NULL,PCS,0,155000,racikan
1571,SPARKLING,NULL,PCS,0,125000,racikan
1572,MTW (30),NULL,PCS,191,11000,obat
1573,D45 DIVALPROEX SODIUM 250 MG,250,MG,1199,3596,obat
1574,C-04-Q,NULL,PCS,0,140000,racikan
1575,C-03-P,NULL,PCS,0,155000,racikan
1576,1002 SALEP RACIK,NULL,PCS,0,70000,obat
1577,ANVOMER TAB,NULL,BIJI,0,4010,obat
1578,INFALGIN 500 MG,500,MG,381,457,obat
1579,KAPSUL SOD,NULL,BIJI,0,180000,racikan
158,V20 VITAMIN B COMPLEX,NULL,TABLET,171,247,obat
1580,C-03-Q,NULL,PCS,0,155000,racikan
1581,AZOMAX KAPLET,NULL,KAPLET,28472,37013,obat
1582,C-04-R,NULL,PCS,0,120000,racikan
1583,TAB ANTI RADANG,NULL,BIJI,0,5644,obat
1584,C-04-S,NULL,PCS,0,135000,racikan
1585,SALEP RACIK 3424,NULL,BIJI,90000,90000,obat
1586,MS01 MASKER SPARKLING,NULL,PCS,0,40000,produk
1587,C-01-O,NULL,PCS,0,155000,racikan
1588,C-03-S,NULL,PCS,0,155000,racikan
1589,AR03 KAP TRX (30),NULL,PCS,0,55000,obat
159,K07 KAMYFET 500 MG,500,MG,19040,23800,obat
1590,C-03-R,NULL,PCS,0,140000,racikan
1591,CEFTIZOXIME 1 GR INJ,NULL,AMPUL,177600,213120,
1592,L47 LANAKELOID CREAM 10GR,10,G,172050,221945,obat
1593,C-04-T,NULL,PCS,0,155000,racikan
1594,L46 LIPROQY,NULL,KAPSUL,8991,13487,obat
1595,S-01-A,NULL,POT,0,125000,racikan
1596,Q TEN-ANTIOKSIDAN,NULL,PCS,0,200000,racikan
1597,Q TEN-ANTIOKSIDAN*,NULL,PCS,0,350000,racikan
1598,OXYGEN,NULL,UNIT,0,50000,bhp
1599,C-01-P,NULL,PCS,0,120000,racikan
160,"R02 RAMIPRIL 2,5 MG",2.5,MG,291,407,obat
1600,SALEP KELOID,NULL,PCS,0,120000,obat
1601,SUPLEMENT ACNE(30KAP),NULL,KAPSUL,0,275000,obat
1602,C-04-U,NULL,PCS,0,240000,racikan
1603,C-04-V,NULL,PCS,0,155000,racikan
1604,C-03-T,NULL,PCS,0,155000,racikan
1605,SALEP RACIK**,NULL,TUBE,0,55000,obat
1606,SALEP RACIK***,NULL,TUBE,0,100000,obat
1607,C-04-W,NULL,PCS,0,155000,racikan
1608,Q120,NULL,PCS,0,120000,obat
1609,S-03-C,NULL,PCS,0,125000,racikan
161,S75 SPIRONOLACTON 25 MG,25,MG,244,428,obat
1610,C-03-U,NULL,PCS,0,155000,racikan
1611,Q TEN ANTIOKSIDAN 1,NULL,BOTOL,0,120000,racikan
1612,C-03-V,NULL,PCS,0,88000,racikan
1613,AO SOD 4**,NULL,BOTOL,15000,300000,obat
1614,L48 LEVOCIN INFUS,NULL,PCS,343490,463711,
1615,ULTRAPROCT N CREAM,NULL,PCS,150082,187603,obat
1616,C-02- B 30GR,30,G,0,250000,obat
1617,Q 200 (30),NULL,TABLET,0,200000,obat
1618,C-04-X,NULL,PCS,0,120000,racikan
1619,SR-03-A,NULL,PCS,249500,249500,racikan
162,A44 AMOXICILLIN 500 MG,500,MG,548,713,obat
1620,C152 CREAM ANTI IRITASI PAGI,NULL,PCS,0,95000,racikan
1621,C153 CREAM ANTI IRITASI MALAM,NULL,PCS,0,95000,racikan
1622,ALGANAX 0.5 MG,0.5,MG,7770,10490,obat
1623,FLEET ENEMA,NULL,PCS,0,135616,obat
1624,FAKTU SUPP,NULL,PASANG,12500,13000,obat
1625,C-03-X,NULL,PCS,0,105000,racikan
1626,C-03-L,NULL,PCS,0,140000,racikan
1627,SANOXICAL KAPSUL*,NULL,KAPSUL,7382,7751,obat
1628,DOLONES CREAM*,NULL,PCS,59774,62762,obat
1629,C-01-U,NULL,PCS,0,110000,racikan
163,R11 REPIMIDE,0,Tablet,3108,4040.4,obat
1630,C-03-Y,NULL,PCS,0,120000,racikan
1631,L-01-A,NULL,PCS,0,95000,produk
1632,L-01-B,NULL,PCS,0,85000,produk
1633,Acetylsistein 200 Mg Inhealth,200,MG,650,866,obat
1634,Adalat Oros Inhealth,NULL,,6900,9191,obat
1635,Allopurinol 100 Inhealth,100,MG,169,225,obat
1636,Allopurinol 300 Inhealth,300,MG,379,505,obat
1637,Amlodipin 10 Inhealth,10,MG,360,480,obat
1638,Amlodipin 5 Inhealth,5,MG,205,273,obat
1639,Amoxicicillin 500 Inhealth,500,MG,497,662,obat
164,G32 GUARPOSIDE,NULL,TABLET,3691,4983,obat
1640,Aspilet Inhealth,NULL,,416,554,obat
1641,Atorvastatin 10 Inhealth,10,MG,1654,2203,obat
1642,Atorvastatin 20 Inhealth,20,MG,2544,3389,obat
1643,Avodart Inhealth,NULL,,9100,12121,obat
1644,Azomax Sirup Inhealth,NULL,,72450,96503,obat
1645,Azithromycin 500 MG Inhealth,500,MG,2800,3730,obat
1646,Betason- N Inhealth,NULL,,11600,15451,obat
1647,Bisoprolol 5Mg Inhealth,5,MG,678,903,obat
1648,Braxidin Inhealth,NULL,,1200,1598,obat
1649,Briclot Inhealth,NULL,,9000,11988,obat
165,P08 PARATUSIN,NULL,TABLET,1303,1681,obat
1650,Canderin 16 Mg Inhealth,16,MG,6800,9058,obat
1651,Canderin 8 Inhealth,8,MG,4875,6494,obat
1652,Cedocard 5 Mg Inhealth,5,MG,891,1187,obat
1653,Cefixime 100Mg Inhealth,100,MG,955,1272,obat
1654,Cefixime 200Mg Inhealth,200,MG,2200,2930,obat
1655,Ceftriaxone Inj 1 G Inhealth,1,G,5250,6993,obat
1656,Cendo Cenfresh Tm Inhealth,NULL,,33730,44928,obat
1657,Cendo Lyteers Tm Inhealth,NULL,,21533,28682,obat
1658,Cepezet 100 Mg Inhealth,100,MG,479,638,obat
1659,Cinam Inj Inhealth,NULL,,96000,127872,obat
166,C36 CETIRIZIN 10 MG,10,MG,214,502,obat
1660,Ciprofloxacin 500Mg Inhealth,500,MG,448,597,obat
1661,Claneksi Inhealth,NULL,,8890,11841,obat
1662,Clonidine Inhealth,NULL,,185,246,obat
1663,Codein Phosphate 20 Mg Inhealth,20,MG,1476,1966,obat
1664,Combivent Inhealth,NULL,,12707,16926,obat
1665,"Concor 1,25 Mg Inhealth",125,MG,2150,2864,obat
1666,Coralan Inhealth,NULL,,8874,11820,obat
1667,Diclofenac Potassium Inhealth,NULL,,350,466,obat
1668,"Diviti Pfs 2,5Mg/0,5Ml Inhealth",NULL,,236000,314352,obat
1669,Domperidon Inhealth,NULL,,176,234,obat
167,A80 ASCAVIN,NULL,KAPSUL,8436,10967,obat
1670,Euthyrox 100 Inhealth,100,MG,2198,2928,obat
1671,Ezefer 10Mg Inhealth,10,MG,7700,10256,obat
1672,Fenofibrate 100 Inhealth,100,MG,1328,1769,obat
1673,Fenofibrate 300 Inhealth,300,MG,1863,2482,obat
1674,Fluimucil Injeksi Inhealth,NULL,,25735,34279,obat
1675,Fluimucil Sirup Inhealth,NULL,,45600,60739,obat
1676,Force-D 1000 IU Inhealth,NULL,,1750,2331,obat
1677,Forxiga 10 Mg Inhealth,10,MG,14103,18785,obat
1678,Glimepirid 1 Mg Inhealth,1,MG,240,320,obat
1679,Glimepirid 2Mg Inhealth,2,MG,430,573,obat
168,K13 KAPSUL NACL,NULL,,100,1200,obat
1680,Glimepirid 3Mg Inhealth,3,MG,620,826,obat
1681,Glimepirid 4Mg Inhealth,4,MG,840,1119,obat
1682,Gliquidon Inhealth,NULL,,1024,1364,obat
1683,Glucodex 80 Inhealth,80,MG,425,566,obat
1684,Glucophage Xr 1000 Inhealth,1000,MG,3885,5175,obat
1685,Glucophage Xr 500 Inhealth,500,MG,2117,2820,obat
1686,Glucophage Xr 750 Inhealth,750,MG,2324,3096,obat
1687,Glumin Xr 750 Inhealth,750,MG,1600,2131,obat
1688,Paracetamol 500 Mg Inhealth,500,MG,173,230,obat
1689,Hexymer 2 Mg Inhealth,2,MG,424,565,obat
169,G04 GABAPENTIN 300 MG,300,MG,1067,7360,obat
1690,Hyoscine Injeksi Inhealth,NULL,,7500,9990,obat
1691,Hytroz 2 Inhealth,NULL,,6500,8658,obat
1692,Ikalep Kaps 250Mg Inhealth,250,MG,2875,3830,obat
1693,Inerson 15 Gram Inhealth,15,G,43200,57542,obat
1694,Iron Sucrose Inj Inhealth,NULL,,36000,47952,obat
1695,"Jardiance Duo 12,5/1000 Mg Inhealth",NULL,,9613,12805,obat
1696,Kalnex Inhealth,NULL,,1900,2531,obat
1697,Kendaron Inhealth,NULL,,4114,5480,obat
1698,Ketoconazole 2% 10 Gram Inhealth,NULL,,5535,7373,obat
1699,Ketoconazole 200 Inhealth,NULL,,397,529,obat
170,K24 KAPSUL SESAK,NULL,PCS,1760,2600,obat
1700,Ketoprofen 100 mg Inhealth,100,MG,589,785,obat
1701,Ketorolac Injeksi Inhealth,NULL,,4091,5.449,obat
1702,Kompolax Emulsi Inhealth,NULL,,9091,12109,obat
1703,Ksr Inhealth,NULL,,2799,3728,obat
1704,Lacidofil Cap Inhealth,NULL,,4667,6216,obat
1705,Lansoprazole Inhealth,NULL,,591,787,obat
1706,Leparson Inhealth,NULL,,2800,3730,obat
1707,Levofloxacin Inhealth,NULL,,787,1048,obat
1708,Lidocain Inj Inhealth,NULL,,1100,1465,obat
1709,Lixiana 60 Mg Inhealth,60,MG,23500,31302,obat
171,N16 NIFEDIPIN,NULL,TABLET,149,307,obat
1710,Meloxicam 15 Mg Inhealth,15,MG,358,477,obat
1711,"Meloxicam 7,5 Mg Inhealth",75,MG,268,357,obat
1712,Metformin 500 Mg Inhealth,500,MG,181,241,obat
1713,Metoclopramid Injeksi Inhealth,NULL,,4200,5594,obat
1714,Monarin Fc 10Mg Inhealth,10,MG,6300,8392,obat
1715,Monuril Inhealth,NULL,,135675,180719,obat
1716,Mst 10 Mg Inhealth,10,MG,14200,18914,obat
1717,Mupirocin Zalf 2% 10 Gram Inhealth,NULL,,21818,29062,obat
1718,Mupirocin Zalf 2% 5 Gram Inhealth,NULL,,14875,19814,obat
1719,Nexurin Inhealth,NULL,,3450,4595,obat
172,O20 ORINOX 120 MG - ETORICOXIB 120 MG,120,MG,12179,16442,obat
1720,Nevodio Inhealth,NULL,,3792,5051,obat
1721,Omeprazole Inhealth,NULL,,297,396,obat
1722,Ondansentron 4 Mg Injeksi Inhealth,4,MG,1150,1532,obat
1723,Ondansentron 8 Mg Injeksi Inhealth,8,MG,3636,4843,obat
1724,Phenytoin 100 Mg Inhealth,100,MG,384,511,obat
1725,"Pulmicort 0,25/2ml Inhealth",NULL,,19926,26541,obat
1726,Ramipril 10 Inhealth,10,MG,814,1084,obat
1727,Ranitidine Inhealth,NULL,,171,228,obat
1728,Reinpid Inhealth,NULL,,4988,6644,obat
1729,Relaxon Inhealth,NULL,,730,972,obat
173,N20 NITROKAF RETARD,NULL,KAPSUL,2255,3413,obat
1730,Repimide Inhealth,NULL,,1475,1965,obat
1731,Respira Inhealth,NULL,,20100,26773,obat
1732,Rhinofed Inhealth,NULL,,1848,2462,obat
1733,Rhinos Sr Inhealth,NULL,,5817,7748,obat
1734,Rifampicin 450 Inhealth,450,MG,4428,5898,obat
1735,Sandepril 50 Mg Inhealth,50,MG,6776,9026,obat
1736,Thyrozol 10 Mg Inhealth,10,MG,2036,2712,obat
1737,"Trajenta Duo 2,5/500 Inhealth",NULL,,9305,12394,obat
1738,Tramadol 50 Mg Inhealth,50,MG,470,626,obat
1739,Tranexamid Acid Injeksi Inhealth,NULL,,2990,3983,obat
174,M39 MICARDIS 80 MG,80,MG,2576,32202,obat
1740,Tremenza Inhealth,NULL,,1165,1552,obat
1741,Triamcinolone 4 Mg Inhealth,4,MG,580,773,obat
1742,Ulsidex Inhealth,NULL,,860,1146,obat
1743,Urdahex Inhealth,NULL,,5200,6926,obat
1744,Urief Inhealth,NULL,,4710,6274,obat
1745,Urinter Inhealth,NULL,,2620,3490,obat
1746,Valisanbe 5 Mg Inhealth,5,MG,410,546,obat
1747,VECTRIN KAP - ERDOSTEIN 300 MG - INHEALTH,0,,4088,5445,obat
1748,Velthrom 5 Mg Inhealth,5,MG,840,1119,obat
1749,Vildi Inhealth,NULL,,3820,5088,obat
175,T13 TELMISARTAN 80 MG,80,MG,0,0,obat
1750,Vomizole 20 Mg Inhealth,20,MG,9500,12654,obat
1751,Zegavit Inhealth,NULL,,3050,4063,obat
1752,Ventolin Inhaler CFC Free Glax InHealth,NULL,PCS,110030,140583,obat
1753,Deculin 15 mg InHealth,15,MG,4537,6057,obat
1754,Coxiron 60 mg Inhealth,60,MG,4350,5794,obat
1755,Coxiron 90 mg Inhealth,90,MG,5460,7273,obat
1756,Coxiron 120 mg Inhealth,120,MG,7300,9724,obat
1757,Esoferr 40 mg Inhealth,40,MG,10000,13320,obat
1758,Lipitor 20 mg Inhealth,20,MG,5300,7060,obat
1759,Lipitor 40 mg Inhealth,40,MG,5500,7380,obat
176,U04 ULSIDEX,NULL,TABLET,1332,1665,obat
1760,Maltofer Chew Inhealth,NULL,,2601,3465,obat
1761,Provelyn 75 mg Inhealth,75,MG,7000,9324,obat
1762,Pariet 20 mg Inhealth,20,MG,13645,18175,obat
1763,Pariet 10 mg Inhealth,10,MG,0,NULL,obat
1764,Telsat 80/5 mg Inhealth,NULL,MG,10375,13819,obat
1765,Ezefer 10 mg Inhealth,10,MG,7700,10256,obat
1766,"Harnal Ocas 0,4 mcg",4,MCG,13578,18086,obat
1767,Cetirizin 10 mg,10,MG,180,240,obat
1768,Eperisone 50 mg,50,MG,1050,1399,obat
1769,Festaric 80 mg INHEALTH - FEBUXOSTAT 80 MG,80,MG,7000,9324,obat
177,G05 GALVUS,NULL,TABLET,2203,10290,obat
1770,Modexa 140 Nassal Spray ,NULL,,192000,255744,obat
1771,Mertigo SR,NULL,,4250,5661,obat
1772,Lacidofil,NULL,,4667,6216,obat
1773,Tradosik 50 mg,50,MG,4773,4510,obat
1774,Eprinoc 50 mg,50,MG,4107,3881,obat
1775,Megabal 500 mg,500,MG,1998,1888,obat
1776,Epexol 30 mg,30,MG,999,944,obat
1777,Levocin 500 mg,500,MG,41958,39650,obat
1778,Topcort Cream,NULL,,26862,36264,obat
1779,Flamar Cream,0,,19592,28273,obat
1780,Pregabalin 50 mg,50,MG,3964,5352,obat
1781,Vestein Syr Kering 175mg/5mL,NULL,,27455,36970,obat
1782,Vectrin Syr Kering 175mg/5mL- INHEALTH,0,,39750,55278,obat
1783,Sanmol Syr Inheath,NULL,NULL,16095,19714,obat
1784,Interdoxin InHealth - Doxycyclin 100 mg,100,MG,NULL,7706,obat
1785,SPASMAL INHEALTH,NULL,,NULL,2831,obat
1786,AZITRAN 500 MG INHEALTH,500,MG,NULL,10112,obat
1787,SUCRALFATE 100 ML INHEALTH,100,ML,NULL,11139,obat
1788,EPERISONE 50 INHEALTH,50,MG,NULL,1166,obat
1789,CETIRIZINE 10 MG INHEALTH,10,MG,NULL,250,obat
179,C20 CEFIXIME 100 MG,100,MG,945,1844,obat
1790,"HARNAL OCAS 0,4 MG INHEALTH",4,MG,NULL,15072,obat
1791,MERTIGO SR INHEALTH,NULL,,NULL,4718,obat
1792,PROVE D INHEALTH,NULL,,NULL,1970,obat
1793,SANMOL 500 MG INHEALTH,500,MG,NULL,403,obat
1794,SIMVASTATIN 10 MG INHEALTH,NULL,,NULL,205,obat
1795,MODEXA 140 DOSIS INHEALTH,140,MG,NULL,213120,obat
1796,NELANDOZ 2 MG INHEALTH,2,MG,NULL,15441,obat
1797,ELKANA TAB INHEALTH,NULL,,NULL,833,obat
1798,NEUROSANBE INHEALTH,NULL,,NULL,1221,obat
18,B127 Belova Royal Jelly Cream,NULL,PCS,22560,155000,produk
180,S64 SODIUM BICARBONAT,NULL,TABLET,82,107,obat
181,O07 OBH SYR,NULL,BOTOL,5246,6820,obat
182,F21 FESTARIC 80 - FEBUXOSTAT 80 MG,80,MG,9280,12527,obat
184,P23 PIONIX 30 MG,30,MG,0,0,obat
185,R06 RECOLFAR,NULL,TABLET,5994,8392,obat
186,D29 DOLO NEUROBION,NULL,TABLET,2007,2709,obat
188,E07 EPERISON,NULL,TABLET,1166,2040,obat
189,C25 CELEBREX 200 MG,200,MG,16891,21114,obat
19,B146 Belova That`s What I Need Sunscreen,NULL,PCS,24780,120000,produk
190,C11 CAPTOPRIL 50 MG,50,MG,224,280,obat
191,V34 VOSEA,NULL,TABLET,204,256,obat
192,S30 SANMAG TAB,NULL,,0,0,obat
193,L31 LONIDE,NULL,TABLET,7065,9538,obat
194,N15 NEW DIATAB,NULL,TABLET,609,761,obat
195,A87 AVIGAN,NULL,TABLET,19642,27650,obat
196,E03 ELKANA SYR,NULL,BOTOL,26307,32884,obat
197,P38 PRO TB2,NULL,TABLET,5666,9350,obat
199,E10 ERICAF,NULL,TABLET,6135,7669,obat
2,B140 Belova Skin Clearing Serum,NULL,PCS,24050,125000,produk
20,B143 Belova Sunscreen For Man,NULL,PCS,34990,80000,produk
200,T40 TREMENZA TAB,NULL,TABLET,1721,2151,obat
2000,ORINOX 60MG - ETORICOXIB 60 MG,60,MG,9643,9643,obat
2001,PROBIOSTIM,NULL,PCS,16933,16933,NULL
2002,AZOMAX DRY SYR,NULL,PCS,145655,145655,NULL
2003,NESFOL,NULL,PCS,87663,87663,NULL
201,S35 SANTA E 100 (BOTOL),NULL,BOTOL,51226,65000,obat
202,S37 SANTA E 250 (BOTOL),NULL,BOTOL,46065,95000,obat
203,S40 SANTA E 400 (BOTOL),NULL,BOTOL,142246,155000,obat
204,K11 KAPSUL BATUK,NULL,KAPSUL,430,1400,obat
206,C09 CANDESARTAN 8 MG,8,MG,388,6216,obat
207,D37 DOXYXICLIN 100 MG,100,MG,0,0,obat
208,O22 OSELTAMIVIR,NULL,,0,0,obat
209,R20 RHINOS SR,NULL,KAPSUL,7140,9210,obat
21,Belova Hey! It's Me Cushion Natural,NULL,,0,0,produk
210,S74 SPIRONOLACTON 100 MG,100,MG,745,1453,obat
211,N27 NUCRAL SYR 100 ML,NULL,,0,0,obat
212,K04 KALNEX 500 MG,500,MG,4605,5756,obat
2125,KENALOG  ORAL BASE,0,NULL,69930,90909,NULL
213,L11 LASAL SYR,NULL,BOTOL,30303,38788,obat
216,F15 FAVIKAL,NULL,,0,0,obat
217,I18 IVERMAX,NULL,,0,0,obat
218,M34 METHYLPREDNISOLON 4 MG,4,MG,266,453,obat
219,A42 AMLODIPIN 10 MG,10,MG,586,2040,obat
22,Belova Hey! It's Me Cushion Light,NULL,,0,0,produk
222,N28 NUCRAL SYR 200 ML,NULL,BOTOL,82251,111039,obat
224,P50 PROSTACOM,NULL,,0,0,obat
225,K38 KETOPROFEN 50 MG,50,MG,0,0,obat
226,"A35 ALPRAZOLAM 0,5 MG",0.5,MG,609,823,obat
227,P45 PROPANOLOL 10 MG,10,MG,84,110,obat
228,I19 IVERMECTIN,NULL,,0,0,obat
229,O18 ONDANSETRON 8 MG TAB,8,MG,1110,3386,obat
23,B150 Belova Tone-Up Sunscreen,NULL,PCS,25460,96500,produk
230,S32 SANMOL 500 MG TAB,500,MG,0,0,obat
231,P52 PROVE D3-1000,NULL,TABLET,2774,3437,obat
232,O34 OXYFIT,NULL,,0,0,obat
233,I11 INTUNAL FORTE,NULL,,0,0,obat
234,O23 OSTEOSAN 1000 MG,1000,MG,3185,3982,obat
235,G09 GEMFIBROSIL 300,300,MG,777,971,obat
236,"S72 SPIRIVA 2,5 MCG",2.5,MCG,589903,965000,obat
237,K06 KALXETIN 10 MG,10,MG,999,5550,obat
238,P22 PIONIX 15 MG,15,MG,0,0,obat
24,B74 Belova Glow Toner,NULL,PCS,21980,49500,produk
241,P35 PREGABALIN 75 MG,75,MG,5772,9177,obat
242,B04 BECOM C,NULL,,0,0,obat
243,N06 NASALIN SPRAY,NULL,,0,0,obat
244,I12 INTUNAL SYRUP,NULL,,0,0,obat
245,C22 CEFSPAN SYRUP,NULL,BOTOL,147075,189727,obat
246,G25 GLUMIN XR 750 MG,750,MG,2372,3084,obat
247,F18 FENOFIBRAT 100 MG,100,MG,1443,2814,obat
248,C42 CIMETIDIN 200 MG,200,MG,453,562,obat
25,B145 Belova Tea Tree Face Toner,NULL,PCS,17980,49500,produk
251,H13 HECOSAN SACHET,NULL,SACHET,8880,11100,obat
253,M15 MECTINSANBE,NULL,TABLET,5912,7500,obat
254,Z03 ZINC TABLET,NULL,TABLET,616,832,obat
255,L03 L-CISIN 0.5 MG,0.5,MG,5411,7035,obat
256,T15 TEMPRA SYR,NULL,BOTOL,22254,28027,obat
257,S73 SPIROLA 25 MG,25,MG,625,2475,obat
258,D13 DIABETON,NULL,TABLET,7161,8951,obat
259,C64 CODIPRONT SYR,NULL,BOTOL,71500,89375,obat
26,B17 Belova Aloe Vera ,NULL,PCS,17000,42000,produk
264,A26 ALINAMIN F,NULL,TABLET,1465,1978,obat
265,T48 TRIZEDON MR,NULL,TABLET,4351,5613,obat
266,D03 DEMACOLIN,NULL,,0,0,obat
268,G30 GRAFADON 500 MG,500,MG,0,0,obat
269,M38 MEZATRIN 500 MG,500,MG,1700,41250,obat
27,B75 BELOVA GOLD SERUM,NULL,PCS,35000,125000,produk
270,N22 NOROS,NULL,KAPSUL,6882,8603,obat
271,K21 KAPSUL RACIK DIET (MET 300),NULL,,0,0,obat
273,L16 LEPARSON,NULL,TABLET,4423,5529,obat
275,T03 TAMIFLU,NULL,,0,0,obat
276,A03 ACETIN 200,200,MG,3322,4319,obat
277,G03 GABAPENTIN 100 MG,100,MG,2081,3975,obat
278,H23 HI BONE,NULL,,0,0,obat
279,O21 OSCAL,NULL,,0,0,obat
280,G28 GLUTROP,NULL,TABLET,18150,22687,obat
281,P18 PHENYTOIN 100 MG,100,MG,654,982,obat
282,R08 REINPID,NULL,KAPSUL,6200,10312,obat
283,L09 LAPIBAL,NULL,KAPSUL,2976,3869,obat
284,P21 PIOGLITAZONE 30 MG,30,MG,935,4618,obat
285,C45 CITICHOLIN 500 MG,500,MG,4162,8533,obat
286,C60 CODEIN 10 MG,10,MG,856,1112,obat
289,G29 GOFLEX,NULL,TABLET,10545,13709,obat
29,B117 Belova Pore Serum ,NULL,PCS,24000,75000,produk
291,S84 SULCOLON,NULL,,0,0,obat
292,L33 LORATADINE 10 MG,10,MG,740,925,obat
293,R23 RILLUS TAB,NULL,TABLET,9065,11332,obat
294,L07 LAMESON 4 MG,4,MG,4600,5979,obat
295,R03 RAMIPRIL 5 MG,5,MG,516,800,obat
296,K34 KETOCONAZOL TAB,NULL,KAPLET,428,556,obat
297,T55 TWYNSTA 80/10 MG,10,MG,0,0,obat
298,R26 ROSUVASTATIN,NULL,,0,0,obat
3,B62 Belova DNA Salmon Cream,NULL,PCS,32550,155000,produk
30,B97 Belova Matte Soft Lip Cream Tahiti 01,NULL,PCS,25500,69500,produk
301,H32 HYTROZ 2 MG,2,MG,7215,9019,obat
302,K37 KETOPROFEN 100,100,MG,1332,1665,obat
303,A43 AMLODIPIN 5 MG,5,MG,300,1245,obat
304,M51 MYONEP,NULL,TABLET,5194,6623,obat
305,B178 BUSCOPAN PLUS,NULL,TABLET,4943,6179,obat
306,C03 CALORLOSS,NULL,TABLET,3690,5500,obat
307,C01 CALCUSOL,NULL,KAPSUL,936,1160,obat
308,V01 V-BLOCK 25 MG,25,MG,2081,10167,obat
309,C34 CETINAL 10 MG,10,MG,6610,9255,obat
31,B96 Belova Matte Soft Lip Cream Shanghai 02,NULL,PCS,25500,69500,produk
311,F27 FLUIMUCYL SYR,NULL,BOTOL,61605,83167,obat
312,G24 GLUCOSAMIN,NULL,TABLET,650,1222,obat
314,D31 DOMPERIDON,NULL,TABLET,300,420,obat
315,C44 CIPROFLOXACIN 500 MG,500,MG,528,1004,obat
316,M55 METRONIDAZOL 500 MG,500,MG,247,359,obat
317,C17 CEFADROXIL 500 MG,500,MG,605,1060,obat
318,T04 TAMSULOSIN,NULL,TABLET,4995,6993,obat
319,V13 VENOSMIL GEL,NULL,PCS,177156,283450,obat
32,B93 Belova Matte Soft Lip Cream Hawaii 03,NULL,PCS,25500,69500,produk
321,R18 RHINOFED,NULL,,0,0,obat
322,B155 BETADINE GARGLE 190 ML,NULL,BOTOL,30696,38000,obat
323,K44 KOMPOLAX SYR,NULL,BOTOL,8899,11569,obat
324,F07 FARSIRETIC,NULL,TABLET,483,628,obat
325,G14 GLICLAZIDE,NULL,TABLET,342,514,obat
326,M30 METFORMIN 850 MG,850,MG,411,535,obat
327,P46 PROPANOLOL 40 MG,40,MG,134,181,obat
329,S81 STATOR 20 MG,20,MG,16872,22777,obat
33,B94 Belova Matte Soft Lip Cream Maldives 05,NULL,PCS,25500,69500,produk
330,T12 TELMISARTAN 40 MG,40,MG,4352,5440,obat
331,G17 GLIMEPIRIDE 3 MG,3,MG,699,2448,obat
332,K02 KALITAKE SACHET,NULL,,0,0,obat
333,C57 CLORILEX 25 MG,25,MG,4400,5720,obat
334,C58 CLOZAPINE 100 MG,100,MG,8883,12436,obat
335,S56 SILDENAFIL CITRAT 100 MG,100,MG,35797,53696,obat
336,O09 OFLOXACIN 400 MG,400,MG,1154,1501,obat
337,B173 BRICLOT,NULL,TABLET,10545,14236,obat
338,E01 EFC-1,NULL,KAPSUL,0,0,obat
34,B95 Belova Matte Soft Lip Cream Santorini 06,NULL,PCS,25500,69500,produk
340,B154 BESANMAG,NULL,TABLET,999,1289,obat
341,F16 FDC ARV,NULL,,0,0,obat
342,P20 PIOGLITAZONE 15 MG,15,MG,533,2976,obat
343,F20 FENOSUP LIDOSE,NULL,KAPSUL,8418,16415,obat
344,V32 VOMETA FT,NULL,TABLET,4640,6264,obat
345,P34 PREDNISON TAB,0,Tablet,117,217,obat
346,C04 CALOS,NULL,TABLET,999,1237,obat
347,D38 DULCOLAX TAB,NULL,TABLET,2287,2013,obat
348,A29 ALLOPURINOL 100 MG,100,MG,289,361,obat
349,G15 GLIMEPIRIDE 1 MG,1,MG,321,1140,obat
35,B147 Belova Tirai SPF 40,NULL,PCS,25383,100000,racikan
350,G16 GLIMEPIRIDE 2 MG,2,MG,316,1797,obat
351,E15 EUTHYROX 50 MG,50,MG,1915,2470,obat
352,F03 FAKTU OINTMENT,NULL,PCS,109224,135300,obat
353,H28 HYDROCORTISON 2.5%,NULL,TUBE,7306,9133,obat
354,N19 NILACELIN SYR,NULL,BOTOL,37400,46750,obat
355,Z02 ZIBRAMAX DRY SYR,NULL,BOTOL,113886,153746,obat
356,S76 SPORACID,NULL,TABLET,23088,28860,obat
357,P09 PARATUSIN SYR,NULL,BOTOL,33679,42000,obat
358,A38 AMBROXOL 30 MG,30,MG,200,260,obat
359,B162 BIOPLACENTON,NULL,PCS,28860,37229,obat
36,B148 Belova Tirai SPF 50,NULL,PCS,28896,120000,racikan
360,F33 FORXIGA 10 MG,10,MG,21683,27971,obat
361,F22 FG TROCHES,NULL,TABLET,1480,1833,obat
363,H14 HECOSAN SYR,NULL,BOTOL,58331,75830,obat
364,O27 OZEMPIC DUAL DOSE PEN,NULL,PCS,2053500,2522865,obat
365,M14 MECOBALAMIN KAPSUL 500 MCG,NULL,KAPSUL,583,1137,obat
366,A04 ACETYLCYSTEIN 200 MG,200,MG,527,1424,obat
368,D34 DONEPEZIL TAB,NULL,TABLET,2200,7392,obat
369,L05 LACTAS CALCICUS 500 MG,500,MG,88,128,obat
37,B07 Belova Acne Day Cream,NULL,PCS,22011,75000,produk
370,L08 LANSOPRAZOL 30 MG,30,MG,619,1727,obat
372,V28 VOLEQUIN ,NULL,TABLET,35431,47832,obat
373,G19 GLIQUIDONE 30 MG,30,MG,1270,1651,obat
374,C54 CLOBAZAM 10 MG,10,MG,1001,1302,obat
375,A36 ALPRAZOLAM 1 MG,1,MG,939,1268,obat
376,K35 KETOCONAZOLE 2% CREAM,NULL,TUBE,7770,9713,racikan
377,E02 ELKANA CL SYR,NULL,BOTOL,58219,72774,obat
378,C18 CEFAT DRY SYR - CEFADROXIL125MG/5 ML,0,Botol,51338,66740,obat
379,E21 EYEFRESH 0.6 ML MINIDOSE,NULL,STRIP,24802,32243,racikan
38,B09 Belova Acne Night Cream,NULL,PCS,21095,95000,racikan
380,C23 CEFTRIAXONE INJ 1 G,NULL,VIAL,7770,15540,obat
382,C59 CLOZAPINE 25 MG,25,MG,1856,4178,obat
383,X05 XIDANE GEL 30 G,30,G,76808,99850,obat
384,P49 PROSPIDE TAB 100 MG,100,MG,2500,3607.5,obat
385,K32 KETESSE 25 MG TAB,25,MG,8114,11360,obat
386,P48 PROPYLTHIOURACIL 100 MG,100,MG,501,626,obat
387,D15 DIANE 35,NULL,BOX,143569,186640,obat
388,N14 NEVODIO 5 MG,5,MG,5061,6833,obat
389,G06 GASTROFER INJ 40 MG,0,Vial,144300,180375,obat
39,B130 Belova Royal Jelly Racik,NULL,PCS,35880,155000,racikan
390,I15 ISOSORBIDE DINITRAT 5 MG,5,MG,163,204,obat
391,S01 SALBUTAMOL 2 MG,2,MG,142,184,obat
392,I01 IBUPROFEN 400 MG,400,MG,245,355,obat
393,A76 ASAM MEFENAMAT 500 MG,500,MG,309,433,obat
394,D27 DOHIXAT 100 MG,100,MG,455,569,obat
395,B77 BELOVA HAIR GROW SHAMPOO,NULL,BOTOL,79920,125000,produk
396,H18 HEPA BALANCE,NULL,TABLET,13181,17136,obat
397,C106 CTM 4 MG,4,MG,52,73,obat
398,C63 CODIPRONT CAP,NULL,KAPSUL,9048,15241,obat
399,M47 MST CONTINUS 10 MG,10,MG,15620,24406,obat
4,B32 Belova Brightening Night Cream with Tranexamic Acid,NULL,PCS,26445,140000,produk
40,B70 Belova Eye Serum,NULL,PCS,35640,200000,produk
400,T37 TRAMADOL 50 MG CAP,50,MG,548,916,obat
401,R27 RYZODEG FLEX TOUCH,0,Pcs,314840,393550,obat
402,B06 BECOMZET,NULL,TABLET,2387,3079,obat
403,B35 Belova Caviar Night Cream,NULL,PCS,31690,115000,produk
405,S47 Serum Acne,NULL,PCS,26000,75000,produk
406,S52 Serum Degressing,NULL,PCS,0,75000,produk
407,B01 Baby De Biosanitizer 100 ml,NULL,PCS,54945,85000,produk
408,B44 BELOVA CREAM FLEK,NULL,PCS,27540,100000,racikan
409,T31 Toner Acne (Ianthe),NULL,PCS,14000,49500,produk
410,B85 Belova Loose Powder Acne,NULL,PCS,40071,85000,produk
411,B86 Belova Loose Powder Whitening,NULL,PCS,46925,95000,produk
413,B109 Belova Pagi AHA2,NULL,PCS,20555,75000,racikan
414,B88 Belova Malam Acne,NULL,PCS,22178,95000,racikan
415,B105 Belova Pagi AA,NULL,PCS,22178,75000,racikan
416,B106 Belova Pagi AA2,NULL,PCS,0,75000,racikan
417,P03 Pagi AHA2 8 GR,NULL,PCS,13155,55000,racikan
418,M02 Malam AA1 8GR,NULL,PCS,22178,75000,racikan
420,P01 Pagi AA,NULL,PCS,14192,55000,racikan
421,P02 Pagi AA2,NULL,PCS,0,55000,racikan
422,B115 Belova Platinum,NULL,PCS,27540,100000,produk
423,B68 Belova Excelent Night,NULL,PCS,27990,100000,racikan
424,B119 Belova Premium Night,NULL,PCS,38423,150000,racikan
425,P26 Platinum Night 8 GR,NULL,PCS,17626,75000,racikan
426,E19 Excelent Night 8 gr,NULL,PCS,17914,80000,racikan
427,B23 Belova Armpit Cream,NULL,PCS,13830,76000,racikan
428,B132 Belova Scrub,NULL,PCS,9200,65000,racikan
429,B170 BOX PACKING,NULL,PCS,3700,5000,produk
430,P29 POUCH,NULL,PCS,6165,10000,produk
431,P06 PAPER OBAT,NULL,PCS,0,0,produk
432,D33 DOMPET RAJUT,NULL,PCS,0,35000,produk
433,K01 KACA BELOVA,NULL,PCS,3000,5000,produk
434,D28 DOKTER LEMON,NULL,PCS,35200,85000,produk
435,A74 ARDIUM,NULL,TABLET,8547,10587,obat
436,B167 BLOPRESS 8 MG,8,MG,13900,19286,obat
437,A34 ALPENTIN 100 MG,100,MG,1745,4000,obat
438,C101 CURCUMA FORCE,NULL,TABLET,1031,1289,obat
439,S31 SANMOL 1 GRAM INFUS,NULL,BOTOL,29585,91857,obat
440,O13 OMEPRAZOLE 40 MG INJ,NULL,VIAL,17760,71040,obat
441,D35 DOPAMET 250,250,MG,1200,2571,obat
443,N05 NARFOZZ 4 MG TAB,4,MG,15126,23375,obat
444,D10 DEXAMETHASON 0.5 MG TAB,0.5,MG,66,206,obat
445,C69 COTRIMOXAZOLE TAB,NULL,TABLET,231,289,obat
446,C71 CRAVIT 750 MG 150 ML INFUS,NULL,PCS,399600,623376,obat
447,H31 HYOSCINE 20 MG INJ,NULL,AMPUL,8991,16184,obat
448,F25 FLUIMUCIL 300 MG INJ,NULL,AMPUL,12614,74459,obat
449,N10 NEEDLE 30,NULL,PCS,635,4290,obat
45,B22 Belova Antivirus Cream,NULL,,0,0,racikan
450,I13 IRBESARTAN 300 MG,300,MG,2641,6472,obat
451,N09 NEEDLE 26,NULL,PCS,635,4290,bhp
452,N08 NEEDLE 25,NULL,PCS,8500,0,bhp
453,K28 KASSA STERIL,NULL,BOX,2100,2730,obat
454,A28 ALKOHOL SWAB,NULL,PCS,250,587,obat
455,T43 TRIAMCINOLON INJ 10 MG/ ML (5 ML),NULL,VIAL,49950,64935,obat
456,V21 VITAMIN C + COLLAGEN RODOTEX,NULL,AMPUL,14166,18417,bhp
457,C33 CERNEVIT,NULL,VIAL,264180,396270,obat
458,N24 NOVOFINE,NULL,VIAL,0,0,bhp
46,B36 Belova Ceramide Cream,NULL,PCS,24425,88000,racikan
460,H04 HANDSCHOON,NULL,PCS,5500,6600,obat
463,N01 NACL 100 ML,NULL,PCS,7570,19077,obat
464,N26 NOVORAPID,NULL,PCS,112998,201923,obat
466,L18 LEVEMIR,NULL,PCS,112249,203650,obat
467,P16 PEHACAIN,NULL,VIAL,5931,8600,obat
468,R25 RL 500 ML,NULL,PCS,10622,27063,obat
473,S91 SURFLO/ABOCATH 24,NULL,PCS,12000,39960,obat
474,T39 TRANFUSI SET,NULL,PCS,9900,9900,bhp
475,U09 URINE BAG,NULL,PCS,10000,10000,bhp
476,W02 WING NEEDLE,NULL,PCS,5720,7150,obat
477,N11 NEEDLE 32,NULL,PCS,11999,20000,bhp
479,O17 ONDANSETRON 8 MG INJ,NULL,AMPUL,4844,9833,obat
480,W01 WATER FOR INJECTION 25 ML,NULL,PCS,6300,8500,obat
482,V19 VITAFION-C INJ,NULL,PCS,34000,34000,bhp
484,H17 HEMAPO,NULL,PCS,126540,164502,obat
485,P27 PLESTERIN,NULL,PCS,200,500,obat
491,O16 ONDANSETRON 4 MG TAB,4,MG,740,2147,obat
492,K39 KETOROLAC 30MG,30,MG,9441,14633,obat
494,C46 CITICHOLIN 500 MG INJ,NULL,PCS,24993,31241,obat
495,L10 LAPIBAL INJ,NULL,AMPUL,35173,46429,bhp
496,M24 MESOESTETIC WHITE SOLUTION,NULL,PCS,0,0,bhp
497,V27 VIVENA,NULL,VIAL,62271,90292,obat
498,T05 TATIONIL INJ,NULL,PCS,48152,48152,bhp
5,B67 Belova DNA Salmon Toner with Centella,NULL,PCS,20040,78500,produk
501,D11 DEXAMETHASON INJ,NULL,PCS,1697,3055,obat
502,I08 INJECT WHITE KROMOSOM ,NULL,PCS,461592,2000000,bhp
504,N23 NOSTROK 10 MG,10,MG,20979,28322,obat
505,T20 THEOBRON,NULL,KAPSUL,2858,3572,obat
506,B108 BELOVA PAGI AHA,NULL,PCS,29881,75000,racikan
507,K15 KAPSUL RACIK,NULL,KAPSUL,641,2550,obat
509,B112 BELOVA PAGI RACIK,NULL,PCS,27540,100000,produk
51,B81 Belova Hidrasi Cream,NULL,,0,0,racikan
510,H25 HOME PEELING KIT,NULL,PCS,29850,100000,racikan
511,K10 KAPSUL ANTI OXIDANT,NULL,KAPSUL,8436,11500,obat
512,C13 CARA PAKAI,NULL,PCS,0,0,produk
513,M09 Masker Peel Off,NULL,PCS,6000,30000,produk
514,B123 BELOVA RACIK GATAL,NULL,STRIP,20230,155000,produk
519,F28 FLUNARIZINE 5 MG,5,MG,1040,1769,obat
52,B19 Belova Anti Fungal Cream,NULL,,0,0,racikan
520,K16 KAPSUL RACIK,NULL,KAPSUL,1701,3400,obat
521,I06 INFUS VITAMIN,NULL,PCS,0,600000,obat
523,A75 ASAM FOLAT 1 MG,1,MG,237,201,obat
524,B156 BETAHISTINE MESILATE,NULL,TABLET,543,1142,obat
527,V02 V-BLOCK 6.25 MG,6.25,MG,1651,3819,obat
529,M35 METHYLPREDNISOLON 8 MG,8,MG,472,685,obat
53,B99 Belova Neck Cream,NULL,PCS,27000,120000,produk
530,N25 NOVOMIX,NULL,PCS,141271,201312,obat
531,L34 LULUR SUSU REMPAH,NULL,PCS,680,12000,produk
533,B29 Belova Brightening Day Cream,NULL,PCS,35940,140000,produk
535,A59 ANTI INFLAMASI,NULL,KAPSUL,4160,5200,obat
536,P33 PREBIOTIK ,NULL,KAPSUL,5800,7800,obat
537,H27 HQ 5 ULTRA,NULL,PCS,17640,47400,racikan
538,A07 ACNE CREAM DAY & NIGHT,NULL,PCS,16611,29801,racikan
540,P19 PIL FLEK,NULL,TABLET,7381,11200,obat
541,H30 HYDROXYUREA 500 MG,500,MG,4923,12699,obat
542,C28 CENDO XITROL 5 ML,NULL,PCS,28130,37976,obat
543,A32 ALOCLAIR PLUS MOUTHWASH,NULL,PCS,99900,128871,obat
544,R14 RETINOL PEELING,NULL,PCS,150150,195195,racikan
545,G18 GLIMEPIRIDE 4 MG,4,MG,888,3996,obat
546,M49 MUPIROCIN 2% 10 GRAM OINTMENT,10,GR,31635,42707,obat
547,C84 CREAM MALAM RACIK HT,NULL,PCS,27540,100000,produk
548,B98 BELOVA MILK CLEANSER,NULL,PCS,10050,49500,produk
549,L04 LACIDOFIL CAP,NULL,KAPSUL,5800,7540,obat
551,G01 GA 70 PEELING SOL 60 ML,NULL,PCS,225060,292578,racikan
552,H06 HARNAL OCAS,NULL,TABLET,4163,17500,obat
553,S25 SANDEPRIL 50 MG,50,MG,8880,11100,obat
555,K20 KAPSUL RACIK DE,NULL,KAPSUL,11877,39000,obat
556,B107 BELOVA PAGI ACNE,NULL,PCS,22011,75000,racikan
558,D01 DAILY WHITE FORTE,NULL,PCS,17626,47000,racikan
559,L25 LIGHTENING FORTE CREAM,NULL,PCS,17626,46600,racikan
56,A89 AZITHROMYCIN TAB,NULL,TABLET,7700,10010,obat
560,C77 CREAM FLEK TAHAP BERAT,NULL,PCS,55920,55920,produk
561,A63 ANTI IRITASI,NULL,PCS,10130,38000,racikan
562,N12 NEO PROLIVA,NULL,TABLET,6327,8541,obat
563,B144 BELOVA SUNSCREEN SPRAY,NULL,PCS,15300,80000,produk
564,C49 CLINDAMYCIN 500 GRAM,NULL,GRAM,1407,1830,racikan
565,H16 HELIATECH TUBE,NULL,GRAM,2388,3104,racikan
566,S65 SOOTHING CREAM 12.5 GRAM,NULL,PCS,16137,20978,racikan
568,A05 ACYCLOVIR 400 MG TAB,400,MG,1044,1326,obat
569,M33 METHYLPREDNISOLON 16 MG,16,MG,835,1295,obat
57,B166 BISOPROLOL 5 MG,5,MG,440,1542,obat
570,H12 HCT 25 MG,25,MG,179,278,obat
571,L01 L CARNITIN,NULL,TABLET,13875,17100,obat
572,S50 Serum Booster Flek Essence 10 ml,NULL,PCS,65046,111700,produk
573,F02 Facial Wash AHA,NULL,PCS,12875,21000,produk
574,S87 Sunblock SPF 40 Water Drop,NULL,PCS,31446,62892,racikan
575,L23 Lightening Cream,NULL,PCS,17626,46600,racikan
576,R15 RETINOL PEELING,NULL,VIAL,150150,500000,produk
577,B124 BELOVA RACIK MELASMA,NULL,PCS,22156,130000,produk
578,K22 KAPSUL RACIK SA,NULL,KAPSUL,1198,1900,obat
579,L17 LEPTICA 75 MG,NULL,TABLET,9350,12155,racikan
58,B172 BRAXIDIN,NULL,TABLET,1332,1718,obat
580,S42 SARUNG TANGAN MAXTER NO 7,NULL,PASANG,7000,9100,racikan
581,O12 OMEORAZOLE 20 MG KAP,NULL,KAPSUL,528,686,racikan
582,B102 BELOVA NIGHT CREAM RACIK ,NULL,PCS,27540,95000,produk
583,L20 LEVOPAR,NULL,TABLET,3996,5196,obat
587,A51 ANTI ACNE II,NULL,TABLET,142276,177500,racikan
588,B71 BELOVA FACE MIST,NULL,PCS,10000,25000,produk
589,M18 MEDIXON INJ 125 MG,125,MG,92907,125424,obat
59,C12 CAR Q,NULL,TABLET,13875,17344,obat
590,K33 KETESSE INJ 50 MG,NULL,AMPUL,55500,69375,obat
591,S51 Serum Booster Step 2,NULL,PCS,65046,125000,produk
592,E06 ENERGI IMUNITY BOOSTER,NULL,,0,1200000,obat
593,N17 NIFLEC,NULL,PCS,177600,220000,obat
594,C97 CREAM RAMBUT,NULL,PCS,22178,100000,produk
595,R05 RECALUS,NULL,KAPSUL,4995,6993,obat
596,M04 MASKER,NULL,PCS,520,5000,produk
598,A24 ALCOVID HAND SANITIZER,NULL,BOTOL,13000,19000,produk
599,P13 PEELING RETINOL ,NULL,VIAL,50050,175000,produk
6,B63 Belova DNA Salmon Facial Wash with Centella,NULL,PCS,19785,78000,produk
60,C48 CLINDAMYCIN 300 MG,300,MG,1110,1776,obat
600,T29 TIRAI SPF 50 8 GRAM,NULL,PCS,18493,85000,produk
601,A83 ATEVIR 0.5 MG,0.5,MG,38665,46398,obat
602,P25 PLATINUM BAHAN BAKU,NULL,GRAM,2116,2645,racikan
603,D06 DESONIDE BAHAN BAKU,NULL,GRAM,1350,1756,racikan
604,P36 PREMIUM BAHAN BAKU,NULL,GRAM,2835,3685,racikan
605,B159 BHP INFUS,NULL,PAKET,27850,45000,obat
606,V05 VALAMIN,NULL,BOTOL,60369,101681,obat
607,I04 INFUS SET,NULL,PCS,9900,20500,obat
609,K27 KAPSUL WHITENING /KAP,NULL,KAPSUL,17482,25000,obat
61,C55 CLONIDIN,NULL,TABLET,396,515,obat
610,B72 Belova Facial Wash,NULL,PCS,17980,44000,produk
611,B73 Belova Facial Wash Acne,NULL,PCS,17980,49500,produk
612,B104 Belova Oxy Spray,NULL,PCS,10000,20500,produk
613,B46 Belova cream Ketiak,NULL,PCS,16083,78000,produk
614,S22 SANBE-HAIR 60 ML,NULL,BOTOL,227550,295815,produk
615,B76 BELOVA HAIR GROW ,NULL,PCS,55550,115000,produk
616,B03 BD-ULTRA FINE PRO 0.23 X 4 MM,NULL,PCS,2695,3373,obat
617,K12 KAPSUL KOSONG,1,BIJI,50,100,obat
619,K46 KSR 600 MG,600,MG,2556,5125,obat
62,C56 CLOPIDOGREL 75MG,75,MG,1954,7035,obat
620,P07 PARACETAMOL 500 MG,500,MG,179,322,obat
622,S41 SANTAGESIC INJ,NULL,AMPUL,5029,14033,obat
623,T16 TERAZOSIN 2MG,2,MG,1225,7053,obat
625,C37 CHARCOAL BUBBLE MASK,NULL,PCS,0,49500,produk
627,B37 BELOVA CHARCOAL BUBBLE MASK,NULL,PCS,49500,49500,produk
628,B151 BELOVA TUTTI FRUTTI HAND BODY,NULL,PCS,14000,53000,produk
629,B157 BETASON-N 5GR,5,G,16484,21264,obat
63,D24 DISOLF,NULL,TABLET,7615,9899,obat
630,B89 BELOVA MALAM AHA,NULL,PCS,20555,75000,produk
632,S55 SERUM TRX,NULL,PCS,47952,125000,produk
633,P05 PAKET VITILIGO CREAM (STEP 1 & 2),NULL,PCS,39205,475000,racikan
634,B100 BELOVA NECK CREAM 2,NULL,PCS,20555,95000,racikan
635,M10 MASKER TISSUE,NULL,PCS,2000,35000,produk
636,C38 CHLORPROMAZINE 100MG,100,MG,300,390,obat
637,I07 INFUSE COLLAGEN,NULL,PCS,18000,495000,produk
638,C80 CREAM FLEK TAHAP III,NULL,PCS,32620,55920,racikan
639,L24 LIGHTENING CREAM,NULL,PCS,17626,44200,racikan
64,D36 DOXICOR,NULL,KAPSUL,6660,8325,obat
640,K17 KAPSUL RACIK,NULL,KAPSUL,725,2600,obat
642,S48 SERUM ALMOND,NULL,PCS,27000,50000,produk
643,F30 FOODSTERILIZER 1 L,NULL,BOTOL,73200,90000,produk
644,D22 DISINFECTANT 1 L,NULL,BOTOL,51739,85000,produk
645,B73 BELOVA FACIAL WASH POPULEX 100ML,NULL,PCS,135700,230000,produk
646,A68 ANTI RADANG,NULL,KAPSUL,518,1200,obat
647,A50 ANTI ACNE 1,NULL,KAPSUL,6360,8500,obat
648,G07 GASTROPROTECTOR,NULL,KAPSUL,888,1850,obat
649,B11 BELOVA ACNE NIGHT RACIK KHUSUS,NULL,PCS,22178,190000,racikan
65,F06 FARMALAT,NULL,,0,0,obat
650,B08 BELOVA ACNE DAY RACIK KHUSUS,NULL,PCS,44022,190000,racikan
651,D19 DILTIAZEM,NULL,TABLET,175,219,obat
652,R07 REGROU 30 ML,NULL,BOTOL,58369,155000,racikan
653,E18 EXCELENT BAHAN BAKU,NULL,GRAM,2205,2867,racikan
654,T41 TRETINOIN BAHAN  BAKU,NULL,GRAM,1395,1395,racikan
655,A19 AHA 8% CREAM BAHAN BAKU,NULL,GRAM,1998,2597,racikan
656,A06 ACNE CREAM BAHAN BAKU,NULL,GRAM,1998,2597,racikan
657,M12 MASSAGE CREAM,NULL,GRAM,210,273,racikan
658,S66 SOOTHING CREAM BAHAN BAKU,NULL,GRAM,1838,2390,racikan
659,A20 AHA NEUTRALIZER,NULL,ML,250,325,racikan
66,F08 FARSORBID,NULL,TABLET,232,412,obat
660,S09 FUNGAL CREAM 15,NULL,PCS,13675,85000,obat
661,O04 OBAT MINUM,NULL,PCS,3691,5200,obat
662,A53 ANTI ACNE III,NULL,BOTOL,174000,185000,obat
663,Z04 ZITANID,NULL,TABLET,5983,7778,obat
664,L28 LISINOPRIL 10 MG,10,MG,528,925,obat
665,A27 ALKOHOL 70 %,NULL,ML,60000,80000,racikan
666,J04 JERIGEN,NULL,PCS,20000,45000,racikan
667,C88 CREAM RACIK BABY,NULL,PCS,27540,95000,racikan
669,C91 CREAM RACIK KAKI 30 G,NULL,PCS,48610,243000,produk
67,F17 FEBURIC,NULL,,0,0,obat
670,C83 CREAM KAKI,NULL,PCS,58577,243000,racikan
671,T26 THYROZOL 10 MG,10,MG,3190,3988,obat
673,C99 CREAM VITILIGO HAVI,NULL,PCS,25000,125000,racikan
674,A13 ACNE NIGHT CREAM NY.YANTI,NULL,PCS,16146,34875,racikan
675,H26 HQ 5 (LIGHTENING CREAM),NULL,PCS,17914,46600,racikan
676,A11 ACNE DAY CREAM NY. YANTI,NULL,PCS,21830,41622,racikan
677,B142 BELOVA SOLUTION SERUM FOR ACNE 15ML,NULL,PCS,25650,125000,produk
678,P14 PEELING RETINOL,NULL,VIAL,50050,250000,produk
679,S44 SCRUB,NULL,PCS,0,5000,racikan
68,F19 FENOFIBRAT 300 MG,300,MG,2672,5613,obat
680,B42 BELOVA CREAM EXCEMA,NULL,PCS,22175,95000,racikan
681,E16 EUVAX B 1 ML,NULL,VIAL,95000,123500,racikan
682,B171 BRAINACT 500 MG TAB,500,MG,14430,18035,obat
683,A70 ANTIBIOTIK 5 G,5,G,1878,10000,obat
684,B125 BELOVA RACIK SS,NULL,PCS,27540,115000,racikan
685,H07 HAVE FUN GO MATTE LIP CREAM- DREAM,NULL,PCS,23115,65000,produk
686,H09 HAVE FUN GO MATTE LIP CREAM-FIGHT,NULL,PCS,23115,65000,produk
687,B49 BELOVA CREAM MOISTURIZING,NULL,PCS,20706,95000,racikan
688,K18 KAPSUL RACIK,NULL,KAPSUL,1225,4725,obat
689,B91 BELOVA MALAM MELASMA RACIK,NULL,PCS,22156,140000,racikan
69,F23 FLAMICOT 4 MG TAB - TRIAMCINOLONE 4 MG,4,MG,3691,4983,obat
690,B21 BELOVA ANTI IRITASI RACIK,NULL,PCS,26880,95000,racikan
691,H08 HAVE FUN GO MATTE LIP CREAM-CAPPADOCIA,NULL,PCS,23115,65000,produk
692,H11 HAVE FUN GO MATTE LIP CREAM-HERS,NULL,PCS,23115,65000,produk
693,H10 HAVE FUN GO MATTE LIP CREAM-HAPPINES,NULL,PCS,23115,65000,produk
694,S05 SALEP ANTI BIOTIK 10GR,NULL,PCS,15060,50000,racikan
695,S89 SUPLEMENT AB,NULL,TABLET,150,300,obat
696,S90 SUPLEMENT KTS,NULL,TABLET,1200,1800,obat
697,V03 VAKSIN HEPATITIS,NULL,PCS,95000,120000,obat
698,S24 SANDEPRIL 12.5 MG,12.5,MG,1024,3000,obat
699,O01 OBAT AMT,NULL,KAPSUL,550,700,obat
7,B25 Belova B2B Toner for Acne with Beta Glucan and BHA,NULL,PCS,19485,78500,produk
70,K08 KAPSUL ACNE,NULL,PCS,6600,8600,obat
700,H03 HALOPERIDOL 5 MG,5,MG,294,400,obat
701,S92 SUSU PROTEIN,NULL,PCS,55000,65000,produk
702,M28 METABOLISME INJEKSI,NULL,PCS,0,2500000,obat
703,L02 L-CDX,NULL,KAPSUL,3691,5500,obat
704,L12 LASIX,NULL,KAPSUL,6670,8337,obat
705,V16 VIP ALBUMIN,NULL,KAPSUL,7770,9713,obat
706,L22 LIDOCAIN 2% INJEKSI,NULL,AMPUL,1249,2123,racikan
707,L37 LYNAE MAZTHIONE,NULL,KAPSUL,17482,25000,obat
708,O29 OZEMPIC SINGLE DOSE PEN,NULL,PCS,2053494,2522865,obat
709,T45 TRIHEXYLPHENIDIL,NULL,TABLET,115,150,obat
71,L06 LACTULOSA SYR,NULL,,0,0,obat
710,R24 RISPERIDON 2 MG,2,MG,1995,3093,obat
711,H22 HEXYMER 2 MG,2,MG,417,524,obat
712,B174 BRIGHTENING TRANEX CREAM RACIK,NULL,PCS,42651,140000,racikan
714,M25 MESOESTHETIC WHITENING SOLUTION,NULL,VIAL,307240,399412,racikan
717,A86 AVAMIST NASAL SPRAY,NULL,PCS,151384,196799,obat
718,C26 CELESTAMIN SYR,NULL,BOTOL,48674,60843,obat
719,S88 SUNBLOCK WHITE SERIES,NULL,PCS,12000,28000,racikan
720,A54 ANTI ACNE NIGHT CREAM,NULL,PCS,15746,34875,racikan
721,C82 CREAM FLEK TAHAP RINGAN I,NULL,PCS,22300,43500,racikan
723,T30 TIZOS 1 GRAM,1,G,195360,293040,obat
724,F24 FLEET PHOSPOSODA,NULL,BOTOL,45375,91575,obat
726,P15 PEELING RETINOL,NULL,PCS,50050,200000,produk
727,B78 BELOVA HAIR SERUM,NULL,PCS,58730,155000,produk
728,C27 CENDO LYTEERS 15 ML,NULL,BOTOL,22228,30230,obat
729,X03 XEPAZYM,NULL,TABLET,3164,4271,obat
73,L19 LEVOFLOXACIN 500 MG,500,MG,1318,1714,obat
731,D14 DIAGIT,NULL,TABLET,2963,3852,obat
733,V33 VOMETA SYR,NULL,BOTOL,53280,66600,obat
734,V17 VIT D,NULL,KAPSUL,3108,4150,obat
735,S49 SERUM BOOSTER FLEK,NULL,PCS,65046,125000,produk
736,VT9 3 ON ANTI AGING,NULL,BOTOL,375530,565000,obat
737,M07 MASKER BIBIR,NULL,BIJI,520,20000,produk
739,T11 TEKASOL,NULL,TUBE,36772,47804,obat
74,L36 LYCOXY,NULL,TABLET,5800,7830,obat
740,U05 ULTRAPROCT N GEL,NULL,TABLET,109185,136481,obat
741,B129 BELOVA ROYAL JELLY CREAM PAGI,NULL,PCS,35880,155000,racikan
742,B128 BELOVA ROYAL JELLY CREAM MALAM,NULL,PCS,35880,155000,racikan
743,T23 THROMBOPHOB GEL,NULL,TUBE,59385,74231,obat
744,C29 CENFRESH EYE DROP 5 CC,NULL,PCS,38711,48389,obat
745,B20 BELOVA ANTI IRITASI,NULL,PCS,18637,77000,racikan
746,A62 ANTI INFLAMASI TAB,NULL,PCS,3691,5000,obat
747,S45 SCRUB 500GR,NULL,PCS,80000,256000,racikan
748,C73 CREAM ANTI IRITASI,NULL,PCS,7250,25000,racikan
749,M11 MASKER WHITENING 500GR,NULL,PCS,32500,87000,produk
75,M29 METFORMIN 500 MG,500,MG,191,285,obat
750,M05 MASKER ACNE,NULL,PCS,32500,80000,racikan
751,D20 DIMENHIDRINATE,NULL,KAPSUL,179,233,obat
752,G13 GENTASOLON 5 GRAM CREAM,5,GRAM,30056,37570,obat
753,S11 SALEP RACIK,NULL,PCS,17833,75000,obat
755,A66 ANTI KOLESTEROL,NULL,TABLET,17760,22200,obat
756,B136 BELOVA SERUM RAMBUT RONTOK,NULL,PCS,69000,85000,produk
758,A40 AMINEXIL TREATMENT HAIR SERUM (ANTI RONTOK),NULL,PCS,24000,40000,produk
76,ASPILET 80 MG,0,Tablet,286,1011,obat
761,B149 BELOVA TLA NIGHT CREAM,NULL,PCS,35964,155000,produk
762,S59 SIMVASTATIN 10 MG,10,MG,518,648,obat
763,C41 CIASTAR YELLOW 20 MG,NULL,BOX,488400,659340,obat
764,C32 CERAMIDE BAHAN BAKU,NULL,GRAM,1315,1710,racikan
765,K40 KITODERM GIGA WHITE PEEL GEL 100 ML,NULL,ML,2749,3574,racikan
766,G02 GA 70 PEELING SOLUTION 100 ML,NULL,ML,2874,3737,racikan
767,T21 THERASKIN PEELING GA 20% 100 ML,NULL,ML,1215,1580,racikan
768,A10 ACNE DAY CREAM BAHAN BAKU,NULL,GRAM,1998,2597,racikan
769,M06 MASKER ACNE BAHAN BAKU,NULL,GRAM,65,84,racikan
77,P11 PARIET 20 MG,20,MG,22604,28255,obat
770,P47 PROPEPSA SYR,NULL,BOTOL,66755,88117,obat
771,X04 XIDANE 4 MG,4,MG,8225,10693,obat
773,B40 BELOVA CREAM ACNE TOTOL RACIK,NULL,PCS,22178,95000,racikan
774,M41 MICROLAX SUPP,NULL,BIJI,22500,29250,obat
775,M26 MESOLOGICA MD Bright,NULL,BOX,1267460,1711071,racikan
776,P40 PROFHILO,NULL,BOX,4440000,12685714,racikan
777,E12 ESTESIA 30 GRAM,NULL,TUBE,263625,355893,racikan
778,T38 TRANEX ACID,NULL,TABLET,4329,5800,obat
779,K25 KAPSUL SNC,NULL,KAPSUL,23832,24032,obat
780,T02 TABUNG O2,NULL,PCS,850000,1105000,racikan
781,C39 CIASTAR YELLOW 10 MG,NULL,BOX,377400,490620,obat
782,U02 UFINES ECTA CREAM,NULL,PCS,35964,155000,racikan
783,U03 UFINES VITA B RADIANT GEL 15 ML,NULL,PCS,47952,125000,racikan
784,M08 MASKER BRIGHTENING BAHAN BAKU,NULL,GRAM,65,84,racikan
785,F01 FACIAL SCRUB IMMORTAL,NULL,GRAM,439,593,racikan
786,M13 MECOBALAMIN INJ ,NULL,AMPUL,7326,12454,obat
787,S58 SIMARC 2 MG,2,MG,1462,2047,obat
79,S23 SANCOIDAN,NULL,KAPSUL,18981,23726,obat
790,C15 CATAFLAM 50MG,50,MG,6359,8076,obat
791,S57 SILDENAFIL CITRAT 50 MG,NULL,TABLET,23310,41958,racikan
792,R17 RHEUTREX,NULL,TABLET,1800,2323,obat
793,L35 LUNGENE RAPID TEST,NULL,PCS,32000,55000,obat
794,K42 KITODERM PEELING GA 20 100 ML,NULL,ML,1000,1300,racikan
795,C50 CLINDAMYCIN GEL BAHAN BAKU,NULL,GRAM,1537,1537,racikan
796,C72 CREAM ACNE RACIK,NULL,PCS,22178,95000,produk
797,B69 BELOVA EYE CREAM,NULL,PCS,26237,200000,racikan
798,B14 BELOVA ACNE SERUM,NULL,PCS,42000,137000,produk
799,B18 BELOVA ANTI ACNE,NULL,PCS,6600,8600,obat
8,B24 Belova B2B Facial Wash for Acne with Beta Glucan and BHA,NULL,PCS,19785,78000,produk
80,S29 SANMAG SYR,NULL,,0,0,obat
800,B60 BELOVA DAY CREAM RACIK,NULL,PCS,27540,95000,racikan
801,B103 BELOVA NIGHT CREAM RACIK,NULL,PCS,17914,85000,racikan
802,A65 ANTI IRITASI TABLET,NULL,TABLET,6050,8200,obat
803,T28 TIRAI SPF 40 8 GR,NULL,PCS,16245,75000,racikan
804,A22 ALCOVID 5 LITER,NULL,PCS,366000,400000,produk
805,T01 TAB LCX,NULL,TABLET,6050,8100,obat
806,B02 BB CUSHION BEIGE,NULL,PCS,161300,250000,produk
807,D23 DISINFECTANT 5 L,NULL,PCS,258697,355000,produk
808,T10 TEH BOTOL SOSRO,NULL,PCS,1875,3500,produk
809,P31 PPN 10 %,NULL,PCS,0,139500,produk
81,S46 SERETIDE DISKUS 50/250 MCG,NULL,PCS,157115,333084,obat
811,A33 ALOE TISSUE MASK,NULL,PCS,3650,35000,produk
812,A56 ANTI BIOTIK,NULL,TABLET,6360,8500,obat
813,B175 BUBBLE WRAP,NULL,PCS,0,2000,produk
814,D02 DBI LIGHTENING ESSENCE,NULL,BOTOL,65046,125000,obat
815,B141 BELOVA SKIN CORECTOR,NULL,PCS,27540,100000,racikan
816,M31 METHOTREXATE TAB,NULL,TABLET,3660,4575,obat
817,C65 COMBIVENT ,NULL,BIJI,27000,36450,obat
818,P55 PULMICORT,NULL,AMPUL,22826,28532,obat
819,X06 XIETY,NULL,TABLET,5406,8108,obat
82,S60 SISTENOL,NULL,TABLET,2636,3559,obat
820,S67 SOOTING CREAM *,NULL,PCS,21637,100000,racikan
821,L21 LICOKALK,NULL,TABLET,233,315,obat
822,D17 DIAZEPAM 5 MG,5,MG,555,694,obat
823,O24 OTOPAIN TT,NULL,PCS,41937,109265,obat
824,C30 CEPEZET 100 MG,100,MG,524,655,obat
825,S26 SANDIMUN NEORAL 50 MG,50,MG,23125,31219,obat
826,V35 VOUCHER 100.000,NULL,PCS,0,100000,produk
827,C21 CEFIXIME SYR 30 ML,NULL,BOTOL,18981,25624,obat
828,S03 SALEB GATAL,NULL,PCS,22178,95000,racikan
829,C24 CEFTUM INJ,0,Pcs,271950,339937,obat
83,S80 STARCEF 100 MG,100,MG,19772,26692,obat
830,B16 BELOVA ALOE CLAY MASK,NULL,PCS,0,30000,produk
831,S19 SANBE HAIR**,NULL,BOTOL,227550,238928,produk
832,C75 CREAM BRUNTUS,NULL,PCS,22178,95000,racikan
833,T08 TEBUS VOUCER 100.000,NULL,LEMBAR,0,-100000,produk
834,C07 CANDERIN DUO,NULL,TABLET,9000,12812,obat
835,C93 CREAM RACIK NY.ANITA,NULL,PCS,23633,140000,racikan
837,T36 TRAJENTA DUO 2.5 MG/500 MG,NULL,TABLET,10386,14436,obat
838,H01 HAIR SERUM PRIA 60ML,NULL,BOTOL,222000,290000,produk
839,T33 TOTE BAG,NULL,PCS,7000,20000,produk
84,T42 TRIAMCINOLON 4 MG,4,MG,603,1025,obat
840,B118 BELOVA POUCH GOLD,NULL,PCS,13000,25000,produk
841,P12 PAYUNG,NULL,PCS,35000,50000,produk
842,M20 MELOXICAM 7.5 MG,7.5,MG,350,962,obat
843,A23 ALCOVID GEL 60ML,NULL,PCS,19000,23000,produk
844,B38 BELOVA CLAY MASK PEARL GLOW,NULL,PCS,0,30000,produk
845,L15 LE MINERAL,NULL,PCS,0,3000,produk
846,P41 PROFILAS SYR,NULL,BOTOL,103785,129731,obat
847,T14 TEMPRA FORTE SYR 60 ML,NULL,BOTOL,47286,59108,obat
848,VT1 2 ON ANTI AGING,NULL,BOTOL,286000,480000,obat
849,K19 KAPSUL RACIK,NULL,KAPSUL,1200,2350,obat
85,T44 TRICHODAZOL 500 MG,500,MG,1942,2428,obat
850,S79 SPUIT TERUMO 1 CC,NULL,PCS,2750,3712,racikan
851,M19 MELOXICAM 15 MG,15,MG,461,1593,obat
852,R13 RETINOL PEEL BAHAN BAKU,NULL,0.5 ML,51337,200000,racikan
853,C19 CEFAT FORTE DRY SYR,NULL,BOTOL,86469,108086,racikan
854,T47 TRIMETAZIDIN,NULL,TABLET,2098,2937,obat
855,S17 SALEP RACIK DC,NULL,PCS,46690,235000,obat
856,A15 ACYCLOVIR 5 GRAM CREAM,NULL,TUBE,3931,5504,obat
857,S14 SALEP RACIK ACYCLOVIR,NULL,PCS,21367,107000,obat
858,B177 BUFACOMB,NULL,TUBE,26085,32606,obat
859,S18 SALEP RACIK KCD,NULL,PCS,39570,198000,obat
86,T52 TUZALOS,NULL,TABLET,1110,1388,obat
860,B131 BELOVA SALMON CORECTOR,NULL,PCS,27540,155000,produk
861,F32 FORCE D 5000 IU,NULL,KAPSUL,3330,4162,racikan
862,T24 THROMBOPHOB OINTMENT,NULL,TUBE,45759,58572,obat
863,T25 THROMBOPHOB OINTMENT 5 G,5,G,15516,25000,obat
864,S86 SULFITIS,NULL,TABLET,5624,8998,obat
865,B43 BELOVA CREAM EXCEMA 30GR,NULL,GRAM,53227,185000,racikan
866,O15 ONDANSETRON 4 MG INJ,NULL,AMPUL,1388,7631,obat
867,P54 PSIDII,0,Kapsul,8415,10939.5,obat
868,S02 SALBUTAMOL 4 MG,4,MG,158,206,obat
869,S68 SOTATIC TABLET,NULL,TABLET,368,589,obat
87,U10 URINTER,NULL,KAPSUL,2486,8575,obat
870,B101 BELOVA NECK SCRUB,NULL,PCS,9200,65000,racikan
871,O06 OBAT RADANG JERAWAT,NULL,PCS,3690,205140,obat
872,K41 KITODERM NEUTRALIZER 100 ML,NULL,BOTOL,23698,30808,racikan
873,M48 MULTIVITAMIN,NULL,TABLET,2350,3300,obat
874,S06 SALEP ANTI BIOTIK 5GR,NULL,PCS,7530,25000,racikan
875,G10 GENTAMICIN 0.1& ZK,NULL,TUBE,3835,4794,obat
877,V30 VOLTAREN GEL 20 G,20,G,92935,116168,obat
878,VT8 3 ON 1 15 BIJI,NULL,PCS,231710,290000,obat
879,S21 SANBE IVY 120 ML*,NULL,BOTOL,88800,93240,obat
88,V10 VECTRIN KAP - ERDOSTEIN 300 MG,300,MG,7104,8524,obat
880,B160 BICORSAN SYR 60 ML*,NULL,BOTOL,52170,54779,obat
881,H05 HARNAL D,NULL,KAPSUL,8983,17750,obat
882,C35 CETINAL SYR,NULL,BOTOL,77700,97125,racikan
883,S63 SNMC,NULL,AMPUL,104895,146853,obat
884,D08 DETRUSITOL 2 MG,2,MG,14674,19076,obat
885,R19 RHINOFED SYR 60 ML,NULL,BOTOL,33300,41625,obat
886,H02 HALOPERIDOL 1.5 MG,1.5,MG,258,322,obat
887,B87 BELOVA MALAM AA1 (ACNE TOTOL),NULL,PCS,22178,95000,racikan
888,B116 BELOVA PLATINUM STEP 2,NULL,PCS,27540,100000,racikan
889,T49 TROSLIM KAPSUL,NULL,KAPSUL,11796,15335,obat
89,X01 XARELTO 10 MG,10,MG,31795,41834,obat
890,C16 CEFADROXIL 125 MG/60 ML,NULL,BOTOL,10545,13709,obat
891,D32 DOMPERIDON SYR 60 ML,NULL,BOTOL,9183,15611,racikan
892,A30 ALLOPURINOL 300 MG,300,MG,504,681,obat
894,"B92 BELOVA MALAM RACIK 12,5 GR",NULL,PCS,0,75000,racikan
895,P32 PRE-PEEL CLEANSER,NULL,ML,182,182,racikan
896,B161 BICROLID 500,500,MG,27972,34965,obat
897,M50 MXN 400 MG,400,MG,37962,51249,obat
898,V14 VENTOLIN 2.5 NEBULES,NULL,PCS,6000,14151,obat
899,M21 MEMBER BELOVA SKIN & BEAUTY CENTER (FREE POUCH),NULL,PCS,0,45000,produk
9,B153 Belova Watermelon Hand Cream,NULL,,0,0,produk
90,Z01 ZIBRAMAX 500 MG,500,MG,42180,56943,obat
900,A49 ANISEPTIC SOLUTIUON,NULL,BOTOL,56000,72800,obat
901,S20 SANBE IVY 120 ML,NULL,BOTOL,88800,111000,obat
903,B28 BELOVA BRIGHTENING CERAMIDE,NULL,PCS,24425,140000,produk
904,O28 OZEMPIC DUAL DOSE PEN*,NULL,PCS,1916594,1940000,obat
905,O03 OBAT JERAWAT,NULL,PCS,6660,8800,obat
906,T19 TERUMO 5 CC,NULL,PCS,2775,8741,obat
907,T17 TERUMO 10 CC,NULL,PCS,3608,14708,obat
908,T18 TERUMO 3 CC,NULL,PCS,1422,7215,obat
909,A81 ASCORBIC ACID 1G/5ML,NULL,AMPUL,10989,27473,racikan
91,M46 MONECTO,NULL,TABLET,2997,4196,obat
910,M42 MIKROMIST DEWASA,NULL,PCS,22200,27750,obat
911,R04 RANITIDIN TAB,NULL,TABLET,204,317,obat
912,K31 KERTAS PUYER,NULL,PCS,25,50,obat
913,I09 INJECTION PLUG,NULL,PCS,32640,40800,obat
914,V09 VAXIGRIP TETRA SH,NULL,PCS,221445,276806,obat
915,A21 ALBOTHYL CONCENTRATE 10 ML,NULL,BOTOL,42735,53419,racikan
916,T22 THREEWAY STOPCOCK,NULL,PCS,26862,33577,obat
917,N04 NACL 500 ML,NULL,PCS,7353,10534,obat
918,S08 SALEP GATAL 30GR,NULL,PCS,61260,210000,obat
919,B61 BELOVA DAY CREAM RACIK,NULL,PCS,0,155000,produk
92,A85 ATORVASTATIN 20 MG,20,MG,716,5425,obat
920,C85 CREAM RACIK,NULL,PCS,0,155000,produk
921,B120 BELOVA RACIK AHA CERA,NULL,PCS,20307,120000,racikan
922,M03 MANDELIC+CITRIC ACID 30%,NULL,ML,30744,39968,racikan
923,A72 APHRODERMA NIGRA LIGHTENING CREAM,NULL,GRAM,1348,1753,racikan
924,V29 VOLTAREN GEL 10 G,NULL,PCS,50992,66290,racikan
925,V31 VOLTAREN GEL 50 G,NULL,PCS,191541,249004,racikan
926,D05 DESOLEX CREAM,NULL,TUBE,22588,29365,racikan
927,M16 MEDIQUIN,NULL,TUBE,29753,38679,obat
928,V18 VITACID CREAM 0.05%,NULL,TUBE,34442,44775,obat
93,"C67 CONCOR 2,5 MG",2.5,MG,813,8596,obat
930,A61 ANTI INFLAMASI 2,NULL,PCS,555,755,obat
931,K36 KETOMED SS,NULL,BOTOL,37122,85000,produk
932,N07 NEBACETIN POWDER,NULL,PCS,25530,31913,racikan
933,S43 SCABIMITE CREAM 30 G,NULL,TUBE,79143,110800,racikan
934,K03 KALIUM DIKLOFENAK 50 MG,50,MG,530,822,obat
935,H15 HELIATECH LOTION,NULL,PCS,65104,84636,produk
936,S93 SYMBICORT TURBUHALER 160/120,NULL,PCS,186580,550000,obat
937,B137 BELOVA SILKY MASK,NULL,PCS,0,35000,produk
938,B163 BIOREPEEL CL3 (FACE),NULL,PCS,763347,992351,racikan
939,D04 DERMAHEAL SB ,NULL,ML,20391,26508,racikan
94,D18 DIGOXIN,NULL,TABLET,155,202,obat
940,B84 BELOVA LIP CREAM PACKAGE,NULL,BOX,182015,367000,produk
941,B114 BELOVA PG LIP 5GR,NULL,PCS,0,20000,produk
942,I02 ILLON ACNIT AMPOULE,NULL,BOTOL,1572648,2044442,racikan
943,A58 ANTI BIOTIK COUTER,NULL,GRAM,56700,65000,produk
944,A84 ATORVASTATIN 10 MG,10,MG,1804,2976,obat
945,A45 AMOXICILLIN DS 125 MG/5 ML,NULL,BOTOL,7770,31857,obat
946,E05 ELOX CREAM 5 G,NULL,TUBE,48507,63059,racikan
947,K29 KELOID CREAM,NULL,PCS,36820,75000,obat
948,O14 OMEPRAZOLE CAP,NULL,KAPSUL,441,640,obat
949,K43 KOLICGON,NULL,KAPSUL,1212,1637,obat
950,D30 DOLONES CREAM,NULL,TUBE,56887,71109,obat
951,D16 DIAZEPAM 2 MG,2,MG,179,233,obat
952,V06 VALISANBE 5 MG,5,MG,455,569,obat
953,F09 FASIDOL FORTE 650 MG,650,MG,329,414,obat
954,M36 METOCLOPRAMIDE HCL INJ,NULL,AMPUL,5051,6313,obat
955,M32 METHYLPREDNISOLON 125 MG INJ,NULL,VIAL,19980,43956,obat
956,U06 UMARON,NULL,PCS,190400,238000,obat
957,O08 OCTALBIN 25% 100 CC,NULL,BOTOL,2184263,2793000,obat
958,S83 SUCRALFAT SUSP 500 MG/ML,NULL,BOTOL,15540,24087,obat
959,D09 DEX 40%,NULL,PCS,10100,12626,obat
96,D26 DOGMATIL,NULL,KAPSUL,3962,5944,obat
960,N13 NEUROAID II MLC 901,NULL,KAPSUL,61605,77006,obat
961,C74 CREAM ANTI IRITASI 30GR,NULL,GRAM,55000,245000,produk
962,T06 TCA 20% SOLUTION,NULL,ML,2255,2819,racikan
966,V22 VITAMIN D,NULL,TABLET,3186,4100,obat
967,S07 SALEP ANTIBIOTIK,NULL,PCS,8067,42000,obat
968,S10 FUNGAL CREAM 30 GRAM,NULL,PCS,25330,126650,racikan
969,I03 INERSON SALEP 15 GRAM,15,G,99650,134528,obat
97,A16 ADALAT OROS - NIFEDIPIN 30 MG,0,Tablet,5837,8878,obat
970,P28 POT 30 GRAM,NULL,PASANG,2000,5000,obat
971,F31 FORCE D 1000 IU,NULL,KAPSUL,2636,3427,racikan
972,P44 PROMO PAKET MAGIC POTION NEFERTITY,NULL,PAKET,154438,628000,obat
973,M22 MEPTIN TAB 0.05,NULL,TABLET,4866,6083,obat
974,D21 DIPHENHYDRAMINE HCL 10 MG/ML INJ,NULL,AMPUL,3330,4163,obat
978,J01 JANUVIA 50 MG,50,MG,4121,5597,obat
979,B41 BELOVA CREAM CERAMIDE*,NULL,PCS,22211,120000,produk
980,A71 ANTRAIN 1 G INJ,NULL,AMPUL,4800,7200,obat
981,C31 CERAMIDE 8GR,NULL,PCS,13970,75000,produk
982,C40 CIASTAR YELLOW 10 MG ODF,NULL,LEMBAR,94350,122655,obat
983,C14 CARMED 20%,NULL,GRAM,924,1387,obat
984,F04 FARBIVENT,NULL,PCS,11655,14569,obat
986,C90 CREAM RACIK GATAL,NULL,PCS,48584,243000,racikan
987,C96 CREAM RACIK UREA,NULL,PCS,35930,180000,obat
988,A60 ANTI INFLAMASI,NULL,TABLET,154,2100,obat
989,S82 STESOLID INJ,NULL,AMPUL,8454,18000,obat
990,A46 AMOXSAN DRY SYRUP,NULL,BOTOL,25641,32051,racikan
991,F34 FURAMIN INJECTION,NULL,AMPUL,11599,15079,obat
992,K05 KALQUEST,NULL,SACHET,11489,16084,obat
993,V04 VAKSIN PREVENAR,NULL,PCS,628715,1047859,obat
994,V07 VAPORIN,NULL,PCS,6400,8000,obat
995,A47 AMOXSAN FORTE DS,NULL,BOTOL,36408,46966,racikan
997,I05 INFUS SET*,NULL,PCS,4409,13300,obat
998,F05 FARLOSIN,NULL,TABLET,5390,11100,racikan
999,A78 ASAM TRANEXAMAT 500 MG INJ,NULL,AMPUL,4895,13462,obat
2129,AZITROMICIN DRY SIRUP,0,Botol,49950,64935,NULL
2130,ASCARDIA 80 MG - Acetosal 80 mg,0,NULL,977.5,1410.5,NULL
2131,BURNAZIN 1% KRIM -INHEALTH,0,NULL,46341,61726.212,NULL
2132,CIALIS TAB,0,Tablet,83230,108198,NULL
2133,CADUET 10/10 MG - Amlodipin 10 mg/ Atorvastatin 10 mg,10,Tablet,12616,18204,NULL
2134,Coxiron 90 mg _ etoricoxib 90 mg (UMUM),90,Tablet,10545,13708.5,NULL
2135,DAFOXA 10 MG - DAPAGLIFOZIN 10 MG,10,Tablet,10576,15248,NULL
2136,ERKOLIN TABLET,0,Tablet,14985,19480.5,NULL
2137,EPISAN TAB -Sucralfate 500 mg tab,500,Tablet,1350,1948,NULL
2138,FOLAVIT 1 MG,0,Tablet,210.231,273.3,NULL
2139,FARSIX Injeksi - Furosemide 10 mg/mL,0,NULL,8400,12121.1,NULL
2140,INFLUVAC TETRA - VAKSIN INFLUENZA,0,Pf / Penfill,199100,287302,NULL
2141,KALTROFEN KRIM - INHEALTH,0,NULL,44000,58608,NULL
2142,LAPRAZ KAP - Lansoprazole 30 mg,30,Kapsul,13200,19048,NULL
2143,LYRICA 75 Mg IINHEALTH - Pregabalin 75 mg,0,NULL,9602,11522,NULL
2144,Maltofer Chewy,0,NULL,2650,3445,NULL
2145,NORVASK 5 MG - INHEALTH,5,Tablet,2079,2770.56,NULL
2146,NIACEF GEL - Nicotinamide 4%,0,Tube,31600,45599,NULL
2147,Nospirinal 80 mg,0,NULL,666,0,NULL
2148,Ondane Tab 4 mg,0,NULL,14985,19480.5,NULL
2149,Ondane 4 2mg/mL ,0,NULL,39960,51948,NULL
2150,"PALENOX GEL - Adapalene 0,1%",0,Tube,59279,85540,NULL
2151,PRO TB 2 DD - Rifampisin 450 mg; INH 300 mg,0,Tablet,7731,10050,NULL
2152,Revolan 800 mg - Piracetam 800 mg,0,NULL,4717.5,6132.75,NULL
2153,Revolan 1200 - Piracetam 1200 mg,1200,Kapsul,5150,7431.45,NULL
2154,REBAMIPIDE,0,Tablet,2220,2957.04,NULL
2155,SIRPLUS,0,NULL,463,600.6,NULL
2156,SINOCORT 4 MG - TRIAMCINOLON 4 MG,0,Tablet,3700,5340,NULL
2157,SULFASALAZIN TABLET,0,Tablet,7030,8788,NULL
2158,Sucralfate 500 mg Tab,0,NULL,7854,1134,NULL
2159,SANADRYL EKSPEKTORAN SYR ,0,Botol,19869,25829.7,NULL
2160,SECRETOME,0,Ampul,1350000,2000000,NULL
2161,SANMOL FORTE - Paracetamol 650 mg,0,NULL,385,715,NULL
2162,Tradosik Injeksi - Tramadol Injeksi,0,NULL,14385,19355,NULL
2163,TRAMADOL 100MG INJ,100,MG,8115,8115,obat
2164,VOSEDON 10 MG - Domperidone 10 mg,0,Tablet,2550,3680,NULL
2165,VOMETRAZ 4 MG TAB INHEALTH - Ondansetron 4 mg,4,Tablet,2498,2998,NULL
2166,VOLTADEX 50 MG INHEALTH - Diclofenac sodium 50 mg,50,Tablet,500,600,NULL
2167,VECTRIN DRY  SIRUP- ERDOSTEIN 175 MG/5 ML,0,Botol,65000,86580,NULL
2168,ZEGAVIT TABLET,0,Tablet,4726.75,6144.775,NULL
