id,nama,satuan,dosis,harga_net,harga_fornas,harga_nonfornas,stok,kategori,umum = 1/ inhealth=2,status_aktif,kode accurate
1,B26 Belova Bakuchiol Niacinamide Serum,mL,15,24773,,115000,70,produk,1,1,OF0553
3,B62 Belova DNA Salmon Cream,gram,14,32550,,155000,106,produk,1,1,OF0559
4,B32 Belova Brightening Night Cream with Tranexamic Acid,gram,14,26445,,140000,166,produk,1,1,OF0558
5,B67 Belova DNA Salmon Toner with Centella,mL,100,20040,,78500,47,produk,1,1,OF0561
6,B63 Belova DNA Salmon Facial Wash with Centella,mL,100,19785,,78000,91,produk,1,1,OF0560
7,B25 Belova B2B Toner for Acne with Beta Glucan and BHA,mL,60,19485,,78500,141,produk,1,1,OF0551
8,B24 Belova B2B Facial Wash for Acne with Beta Glucan and BHA,mL,100,19785,,78000,106,produk,1,1,OF0550
10,B33 Belova Brightening Peeling Kit (Mandelic acid and Glycolic acid),mL,,29850,,100000,,racikan,1,1,
11,B12 Belova Acne Peeling Kit (Mandelic acid and Salicilic Acid),pcs,,,,100000,,produk,1,1,TS0183
19,B146 Belova Thats What I Need Sunscreen,gram,14,24780,,120000,118,produk,1,1,OF0556
20,B143 Belova Sunscreen For Man,mL,30,34990,,80000,23,produk,1,1,OF0554
23,B150 Belova Tone-Up Sunscreen,gram,14,86911,,96500,69,produk,1,1,OF0557
35,B147 Belova Tirai SPF 40,gram,,,,,,racikan,1,1,RF0002
36,B148 Belova Tirai SPF 50,gram,,,,,,racikan,1,1,RF0003
38,B09 Belova Acne Night Cream,gram,,,,,,racikan,1,1,
40,B70 Belova Eye Serum,gram,,,,,,produk,1,1,OF0562
56,A89 AZITHROMYCIN TAB,mg,500,10990,,14287,53,obat,1,1,OF0256
57,B166 BISOPROLOL 5 MG,mg,5,1443,,1876,602,obat,1,1,OF0261
58,B172 BRAXIDIN,mg,,1387.5,,1942.5,599,obat,1,1,OF0264
59,C12 CAR Q,mg,,,,17343.75,,obat,1,0,
60,C48 CLINDAMYCIN 300 MG,mg,300,2018.18,,2623.63,95,obat,1,1,OF0001
61,C55 CLONIDIN,mg,0.15,396,,515,317,obat,1,1,OF0288
62,C56 CLOPIDOGREL 75MG,mg,75,4995,,7073,980,obat,1,1,OF0002
63,D24 DISOLF,mg,490,9341.5,,12409.8,50,obat,1,1,OF0309
64,D36 DOXICOR,mg,100,,,,,obat,1,0,
65,F06 FARMALAT,mg,10,,,,,obat,1,0,
66,F08 FARSORBID,mg,5,,,,,obat,1,0,
67,F17 FEBURIC,mg,80,,,,,obat,1,0,
68,F19 FENOFIBRAT 300 MG,mg,300,4264,,2848.48,264,obat,1,1,OF0333
69,F23 FLAMICORT 4 MG TAB - TRIAMCINOLONE 4 MG,mg,4,4980,,5555.55,181,obat,1,1,OF0337
70,K08 KAPSUL ACNE,mg,,,,,,obat,1,1,
73,L19 LEVOFLOXACIN 500 MG,mg,500,1318,,1728.78948,135,obat,1,1,OF0395
74,L36 LYCOXY,mg,,6216,,8080.8,208,obat,1,1,OF0134
75,M29 METFORMIN 500 MG,mg,500,296.18,,396.825,262,obat,1,1,OF0409
76,ASPILET 80 MG,mg,80,777,,1010.1,0,obat,1,0,
77,P11 PARIET 20 MG,mg,20,,,29386,,obat,1,1,OF0434
79,S23 SANCOIDAN,mg,,18981,,6518.475,75,obat,1,1,OF0169
82,S60 SISTENOL,,,2497.5,,3679.65,63,obat,1,1,OF0137
83,S80 STARCEF 100 MG,mg,100,22200,,28860,82,obat,1,1,OF0176
84,T42 TRIAMCINOLON 4 MG,mg,4,8585.76,,1073.4533,262,obat,1,1,OF0487
85,T44 TRICHODAZOL 500 MG,mg,500,1938.6,,2792.21,261,obat,1,1,OF0488
86,T52 TUZALOS,mg,,1166,,1598.4,95,obat,1,1,OF0138
87,U10 URINTER,mg,400,2448,,9053.44,33,obat,1,1,OF0178
88,V10 VECTRIN KAP - ERDOSTEIN 300 MG,mg,300,5905,,8524.8,82,obat,1,1,OF0179
89,X01 XARELTO 10 MG,mg,10,36826.69,,50268.4923,56,obat,1,1,OF0506
92,A85 ATORVASTATIN 20 MG,mg,20,4440,,5772,393,obat,1,1,OF0254
93,"C67 CONCOR 2,5 MG",mg,2.5,,,8596,,obat,1,0,
94,D18 DIGOXIN,mg,0.25,,,412,280,obat,1,1,OF0306
96,D26 DOGMATIL,mg,50,4662,,,576,obat,1,1,OF0311
97,A16 ADALAT OROS - NIFEDIPIN 30 MG,mg,30,,,6060.6,120,obat,1,1,OF0232
101,C05 CANDERIN 16 MG -Candesartan 16 mg,mg,16,13852.8,,13852.8,128,obat,1,1,OF0266
102,T34 TRACETAT SYR,mL,200,499500,,648350,2,obat,1,1,OF0225
105,A88 AVODART,mg,0.5,12346,,16050.0561,7,obat,1,1,OF0255
106,C10 CAPTOPRIL 25 MG,mg,25,,,,,obat,1,0,
107,R21 RIFAMPICIN 600 MG,mg,600,,,,,obat,1,0,
109,T35 TRACETAT TAB,mg,160,27750,,36075,35,obat,1,1,OF0483
110,E08 EPISAN SYR 200 mL,mL,200,94871.7,,124892.3,4,obat,1,1,OF0655
112,A02 ACARBOSE 50 MG,mg,50,862.47,,1507.6908,400,obat,1,1,OF0228
113,A41 AMITRIPTILIN 25 MG,mg,25,221,,710.83845,410,obat,1,1,OF0241
115,"J02 JARDIANCE DUO 12,5/1000 MG",mg,"12,5/1000",13466.41,,17506.33,61,obat,1,1,OF0378
117,A37 AMARYL M 1 MG,mg,1,,,,,obat,1,1,OF0238
118,G22 GLUCOPHAGE XR 500 MG,mg,500,2912,,3640,151,obat,1,1,OF0353
119,V12 VENOSMIL,mg,,13431,,17460.3,37,obat,1,1,OF0499
120,G23 GLUCOPHAGE XR 750 MG,mg,750,3202.23,,4002.787188,180,obat,1,1,OF0354
121,R12 RESPIRA 400 MG,mg,400,39960,,51948,10,obat,1,1,OF0455
125,A14 ACTOS 30 MG,mg,30,,,,,obat,1,0,OF0230
126,"J03 JARDIANCE DUO 12,5/500 MG",mg,"12,5/500",13466.41,,18381.6555,309,obat,1,1,OF0377
128,A39 AMINEFRON,mg,,7770,,10245.3,325,obat,1,1,OF0240
129,I16 ITRACONAZOLE,mg,,,,6539.4873,,obat,1,0,OF0374
133,C08 CANDESARTAN 16 MG,mg,16,9305.352,,9305.352,,obat,1,1,OF0269
134,"C66 CONCOR 1,25 MG",mg,1.25,4209.56,,5472.42,106,obat,1,1,OF0003
135,X02 XARELTO 20 MG,mg,20,,,,,obat,1,0,
136,K30 KENDARON 200 MG,mg,200,6156.95,,8004.0324,50,obat,1,1,OF0381
137,C06 CANDERIN 8 MG - Candesartan 8 mg,mg,7,10966.8,,10966.8,579,obat,1,1,OF0267
138,G27 GLUTATION,mg,,,,,,obat,1,0,
139,C68 CONCOR 5 MG,mg,5,11079.8,,14293,326,obat,1,1,OF0295
140,"B165 BISOPROLOL 2,5 MG",mg,2.5,503.96,,865.8,433,obat,1,1,OF0260
141,G20 GLUCODEX 80 MG,mg,80,583.3,,865.8,447,obat,1,1,OF0351
142,A79 ASAM URSODEOXYCHOLIC,mg,250,2808,,5897.43,237,obat,1,1,OF0142
143,H21 HEXADOL,mL,,33300,,43290,,obat,1,1,OF0043
144,H20 HERBESSER CD 200,mg,200,7016,,20734.467,35,obat,1,1,OF0144
145,L29 LIVRON B PLEX,mg,,416.25,,550.69875,188,obat,1,1,OF0399
146,R01 RAMIPRIL 10 MG,mg,10,1016,,1467.531,,obat,1,1,OF0447
147,T27 TIARYT,mg,200,,,,6,obat,1,0,OF0482
148,P37 PRO TB 4,mg,,4134.3772,,7028.5,50,obat,1,1,OF0442
151,A01 ACARBOSE 100 MG,mg,100,1920.03,,2496.39,323,obat,1,1,OF0227
153,E14 EUTHYROX 100 MG,mg,100,3572.42,,4358.35728,106,obat,1,1,OF0325
155,A73 APISATE,mg,75,15189,,19745.05,150,obat,1,1,OF0248
156,L26 LIPITOR 20 MG,mg,20,,,27192,,obat,1,1,OF0397
157,F35 FUROSEMID 40 MG INJ,mL,40,7770,,8935.5,26,obat,1,1,OF0091
158,V20 VITAMIN B COMPLEX,mg,,171.43,,246.856896,234,obat,1,1,OF0502
159,K07 KAMYFET 500 MG,mg,500,19980,,25975,36,obat,1,1,OF0380
160,"R02 RAMIPRIL 2,5 MG",mg,2.5,289.72,,419.78313,432,obat,1,1,OF0448
161,S75 SPIRONOLACTON 25 MG,mg,25,349.5168,,454.3708,198,obat,1,1,OF0693
163,R11 REPIMIDE,mg,100,,,,20,obat,1,0,OF0454
164,G32 GUARPOSIDE,mg,5,3690.75,,4983.136,113,obat,1,1,OF0361
165,P08 PARATUSIN,mg,,1392,,1684.2474,23,obat,1,1,OF0433
166,C36 CETIRIZIN 10 MG,mg,10,213.52,,537.795,357,obat,1,1,OF0282
169,G04 GABAPENTIN 300 MG,mg,300,4440,,7371.0882,83,obat,1,1,OF0343
170,K24 KAPSUL SESAK,mg,,,,2600,,obat,1,1,
171,N16 NIFEDIPIN,mg,10,177.6,,312.576,470,obat,1,1,OF0424
172,O20 ORINOX 120 MG - ETORICOXIB 120 MG,mg,120,12987,,16499.9835,217,obat,1,1,OF0431
173,N20 NITROKAF RETARD FORTE,mg,5,2530,,4054.05,367,obat,1,1,OF0158
176,U04 ULSIDEX,mg,500,1498.5,,,,obat,1,0,
179,C20 CEFIXIME 100 MG,mg,100,1721,,2236.65,236,obat,1,1,OF0278
180,S64 SODIUM BICARBONAT,mg,,116.55,,149.475375,487,obat,1,1,OF0471
181,O07 OBH SYR,mL,,5246.14,,8060,5,obat,1,1,OF0215
182,F21 FESTARIC 80 - FEBUXOSTAT 80 MG,mg,80,9280,,14430,158,obat,1,1,OF0334
185,R06 RECOLFAR,mg,0.5,,,,,obat,1,1,OF0451
186,D29 DOLO NEUROBION,mg,,2217.64,,3011.549281,78,obat,1,1,OF0312
188,E07 EPERISON,mg,50,1554,,,,obat,1,1,OF0319
189,C25 CELEBREX 200 MG,mg,200,16893,,21960.4879,189,obat,1,1,OF0279
190,C11 CAPTOPRIL 50 MG,mg,50,,,,,obat,1,0,
191,V34 VOSEA,mg,10,204,,256,143,obat,1,1,OF0683
193,L31 LONIDE,mg,40,6693.3,,9812.4,,obat,1,1,OF0401
194,N15 NEW DIATAB,mg,,,,,,obat,1,0,
196,E03 ELKANA SYR,mL,,26973,,33716.25,,obat,1,1,OF0199
197,P38 PRO TB2,mg,,,,,,obat,1,0,
199,E10 ERICAF,mg,,7669,,8052.45,42,obat,1,1,OF0320
200,T40 TREMENZA TAB,mg,,1776,,2166.72,275,obat,1,1,OF0486
201,S35 SANTA E 100 (BOTOL),iu,100,1707.55,,2294,189,obat,1,1,OF0188
202,S37 SANTA E 250 (BOTOL),iu,250,2199.65,,3194.31,1620,obat,1,1,OF0189
203,S40 SANTA E 400 (BOTOL),iu,400,5296.94,,6317.961,40,obat,1,1,OF0671
204,K11 KAPSUL BATUK,mg,,430,,1400,,obat,1,1,
206,C09 CANDESARTAN 8 MG,mg,8,6216,,6216,175,obat,1,1,OF0270
207,D37 DOXYXICLIN 100 MG,mg,100,,,,,obat,1,0,
208,O22 OSELTAMIVIR,mg,,,,,,obat,1,0,
209,R20 RHINOS SR,mg,,7140,,9296.25,5,obat,1,1,OF0168
210,S74 SPIRONOLACTON 100 MG,mg,100,851.64,,1447.78188,398,obat,1,1,OF0473
211,N27 NUCRAL SYR 100 ML,mL,100,,,,,obat,1,0,
212,K04 KALNEX 500 MG,mg,500,4462,,6132.75,28,obat,1,1,OF0379
213,L11 LASAL SYR,mL,,37878.75,,49242.38,1,obat,1,1,OF0207
218,M34 METHYLPREDNISOLON 4 MG,mg,4,429.14,,577.9215,176,obat,1,1,OF0411
219,A42 AMLODIPIN 10 MG,mg,10,1388,,2075.7,229,obat,1,1,OF0242
222,N28 NUCRAL SYR 200 ML,mL,200,86193,,122655,11,obat,1,1,OF0214
225,K38 KETOPROFEN 50 MG,mg,50,,,,,obat,1,0,
226,"A35 ALPRAZOLAM 0,5 MG",mg,0.5,677,,880.23,313,obat,1,1,OF0236
227,P45 PROPANOLOL 10 MG,mg,10,84.42,,116.1615,446,obat,1,1,OF0443
229,O18 ONDANSETRON 8 MG TAB,mg,8,1535.57,,3441,342,obat,1,1,OF0430
230,S32 SANMOL 500 MG TAB,mg,500,,,,,obat,1,0,
231,P52 PROVE D3-1000,mg,100,3219,,4152,130,obat,1,1,OF0165
233,I11 INTUNAL FORTE,mg,,,,,,obat,1,0,
234,O23 OSTEOSAN 1000 MG,mg,100,3185,,4244.825,320,obat,1,1,OF0187
235,G09 GEMFIBROSIL 300,mg,300,777,,971.25,,obat,1,1,OF0344
237,K06 KALXETIN 10 MG,mg,10,4981.68,,5728.932,22,obat,1,1,OF0147
241,P35 PREGABALIN 75 MG,mg,75,5550,,8258.82,51,obat,1,1,OF0160
245,C22 CEFSPAN SYRUP,mL,,154290,,192862.5,0,obat,1,1,OF0036
246,G25 GLUMIN XR 750 MG,mL,750,2664,,3463.2,30,obat,1,1,OF0356
247,F18 FENOFIBRAT 100 MG,mg,100,1554,,2848.48,183,obat,1,1,OF0332
248,C42 CIMETIDIN 200 MG,mg,200,453,,562,,obat,1,0,
251,H13 HECOSAN SACHET,mL,,,,,,obat,1,0,
254,Z03 ZINC TABLET,mg,20,616.5,,831.6675,64,obat,1,1,OF0510
255,L03 L-CISIN 0.5 MG,mg,0.5,5411.25,,7034.625,,obat,1,1,OF0388
256,T15 TEMPRA SYR,mL,,22254,,28027,1,obat,1,1,OF0222
265,T48 TRIZEDON MR,mg,5,4589.85,,5966.805,76,obat,1,1,OF0491
268,G30 GRAFADON 500 MG,mg,500,,,,,obat,1,0,
271,K21 KAPSUL RACIK DIET (MET 300),mg,,,,,,obat,1,1,
273,L16 LEPARSON,mg,,6216,,8084.7,136,obat,1,1,OF0394
277,G03 GABAPENTIN 100 MG,mg,100,1665,,3996,56,obat,1,1,OF0342
279,O21 OSCAL,mg,,,,,,obat,1,0,
281,P18 PHENYTOIN 100 MG,mg,100,719.169,,841.42773,26,obat,1,1,OF0159
282,R08 REINPID,mg,0.5,6660,,10656,16,obat,1,1,OF0452
284,P21 PIOGLITAZONE 30 MG,mg,30,4440,,5772,173,obat,1,1,OF0437
285,C45 CITICHOLIN 500 MG,mg,500,5550,,8574.75,306,obat,1,1,OF0285
286,C60 CODEIN 10 MG,mg,10,856.92,,1112,,obat,1,1,OF0292
292,L33 LORATADINE 10 MG,mg,10,388.5,,505.05,195,obat,1,1,OF0403
293,R23 RILLUS TAB,mg,,10360,,13468,19,obat,1,1,OF0460
294,L07 LAMESON 4 MG,mg,4,4870.125,,6331.1625,80,obat,1,1,OF0391
295,R03 RAMIPRIL 5 MG,mg,5,644.688,,838.0944,564,obat,1,1,OF0449
296,K34 KETOCONAZOL TAB,mg,200,610.5,,793.65,88,obat,1,1,OF0383
298,R26 ROSUVASTATIN,mg,,845.82,,4726,40,obat,1,1,OF0462
302,K37 KETOPROFEN 100,mg,100,1226.04273,,1716.459822,130,obat,1,1,OF0385
303,A43 AMLODIPIN 5 MG,mg,5,743.7,,1241.979,371,obat,1,1,OF0243
304,M51 MYONEP,mg,50,5194.8,,,,obat,1,0,
305,B178 BUSCOPAN PLUS,mg,,5372,,6584.88,50,obat,1,1,OF0050
306,C03 CALORLOSS,mg,,3690.75,,,,obat,1,0,
308,V01 V-BLOCK 25 MG,mg,25,9250,,12025,85,obat,1,1,OF0495
309,C34 CETINAL 10 MG,mg,10,6610.383,,9254.5362,47,obat,1,1,OF0281
311,F27 FLUIMUCYL SYR,mL,75,65712,,82797.12,5,obat,1,1,OF0202
312,G24 GLUCOSAMIN,mg,250,999,,1298.7,90,obat,1,1,OF0355
314,D31 DOMPERIDON,mg,10,366.3,,421.245,,obat,1,1,OF0313
315,C44 CIPROFLOXACIN 500 MG,mg,500,752.36,,1003.884,64,obat,1,1,OF0284
316,M55 METRONIDAZOL 500 MG,mg,500,247.8075,,359.320875,16,obat,1,1,OF0414
317,C17 CEFADROXIL 500 MG,mg,500,605.754972,,1060.071201,,obat,1,1,OF0276
318,T04 TAMSULOSIN,mg,0.4,5550,,7215,130,obat,1,1,OF0479
319,V13 VENOSMIL GEL,mg,,221445,,283449.6,1,obat,1,1,OF0057
321,R18 RHINOFED,mg,,2564.1,,3205.125,124,obat,1,1,OF0457
322,B155 BETADINE GARGLE 190 ML,mL,,30696,,38000,,obat,1,1,
323,K44 KOMPOLAX SYR,mL,60,9349.53,,12621.87,7,obat,1,1,OF0206
325,G14 GLICLAZIDE,mg,80,402.93,,523.809,163,obat,1,1,OF0345
326,M30 METFORMIN 850 MG,mg,850,432.9,,562.77,161,obat,1,1,OF0410
327,P46 PROPANOLOL 40 MG,mg,40,140.415,,182.5395,674,obat,1,1,OF0444
329,S81 STATOR 20 MG,mg,20,19092,,2419.6,114,obat,1,1,OF0476
331,G17 GLIMEPIRIDE 3 MG,mg,3,1609.5,,2477.76087,,obat,1,1,OF0348
332,K02 KALITAKE SACHET,mL,,,,,,obat,1,0,
333,C57 CLORILEX 25 MG,mg,25,4440,,5727.6,31,obat,1,1,OF0289
334,C58 CLOZAPINE 100 MG,mg,100,8883,,12436.2,5,obat,1,1,OF0290
335,S56 SILDENAFIL CITRAT 100 MG,mg,100,35797.5,,,,obat,1,0,
336,O09 OFLOXACIN 400 MG,mg,400,1154.6775,,1501.08075,60,obat,1,1,OF0427
337,B173 BRICLOT,mg,90,20879.1,,20879.1,5,obat,1,1,OF0265
338,E01 EFC-1,mg,,,,,,obat,1,0,
340,B154 BESANMAG,mg,,1054.5,,1387.5,1297,obat,1,1,OF0258
342,P20 PIOGLITAZONE 15 MG,mg,15,2775,,3607.5,159,obat,1,1,OF0436
343,F20 FENOSUP LIDOSE,mg,160,12949.99,,16705.5,71,obat,1,1,OF0143
344,V32 VOMETA FT,mg,10,5055.4,,6976.45,62,obat,1,1,OF0505
345,P34 PREDNISON TAB,mg,5,117.4824,,217.34244,55,obat,1,1,OF0439
347,D38 DULCOLAX TAB,mg,10,1847.263,,2401.4419,86,obat,1,1,OF0317
348,A29 ALLOPURINOL 100 MG,mg,100,288.6,,375.18,210,obat,1,1,OF0234
349,G15 GLIMEPIRIDE 1 MG,mg,1,582.75,,1136.3625,,obat,1,1,OF0346
350,G16 GLIMEPIRIDE 2 MG,mg,2,1110,,1798.2,,obat,1,1,OF0347
351,E15 EUTHYROX 50 MG,mg,50,1914.75,,,,obat,1,0,
352,F03 FAKTU OINTMENT,mg,,109224,,135300,8,obat,1,1,OF0
353,H28 HYDROCORTISON 2.5%,gram,,5550,,9132.53,,obat,1,1,OF0013
354,N19 NILACELIN SYR,mL,,37400,,46750,,obat,1,1,OF0213
356,S76 SPORACID,mg,,24253.5,,31529.55,2,obat,1,1,OF0174
357,P09 PARATUSIN SYR,mg,,33679,,,,obat,1,0,
358,A38 AMBROXOL 30 MG,mg,30,210.9,,263.625,353,obat,1,1,OF0239
359,B162 BIOPLACENTON,gram,,29970,,38961,4,obat,1,1,OF0007
360,F33 FORXIGA 10 MG,mg,10,21682.518,,27970.44822,30,obat,1,1,OF0512
361,F22 FG TROCHES,mg,,1572.5037,,2300,10,obat,1,1,OF0335
363,H14 HECOSAN SYR,mL,,59774,,,15,obat,1,0,
364,O27 OZEMPIC DUAL DOSE PEN,mL,,1955709,,2522865,1,obat,1,1,OF0115
365,M14 MECOBALAMIN KAPSUL 500 MCG,mg,500,582.75,,,,obat,1,0,
366,A04 ACETYLCYSTEIN 200 MG,mg,200,1110,,1443,115,obat,1,1,OF0229
368,D34 DONEPEZIL TAB,mg,,2220,,,,obat,1,0,
369,L05 LACTAS CALCICUS 500 MG,mg,500,88.224576,,127.9256352,155,obat,1,1,OF0389
370,L08 LANSOPRAZOL 30 MG,mg,30,886.36275,,1772.7255,,obat,1,1,OF0149
372,V28 VOLEQUIN,mg,500,37684.5,,48989.85,13,obat,1,1,OF0504
373,G19 GLIQUIDONE 30 MG,mg,30,1203.24555,,1684.54377,2,obat,1,1,OF0350
374,C54 CLOBAZAM 10 MG,mg,10,1001.775,,1302.3075,463,obat,1,1,OF0287
375,A36 ALPRAZOLAM 1 MG,mg,1,1043.4,,1356.42,563,obat,1,1,OF0237
376,K35 KETOCONAZOLE 2% CREAM,gram,,,,10023.3,,racikan,1,1,OF0016
377,E02 ELKANA CL SYR,mL,,61161,,79509.3,,obat,1,1,OF0198
378,C18 CEFAT DRY SYR - CEFADROXIL125MG/5 ML,mL,,51337.5,,66738.75,2,obat,1,1,OF0033
379,E21 EYEFRESH 0.6 ML MINIDOSE,mL,,,,32243,,racikan,1,1,
380,C23 CEFTRIAXONE INJ 1 G,mL,,7770,,15540,2,obat,1,1,OF0077
382,C59 CLOZAPINE 25 MG,mg,25,2414.25,,4345.65,50,obat,1,1,OF0291
384,P49 PROSPIDE TAB 100 MG,mg,100,2775,,,4,obat,1,0,
385,K32 KETESSE 25 MG TAB,mg,25,8114.1,,11359.74,15,obat,1,1,OF0382
386,P48 PROPYLTHIOURACIL 100 MG,mg,100,,,625.7625,,obat,1,1,
388,N14 NEVODIO 5 MG,mg,5,6771,,8511.48,45,obat,1,1,OF0422
389,G06 GASTROFER INJ 40 MG,mg,,144300,,187590,5,obat,1,1,OF0061
390,I15 ISOSORBIDE DINITRAT 5 MG,mg,5,192.44625,,225.1621125,403,obat,1,1,OF0373
391,S01 SALBUTAMOL 2 MG,mg,2,142,,184,,obat,1,1,OF0463
392,I01 IBUPROFEN 400 MG,mg,400,358.43,,465.95,70,obat,1,1,OF0372
393,A76 ASAM MEFENAMAT 500 MG,mg,500,309,,432.6,,obat,1,1,
394,D27 DOHIXAT 100 MG,mg,100,455.1,,568.875,,obat,1,1,OF0086
395,B77 BELOVA HAIR GROW SHAMPOO,mL,,,,,,produk,1,1,
396,H18 HEPA BALANCE,mL,,13181.25,,,,obat,1,0,
397,C106 CTM 4 MG,mg,4,188.7,,245.31,180,obat,1,1,
398,C63 CODIPRONT CAP,mg,,9048,,,,obat,1,0,
399,M47 MST CONTINUS 10 MG,mg,10,15762,,20332.98,66,obat,1,1,OF0419
400,T37 TRAMADOL 50 MG CAP,mg,50,548.34,,916,,obat,1,0,OF0177
401,R27 RYZODEG FLEX TOUCH,mL,,314840.4,,393550.5,18,obat,1,1,OF0121
402,B06 BECOMZET,mg,,2497.5,,3521.48,664,obat,1,1,OF0257
405,S47 Serum Acne,mL,,,,,,produk,1,1,
407,B01 Baby De Biosanitizer 100 mL,mL,100,54945,,85000,19,produk,1,1,OF0552
408,B44 BELOVA CREAM FLEK,gram,,,,,,racikan,1,1,
410,B85 Belova Loose Powder Acne,gram,,40071,,85000,,produk,1,1,
411,B86 Belova Loose Powder Whitening,gram,,49034.25,,95000,,produk,1,1,OS0705
413,B109 Belova Pagi AHA2,gram,,,,,,racikan,1,1,RF0029
414,B88 Belova Malam Acne,gram,,,,,,racikan,1,1,
415,B105 Belova Pagi AA,gram,,,,,,racikan,1,1,RF0009
416,B106 Belova Pagi AA2,gram,,,,,,racikan,1,1,RF0009
429,B170 BOX PACKING,pcs,,,,,,produk,1,1,
430,P29 POUCH,pcs,,,,,,produk,1,1,BD0289
431,P06 PAPER OBAT,pcs,,,,,,produk,1,1,
432,D33 DOMPET RAJUT,pcs,,,,,,produk,1,1,
433,K01 KACA BELOVA,pcs,,,,,,produk,1,1,
434,D28 DOKTER LEMON,pcs,,,,,,produk,1,0,
435,A74 ARDIUM,mg,,9423.9,,12251.07,,obat,1,1,OF0249
436,B167 BLOPRESS 8 MG,mg,8,13898.78,,17790.43,42,obat,1,1,OF0262
437,A34 ALPENTIN 100 MG,mg,100,1745,,,,obat,1,0,
438,C101 CURCUMA FORCE,mg,,1031.375,,1289.21875,78,obat,1,1,OF0298
439,S31 SANMOL 1 GRAM INFUS,mL,,74814,,101235.33,20,obat,1,1,OF0066
440,O13 OMEPRAZOLE 40 MG INJ,mg,,55500,,71428.5,6,obat,1,1,OF0112
444,D10 DEXAMETHASON 0.5 MG TAB,mg,0.5,66.6,,206.46,10,obat,1,0,OF0300
445,C69 COTRIMOXAZOLE TAB,mg,,444,,577.2,113,obat,1,1,OF0297
446,C71 CRAVIT 750 MG 150 ML INFUS,mL,750 mg,527250,,702297,1,obat,1,1,OF0689
447,H31 HYOSCINE 20 MG INJ,mL,,19980,,25974,6,obat,1,1,OF0094
448,F25 FLUIMUCIL 300 MG INJ,mL,,32634,,74405.52,11,obat,1,1,OF0089
449,N10 NEEDLE 30,pcs,,635,,4290,185,obat,1,1,BA0040
450,I13 IRBESARTAN 300 MG,mg,300,1453.1,,6500.715,131,obat,1,1,OF0146
451,N09 NEEDLE 26,pcs,,635,,4290,212,bhp,1,1,BA0039
452,N08 NEEDLE 25,pcs,,8500,,11050,20,bhp,1,1,BA0038
453,K28 KASSA STERIL,pcs,,2100,,2730,6,obat,1,1,BA0028
454,A28 ALKOHOL SWAB,pcs,,250,,587,234,obat,1,1,BA00183
455,T43 TRIAMCINOLON INJ 10 MG/ ML (5 ML),mL,,49950,,86853.06,5,obat,1,1,OF0126
456,V21 VITAMIN C + COLLAGEN RODOTEX,mL,,,,,,bhp,1,0,
457,C33 CERNEVIT,mg,,333000,,432900,,obat,1,1,OF0079
458,N24 NOVOFINE,pcs,,2758.35,,3447.9375,,bhp,1,1,BA0165
460,H04 HANDSCHOON,pcs,,5500,,6600,,obat,1,1,
463,N01 NACL 100 ML,mL,100,23865,,31024.5,13,obat,1,1,OF0064
464,N26 NOVORAPID,mL,,178096.17,,231525.021,2,obat,1,1,OF0111
466,L18 LEVEMIR,mL,,112249,,203650,2,obat,1,1,OF0719
467,P16 PEHACAIN,mL,,5930,,8599.8804,2,obat,1,1,OS0117
468,R25 RL 500 ML,mL,,952,,21773.6,3,obat,1,1,OF0065
473,S91 SURFLO/ABOCATH 24,pcs,,13320,,39960,48,obat,1,1,BA0004
474,T39 TRANFUSI SET,pcs,,9900,,9900,,bhp,1,1,
475,U09 URINE BAG,pcs,,10000,,10000,9,bhp,1,1,BA0279
476,W02 WING NEEDLE,pcs,,12500,,16250,23,obat,1,1,BA0064
477,N11 NEEDLE 32,pcs,,11999,,20000,2,bhp,1,1,BA0165
479,O17 ONDANSETRON 8 MG INJ,mL,8,7770,,9867.9,20,obat,1,1,OF0114
480,W01 WATER FOR INJECTION 25 ML,mL,25,6300,,,,obat,1,0,
484,H17 HEMAPO,mL,,116550,,164502,2,obat,1,1,OF0093
485,P27 PLESTERIN,pcs,,200,,500,514,obat,1,1,BS0051
491,O16 ONDANSETRON 4 MG TAB,mg,4,1253.2936,,2143.132056,16,obat,1,1,OF0113
492,K39 KETOROLAC 30MG,mg,30,9440.55,,14632.8525,1,obat,1,0,
494,C46 CITICHOLIN 500 MG INJ,mL,,24993,,,7,obat,1,1,
495,L10 LAPIBAL INJ,mL,,38850,,49242.38,,bhp,1,1,OF0099
496,M24 MESOESTETIC WHITE SOLUTION,mL,,307240,,399412,,bhp,1,0,
497,V27 VIVENA,mL,,62271,,,,obat,1,0,
498,T05 TATIONIL INJ,mL,,48152,,48152,,bhp,1,0,OS0124
501,D11 DEXAMETHASON INJ,mL,,2522.73,,3279.6,66,obat,1,1,OF0653
502,I08 INJECT WHITE KROMOSOM,mL,,461592,,2000000,,bhp,1,1,
510,H25 HOME PEELING KIT,mL,,29850,,,,racikan,1,1,
511,K10 KAPSUL ANTI OXIDANT,pcs,,,,,,obat,1,0,
512,C13 CARA PAKAI,pcs,,,,,,produk,1,1,
513,M09 Masker Peel Off,pcs,,,,,,produk,1,1,
514,B123 BELOVA RACIK GATAL,pcs,,,,,,produk,1,1,
519,F28 FLUNARIZINE 5 MG,mg,5,1387.5,,2550,99,obat,1,1,OF0338
520,K16 KAPSUL RACIK,mg,,,,,,obat,1,1,
521,I06 INFUS VITAMIN,mL,,,,,,obat,1,0,
523,A75 ASAM FOLAT 1 MG,mg,1,168,,218.4,116,obat,1,1,OF0250
524,B156 BETAHISTINE MESILATE,mg,,769.3,,1145.4867,182,obat,1,1,OF0259
527,V02 V-BLOCK 6.25 MG,mg,6.25,3885,,5050.5,70,obat,1,1,OF0496
529,M35 METHYLPREDNISOLON 8 MG,mg,8,590.33,,767.429,209,obat,1,1,OF0412
530,N25 NOVOMIX,mL,,156811,,208385,4,obat,1,1,OF0110
535,A59 ANTI INFLAMASI,gram,,,,,,obat,1,0,
536,P33 PREBIOTIK,mg,,5800,,,,obat,1,0,
537,H27 HQ 5 ULTRA,gram,,,,,,racikan,1,0,
538,A07 ACNE CREAM DAY & NIGHT,gram,,,,,,racikan,1,0,
540,P19 PIL FLEK,gram,,,,,,obat,1,0,
541,H30 HYDROXYUREA 500 MG,mg,500,7306.02,,13551,45,obat,1,1,OF0370
542,C28 CENDO XITROL 5 ML,mL,5,30247.5,,38049.84,1,obat,1,1,OF0041
543,A32 ALOCLAIR PLUS MOUTHWASH,mL,,99900,,129870,2,obat,1,1,OS0038
544,R14 RETINOL PEELING,mL,,50050,,200000,,racikan,1,1,
545,G18 GLIMEPIRIDE 4 MG,mg,4,2053.5,,4051.986735,,obat,1,1,OF0349
546,M49 MUPIROCIN 2% 10 GRAM OINTMENT,gram,,19425,,43290,0,obat,1,1,
547,C84 CREAM MALAM RACIK HT,gram,,,,,,produk,1,0,
548,B98 BELOVA MILK CLEANSER,gram,,10050,,49500,6,produk,1,1,
549,L04 LACIDOFIL CAP,,,7215,,9379.5,73,obat,1,1,OF0148
551,G01 GA 70 PEELING SOL 60 ML,mg,,,,,,racikan,1,0,
552,H06 HARNAL OCAS,mg,,4163,,17500,44,obat,1,1,OF0364
553,S25 SANDEPRIL 50 MG,mg,50,8880,,11100,179,obat,1,1,OF0465
555,K20 KAPSUL RACIK DE,mg,,,,,,obat,1,0,
561,A63 ANTI IRITASI,gram,,9773,,50000,,racikan,1,1,
562,N12 NEO PROLIVA,gram,,,,9523.8,256,obat,1,1,OF0154
563,B144 BELOVA SUNSCREEN SPRAY,mL,,,,,,produk,1,0,
564,C49 CLINDAMYCIN 500 GRAM,mg,500,1407,,1830,,racikan,1,1,
565,H16 HELIATECH TUBE,gram,,71660,,103405,,racikan,1,1,
566,S65 SOOTHING CREAM 12.5 GRAM,gram,,,,20978,,racikan,1,1,
568,A05 ACYCLOVIR 400 MG TAB,mg,400,1044.288,,1326.24576,160,obat,1,1,OF0231
569,M33 METHYLPREDNISOLON 16 MG,mg,16,836,,1295,101,obat,1,1,OF0413
570,H12 HCT 25 MG,mg,25,280.5747,,364.74711,9,obat,1,1,OF0365
571,L01 L CARNITIN,mg,,13875,,15007.2,,obat,1,0,BS0117
572,S50 Serum Booster Flek Essence 10 mL,mL,,,,,5,produk,1,0,
573,F02 Facial Wash AHA,mL,,,,,,produk,1,0,
574,S87 Sunblock SPF 40 Water Drop,gram,,,,,,racikan,1,0,
576,R15 RETINOL PEELING,mL,,,,,,produk,1,1,
580,S42 SARUNG TANGAN MAXTER NO 7,pcs,,7000,,9100,,racikan,1,0,
581,O12 OMEORAZOLE 20 MG KAP,mg,20,412.035,,604.45,,racikan,1,1,OF0428
582,B102 BELOVA NIGHT CREAM RACIK,gram,,,,,,produk,1,0,
583,L20 LEVOPAR,gram,,4440,,5772,60,obat,1,1,OF0396
587,A51 ANTI ACNE II,mg,,,,,,racikan,1,0,
589,M18 MEDIXON INJ 125 MG,mL,,126450.09,,164385.117,5,obat,1,1,OF0103
590,K33 KETESSE INJ 50 MG,mg,,48840,,75144,9,obat,1,1,OF0097
591,S51 Serum Booster Step 2,mL,,,,,,produk,1,0,
595,R05 RECALUS,mg,,6660,,8658,106,obat,1,1,OF0167
596,M04 MASKER,pcs,,,,,,produk,1,1,
602,P25 PLATINUM BAHAN BAKU,gram,,2115.66,,2644.575,,racikan,1,0,
603,D06 DESONIDE BAHAN BAKU,gram,,1350.87,,1756.131,,racikan,1,1,
604,P36 PREMIUM BAHAN BAKU,gram,,2835,,3685,,racikan,1,1,
605,B159 BHP INFUS,gram,,27850,,45000,,obat,1,1,
606,V05 VALAMIN,mL,,60369,,,,obat,1,0,
607,I04 INFUS SET,pcs,,9900,,20500,53,obat,1,1,BA0023
609,K27 KAPSUL WHITENING /KAP,mg,,,,,,obat,1,0,
610,B72 Belova Facial Wash,mL,,,,,,produk,1,0,
611,B73 Belova Facial Wash Acne,mL,,,,,,produk,1,0,
612,B104 Belova Oxy Spray,mL,,,,,,produk,1,0,
613,B46 Belova cream Ketiak,gram,,,,,,produk,1,0,
614,S22 SANBE-HAIR 60 ML,mL,,233266.5,,318451.23,,produk,1,1,OF0047
615,B76 BELOVA HAIR GROW,mL,,,,,,produk,1,1,
616,B03 BD-ULTRA FINE PRO 0.23 X 4 MM,pcs,,,,,,obat,1,1,
617,K12 KAPSUL KOSONG,pcs,,,,,,obat,1,1,
619,K46 KSR 600 MG,mg,600,2556,,5125,44,obat,1,1,OF0387
620,P07 PARACETAMOL 500 MG,mg,500,178.71,,321.678,167,obat,1,1,
622,S41 SANTAGESIC INJ,mL,,11433,,15059.93,17,obat,1,1,OF0123
623,T16 TERAZOSIN 2MG,mg,2,1225,,,64,obat,1,1,
629,B157 BETASON-N 5GR,gram,,20228.92,,26297.596,1,obat,1,1,OF0006
630,B89 BELOVA MALAM AHA,gram,,,,,,produk,1,0,
636,C38 CHLORPROMAZINE 100MG,mg,100,300,,,,obat,1,0,
651,D19 DILTIAZEM,mg,,175.96,,228.748,346,obat,1,1,OF0307
652,R07 REGROU 30 ML,mL,,72150,,155000,1,racikan,1,1,OF0046
653,E18 EXCELENT BAHAN BAKU,gram,,2205,,2867,,racikan,1,0,
654,T41 TRETINOIN BAHAN BAKU,gram,,1395.27,,1395.27,,racikan,1,1,
655,A19 AHA 8% CREAM BAHAN BAKU,gram,,580.2192,,783.29592,3469,racikan,1,1,
656,A06 ACNE CREAM BAHAN BAKU,gram,,780.219,,1014.2847,,racikan,1,1,
657,M12 MASSAGE CREAM,gram,,209.79,,272.727,,racikan,1,1,
658,S66 SOOTHING CREAM BAHAN BAKU,gram,,540.6588,,702.85644,,racikan,1,1,
659,A20 AHA NEUTRALIZER,gram,,249.75,,324.675,,racikan,1,1,BS0229
663,Z04 ZITANID,mg,,6256.8,,,70,obat,1,1,
664,L28 LISINOPRIL 10 MG,mg,10,754.8,,981.24,610,obat,1,1,OF0398
665,A27 ALKOHOL 70 %,mL,,60000,,80000,,racikan,1,0,BA0006
666,J04 JERIGEN,pcs,,,,,,racikan,1,0,
671,T26 THYROZOL 10 MG,mg,10,3347.7933,,4358.35728,55,obat,1,1,OF0481
677,B142 BELOVA SOLUTION SERUM FOR ACNE 15ML,mL,,25650,,125000,75,produk,1,1,OF0519
679,S44 SCRUB,pcs,,,,,,racikan,1,1,
682,B171 BRAINACT 500 MG TAB,mg,500,14430,,18035,2,obat,1,1,OF0263
683,A70 ANTIBIOTIK 5 G,gram,,,,,,obat,1,1,
685,H07 HAVE FUN GO MATTE LIP CREAM- DREAM,gram,,23115,,65000,38,produk,1,1,OF0515
686,H09 HAVE FUN GO MATTE LIP CREAM-FIGHT,gram,,23115,,65000,44,produk,1,1,OF0516
688,K18 KAPSUL RACIK,gram,,,,,,obat,1,0,
690,B21 BELOVA ANTI IRITASI RACIK,gram,,,,,,racikan,1,1,
691,H08 HAVE FUN GO MATTE LIP CREAM-CAPPADOCIA,gram,,23115,,65000,38,produk,1,1,OF0514
692,H11 HAVE FUN GO MATTE LIP CREAM-HERS,gram,,23115,,65000,46,produk,1,1,OF0518
693,H10 HAVE FUN GO MATTE LIP CREAM-HAPPINES,gram,,23115,,65000,38,produk,1,1,OF0517
694,S05 SALEP ANTI BIOTIK 10GR,gram,,,,,,racikan,1,0,
697,V03 VAKSIN HEPATITIS,mL,,95000,,,,obat,1,0,
698,S24 SANDEPRIL 12.5 MG,mg,12.5,1024,,3000,,obat,1,1,
700,H03 HALOPERIDOL 5 MG,mg,5,294,,,,obat,1,0,
704,L12 LASIX,mg,2,7702.8,,10013.64,55,obat,1,1,OF0392
705,V16 VIP ALBUMIN,mg,,7770,,10101,30,obat,1,1,OF0580
706,L22 LIDOCAIN 2% INJEKSI,mL,,1776,,2308.8,159,obat,1,1,OS0100
707,L37 LYNAE MAZTHIONE,mL,,17482.5,,,,obat,1,0,
708,O29 OZEMPIC SINGLE DOSE PEN,mL,,1955709,,2542421.7,1,obat,1,1,OF0116
709,T45 TRIHEXYLPHENIDIL,mg,,115,,150,,obat,1,1,OF0612
710,R24 RISPERIDON 2 MG,mg,2,1677.62,,3103.6,436,obat,1,1,OF0461
711,H22 HEXYMER 2 MG,mg,2,471.75,,613.28,435,obat,1,1,OF0368
712,B174 BRIGHTENING TRANEX CREAM RACIK,gram,,,,,,racikan,1,0,BS0298
714,M25 MESOESTHETIC WHITENING SOLUTION,gram,,,,,,racikan,1,0,BF0232
717,A86 AVAMIST NASAL SPRAY,mL,,151384,,,,obat,1,0,
724,F24 FLEET PHOSPOSODA,mL,,84817.712,,135707.712,,obat,1,1,OF0695
726,P15 PEELING RETINOL,mL,,50050,,200000,,produk,1,1,BS0179
727,B78 BELOVA HAIR SERUM,mL,,58730,,155000,,produk,1,1,BS00100
728,C27 CENDO LYTEERS 15 ML,mL,15,24975,,32467.5,2,obat,1,1,OF0040
729,X03 XEPAZYM,mg,,3552,,4617,138,obat,1,1,OF0140
731,D14 DIAGIT,mg,,3275.055,,4257.5715,85,obat,1,1,OF0302
733,V33 VOMETA SYR,mL,,53280,,,,obat,1,0,
734,V17 VIT D,mg,,3108,,,,obat,1,0,
735,S49 SERUM BOOSTER FLEK,gram,,,,,,produk,1,0,
740,U05 ULTRAPROCT N GEL,gram,,150082,,187603,,obat,1,1,OF0027
743,T23 THROMBOPHOB GEL,gram,,66600,,86580,1,obat,1,1,OF0056
744,C29 CENFRESH EYE DROP 5 CC,mL,,34840.125,,47034.16875,2,obat,1,1,OF0039
746,A62 ANTI INFLAMASI TAB,mg,,,,,,obat,1,0,
747,S45 SCRUB 500GR,gram,,80000,,256000,,racikan,1,1,
748,C73 CREAM ANTI IRITASI,gram,,9773,,50000,,racikan,1,1,RF0030
749,M11 MASKER WHITENING 500GR,gram,,,,,,produk,1,0,
751,D20 DIMENHIDRINATE,mg,,179,,,,obat,1,0,
752,G13 GENTASOLON 5 GRAM CREAM,gram,5,33161,,39793.2,8,obat,1,1,OF0012
753,S11 SALEP RACIK,gram,,47800,,,,obat,1,1,
755,A66 ANTI KOLESTEROL,mg,,,,,,obat,1,0,
756,B136 BELOVA SERUM RAMBUT RONTOK,gram,,,,,,produk,1,0,
758,A40 AMINEXIL TREATMENT HAIR SERUM (ANTI RONTOK),mL,,24000,,,,produk,1,0,
761,B149 BELOVA TLA NIGHT CREAM,gram,,,,,,produk,1,1,
762,S59 SIMVASTATIN 10 MG,mg,10,466.16,,652.63,365,obat,1,1,OF0469
764,C32 CERAMIDE BAHAN BAKU,gram,,1315.55535,,1710.221955,,racikan,1,1,RF0049
765,K40 KITODERM GIGA WHITE PEEL GEL 100 ML,mL,,2749.9917,,3712.488795,100,racikan,1,1,OF0718
766,G02 GA 70 PEELING SOLUTION 100 ML,mL,100,2847.9,,3737.37,,racikan,1,1,BS0172
767,T21 THERASKIN PEELING GA 20% 100 ML,mL,100,1215.45,,1580.085,,racikan,1,1,
768,A10 ACNE DAY CREAM BAHAN BAKU,gram,,502397.1,,678236.085,3000,racikan,1,1,
769,M06 MASKER ACNE BAHAN BAKU,gram,,65,,84,,racikan,1,1,
770,P47 PROPEPSA SYR,mL,,68542.5,,92532.375,13,obat,1,1,OF0217
773,B40 BELOVA CREAM ACNE TOTOL RACIK,gram,,,,,,racikan,1,1,
774,M41 MICROLAX SUPP,gram,,22500,,,,obat,1,0,
780,T02 TABUNG O2,pcs,,850000,,1105000,,racikan,1,1,
781,C39 CIASTAR YELLOW 10 MG,mg,,377400,,,,obat,1,0,
782,U02 UFINES ECTA CREAM,gram,,35964,,,,racikan,1,0,
783,U03 UFINES VITA B RADIANT GEL 15 ML,mL,,47952,,,,racikan,1,0,
784,M08 MASKER BRIGHTENING BAHAN BAKU,gram,,65,,84,,racikan,1,1,
785,F01 FACIAL SCRUB IMMORTAL,gram,,439.56,,593.406,3,racikan,1,0,
786,M13 MECOBALAMIN INJ,mL,,9858,,12454.2,8,obat,1,1,OF0102
787,S58 SIMARC 2 MG,mg,2,1462.425,,,46,obat,1,0,
790,C15 CATAFLAM 50MG,mg,50,6359.2788,,8076.284076,4,obat,1,0,OF0274
791,S57 SILDENAFIL CITRAT 50 MG,mg,50,31080,,41958,15,racikan,1,1,OF0467
792,R17 RHEUTREX,mg,,1999.11,,2340,43,obat,1,1,OF0456
793,L35 LUNGENE RAPID TEST,pcs,,32000,,,,obat,1,0,
794,K42 KITODERM PEELING GA 20 100 ML,mL,,75000.0027,,75000.0027,100,racikan,1,1,OF0716
795,C50 CLINDAMYCIN GEL BAHAN BAKU,gram,,1537.35888,,1537.35888,,racikan,1,1,
798,B14 BELOVA ACNE SERUM,mL,,,,,,produk,1,0,
799,B18 BELOVA ANTI ACNE,gram,,,,,,obat,1,0,
800,B60 BELOVA DAY CREAM RACIK,gram,,27540,,,,racikan,1,0,
801,B103 BELOVA NIGHT CREAM RACIK,gram,,,,,,racikan,1,0,
802,A65 ANTI IRITASI TABLET,gram,,,,,,obat,1,0,
813,B175 BUBBLE WRAP,pcs,,,,,,produk,1,1,
814,D02 DBI LIGHTENING ESSENCE,mL,,65046,,,,obat,1,0,
815,B141 BELOVA SKIN CORECTOR,mL,,,,,,racikan,1,1,
816,M31 METHOTREXATE TAB,mg,,3660,,,,obat,1,0,
817,C65 COMBIVENT,mg,,27000,,36450,0,obat,1,1,OF0294
818,P55 PULMICORT,mL,,22117.638,,28531.75302,3,obat,1,1,OF0045
819,X06 XIETY,mg,10,5827.5,,7908.75,103,obat,1,1,OF0508
820,S67 SOOTING CREAM *,gram,,16137,,20978,3222,racikan,1,1,
821,L21 LICOKALK,,,233,,,,obat,1,0,
822,D17 DIAZEPAM 5 MG,mg,5,555,,,,obat,1,0,
823,O24 OTOPAIN TT,mL,,41937,,109265,,obat,1,1,OF0703
824,C30 CEPEZET 100 MG,mg,100,524,,655,100,obat,1,1,OF0280
825,S26 SANDIMUN NEORAL 50 MG,mg,50,23125,,,,obat,1,0,
826,V35 VOUCHER 100.000,pcs,,,,,,produk,1,1,
827,C21 CEFIXIME SYR 30 ML,mL,,18981,,25624.35,0,obat,1,1,OF0277
829,C24 CEFTUM INJ,gram,,291930,,379509,10,obat,1,1,OF0078
830,B16 BELOVA ALOE CLAY MASK,gram,,,,,,produk,1,1,
831,S19 SANBE HAIR**,mL,,,,,2,produk,1,1,OF0047
833,T08 TEBUS VOUCER 100.000,pcs,,,,,,produk,1,1,
834,C07 CANDERIN DUO,mg,,9891,,10966.8,208,obat,1,1,OF0268
837,T36 TRAJENTA DUO 2.5 MG/500 MG,mg,"2,5/500",11789.55,,15326.42,60,obat,1,1,OF0484
838,H01 HAIR SERUM PRIA 60ML,mL,,233266.5,,303246.45,,produk,1,1,
839,T33 TOTE BAG,pcs,,7000,,20000,,produk,1,1,
840,B118 BELOVA POUCH GOLD,pcs,,13000,,25000,,produk,1,1,
841,P12 PAYUNG,pcs,,35000,,50000,,produk,1,1,
842,M20 MELOXICAM 7.5 MG,mg,7.5,384.0045,,961.5375,100,obat,1,1,OF0406
844,B38 BELOVA CLAY MASK PEARL GLOW,pcs,,,,,,produk,1,0,
845,L15 LE MINERAL,pcs,,,,,,produk,1,0,
846,P41 PROFILAS SYR,mL,,108780,,135975,0,obat,1,1,OF0216
847,T14 TEMPRA FORTE SYR 60 ML,mL,60,47286,,,1,obat,1,0,
850,S79 SPUIT TERUMO 1 CC,pcs,,2750,,3712,139,racikan,1,1,TS0200
851,M19 MELOXICAM 15 MG,mg,15,483.96,,1593.072,86,obat,1,1,OF0405
852,R13 RETINOL PEEL BAHAN BAKU,mg,,51337,,200000,,racikan,1,1,TS0013
853,C19 CEFAT FORTE DRY SYR,mL,,86469,,108086.25,1,racikan,1,1,OF0034
854,T47 TRIMETAZIDIN,mg,35,2331,,3030.3,190,obat,1,1,OF0490
856,A15 ACYCLOVIR 5 GRAM CREAM,gram,,3931.62,,5504.268,14,obat,1,1,OS0005
857,S14 SALEP RACIK ACYCLOVIR,gram,,,,,,obat,1,0,
858,B177 BUFACOMB,gram,,,,32606.25,0,obat,1,0,OF0049
859,S18 SALEP RACIK KCD,gram,,,,,,obat,1,0,
861,F32 FORCE D 5000 IU,iu,5000,3330,,4162,0,racikan,1,1,
862,T24 THROMBOPHOB OINTMENT 15 CREAM TUBE,gram,,49950,,64935,2,obat,1,1,OF0025
863,T25 THROMBOPHOB GEL TUBE,gram,,15516,,86580,,obat,1,1,OF0056
864,S86 SULFITIS,mg,,7030,,8984.43,90,obat,1,1,OF0478
865,B43 BELOVA CREAM EXCEMA 30GR,gram,,6,,185000,,racikan,1,1,
866,O15 ONDANSETRON 4 MG INJ,mL,,53227,,7492.5,19,obat,1,1,OF0113
867,P54 PSIDII,gram,,8415,,,,obat,1,0,
868,S02 SALBUTAMOL 4 MG,mg,4,199.8,,205.794,295,obat,1,1,OF0464
869,S68 SOTATIC TABLET,mg,,546.47,,710.41,0,obat,1,1,OF0472
870,B101 BELOVA NECK SCRUB,mg,,,,,,racikan,1,0,
872,K41 KITODERM NEUTRALIZER 100 ML,mL,,23698.5,,30808.05,,racikan,1,1,
873,M48 MULTIVITAMIN,,,2350,,,,obat,1,0,
874,S06 SALEP ANTI BIOTIK 5GR,gram,,,,25000,,racikan,1,0,
875,G10 GENTAMICIN 0.1& ZK,gram,,3835.05,,4717.1115,2,obat,1,1,OF0010
877,V30 VOLTAREN GEL 20 G,gram,20,96792,,,,obat,1,0,
882,C35 CETINAL SYR,mL,,91020,,97391.4,0,racikan,1,1,OF0195
883,S63 SNMC,mL,,104895,,146853,4,obat,1,1,OF0470
884,D08 DETRUSITOL 2 MG,mg,2,14674.2,,19076.46,,obat,1,0,
885,R19 RHINOFED SYR 60 ML,mL,60,33300,,43625,,obat,1,0,
886,H02 HALOPERIDOL 1.5 MG,mg,1.5,297.48,,386.72,577,obat,1,1,OF0363
887,B87 BELOVA MALAM AA1 (ACNE TOTOL),gram,,22178,,95000,,racikan,1,1,
890,C16 CEFADROXIL 125 MG/60 ML,mL,,10545,,13708.5,1,obat,1,1,OF0032
891,D32 DOMPERIDON SYR 60 ML,mL,60,9183.141,,,,racikan,1,0,
892,A30 ALLOPURINOL 300 MG,mg,300,555,,721.5,52,obat,1,1,OF0235
895,P32 PRE-PEEL CLEANSER,gram,,181.818,,,,racikan,1,0,
896,B161 BICROLID 500,mg,500,30136.5,,20879.1,112,obat,1,1,OF0652
897,M50 MXN 400 MG,mg,400,35964,,,,obat,1,0,
898,V14 VENTOLIN 2.5 NEBULES,mg,,14609.709,,,5,obat,1,1,
899,M21 MEMBER BELOVA SKIN & BEAUTY CENTER (FREE POUCH),pcs,,,,,,produk,1,1,
900,A49 ANISEPTIC SOLUTIUON,pcs,,,,,,obat,1,0,
901,S20 SANBE IVY 120 ML,mL,,88800,,,,obat,1,0,
903,B28 BELOVA BRIGHTENING CERAMIDE,mL,,,,,,produk,1,0,
905,O03 OBAT JERAWAT,gram,,6660,,,,obat,1,0,
906,T19 TERUMO 5 CC,pcs,,2775,,8741,144,obat,1,1,BA0125
907,T17 TERUMO 10 CC,pcs,,3607.5,,14707.5,161,obat,1,1,BA0126
908,T18 TERUMO 3 CC,pcs,,1442,,7215,102,obat,1,1,BA0124
909,A81 ASCORBIC ACID 1G/5ML,mL,,10989,,,,racikan,1,0,
910,M42 MIKROMIST DEWASA,pcs,,22200,,40000,,obat,1,1,
911,R04 RANITIDIN TAB,mg,150,326.5,,424.45,58,obat,1,1,OF0450
912,K31 KERTAS PUYER,pcs,,25,,200,,obat,1,1,
913,I09 INJECTION PLUG,pcs,,40800.27,,53040.351,9,obat,1,1,BA0135
914,V09 VAXIGRIP TETRA SH,pcs,,221445,,276806.25,0,obat,1,1,OF0130
915,A21 ALBOTHYL CONCENTRATE 10 ML,mL,,42735,,53418.75,,racikan,1,0,OS0004
916,T22 THREEWAY STOPCOCK,pcs,,26862,,33577,,obat,1,1,BS0255
917,N04 NACL 500 ML,mL,500,10000,,13500,4,obat,1,1,OF0663
918,S08 SALEP GATAL 30GR,gram,,,,,,obat,1,0,
919,B61 BELOVA DAY CREAM RACIK,gram,,27540,,155000,,produk,1,0,
920,C85 CREAM RACIK,gram,,21000,,125000,,produk,1,0,
921,B120 BELOVA RACIK AHA CERA,gram,,,,,,racikan,1,1,
922,M03 MANDELIC+CITRIC ACID 30%,gram,,30744.78,,,,racikan,1,0,
923,A72 APHRODERMA NIGRA LIGHTENING CREAM,gram,,1348.65,,1753.245,,racikan,1,0,
924,V29 VOLTAREN GEL 10 G,gram,10,56388,,,,racikan,1,0,
925,V31 VOLTAREN GEL 50 G,gram,50,191541.6221,,,,racikan,1,0,
926,D05 DESOLEX CREAM,gram,,22588.5,,30000,19,racikan,1,1,OF0545
928,V18 VITACID CREAM 0.05%,gram,,34442.1567,,44774.80371,,obat,1,1,OF0548
930,A61 ANTI INFLAMASI 2,gram,,,,,,obat,1,0,
931,K36 KETOMED SS,mL,,41647.2,,54141.36,2,produk,1,1,OF0384
932,N07 NEBACETIN POWDER,gram,,25530,,31912.5,1,racikan,1,1,OF0183
933,S43 SCABIMITE CREAM 30 G,gram,,79143,,110800.2,1,racikan,1,1,OS0022
934,K03 KALIUM DIKLOFENAK 50 MG,mg,50,574.1697,,901.88,,obat,1,1,
935,H15 HELIATECH LOTION,gram,,79542.15822,,103404.8057,10,produk,1,1,
936,S93 SYMBICORT TURBUHALER 160/120,gram,,186580,,550000,,obat,1,0,
939,D04 DERMAHEAL SB,mL,,20390.7,,26507.91,4,racikan,1,0,BS0111
944,A84 ATORVASTATIN 10 MG,mg,10,2220,,2886,335,obat,1,1,OF0253
945,A45 AMOXICILLIN DS 125 MG/5 ML,mg,,7770,,,,obat,1,0,
948,O14 OMEPRAZOLE CAP,mg,,412.032,,604.45,274,obat,1,1,OF0428
949,K43 KOLICGON,mg,,638.25,,1659.45,166,obat,1,1,OF0386
950,D30 DOLONES CREAM,gram,,61272,,89976.6,40,obat,1,1,BS0074
951,D16 DIAZEPAM 2 MG,mg,2,179.265,,233.0445,0,obat,1,1,OF0304
952,V06 VALISANBE 5 MG,mg,5,455.1,,,,obat,1,0,
953,F09 FASIDOL FORTE 650 MG,mg,650,362.69,,,,obat,1,0,
954,M36 METOCLOPRAMIDE HCL INJ,mL,,5050.5,,,32,obat,1,0,
955,M32 METHYLPREDNISOLON 125 MG INJ,mL,,51258.69,,66636.297,5,obat,1,1,OF0107
956,U06 UMARON,mL,,190400,,,1,obat,1,0,
957,O08 OCTALBIN 25% 100 CC,mL,,2184263,,,,obat,1,0,
958,S83 SUCRALFAT SUSP 500 MG/ML,mL,,22200,,,,obat,1,0,
959,D09 DEX 40%,mL,,10100,,12626,,obat,1,0,
960,N13 NEUROAID II MLC 901,mL,,61605,,77006.25,,obat,1,0,OF0155
961,C74 CREAM ANTI IRITASI 30GR,gram,,,,,,produk,1,0,
962,T06 TCA 20% SOLUTION,gram,,2255.52,,2819.4,,racikan,1,0,
966,V22 VITAMIN D,iu,,3186,,,,obat,1,0,
967,S07 SALEP ANTIBIOTIK,mg,,8067,,45000,,obat,1,0,
968,S10 FUNGAL CREAM 30 GRAM,gram,,,,,,racikan,1,0,
969,I03 INERSON SALEP 15 GRAM,gram,15,104659.125,,141289.8188,1,obat,1,1,OF0014
970,P28 POT 30 GRAM,pcs,,2000,,5000,,obat,1,1,
971,F31 FORCE D 1000 IU,iu,,2636.25,,3427.125,,racikan,1,1,
973,M22 MEPTIN TAB 0.05,pcs,0.05,5109.33,,6389.66,157,obat,1,1,OF0407
974,D21 DIPHENHYDRAMINE HCL 10 MG/ML INJ,mg,,3330,,4162.5,,obat,1,1,OF0083
983,C14 CARMED 20%,gram,,924.9297,,1387.39455,,obat,1,1,OF0544
984,F04 FARBIVENT,mg,,11655,,,,obat,1,0,
989,S82 STESOLID INJ,mL,,8454,,,,obat,1,0,
990,A46 AMOXSAN DRY SYRUP,mL,,25641,,32051.25,0,racikan,1,0,OF0030
991,F34 FURAMIN INJECTION,mL,,11599.5,,,,obat,1,0,
992,K05 KALQUEST,pcs,,11488.5,,,3,obat,1,0,
993,V04 VAKSIN PREVENAR,mL,,628715,,1047859.425,,obat,1,1,
995,A47 AMOXSAN FORTE DS,mL,,36408,,46966.32,1,racikan,1,1,OF0031
997,I05 INFUS SET*,pcs,,4409,,13300,,obat,1,1,BA0023
1000,B58 BELOVA CREAM RACIK WAJAH RJ,gram,,23458,,118000,,racikan,1,0,
1001,B54 BELOVA CREAM RACIK BADAN RJ,gram,,23458,,278000,,racikan,1,0,
1002,C51 CLINIMIX,mL,,455100,,591630,1,obat,1,1,OF0625
1003,C52 CLINOLEIC,mL,20%,266400,,346320,1,obat,1,1,OF0626
1004,S69 SPARKLING GEL,pcs,,32450,,92000,,produk,1,1,OF0720
1005,S70 SPARKLING GEL PAKET,mL,,97350,,248000,,produk,1,1,
1006,S04 SALEP & OBAT MINUM,pcs,,,,,,produk,1,1,
1007,I10 INTRASIT GEL,gram,,128205,,153846,,obat,1,1,OF0053
1008,S34 SANPRIMA FORTE,mg,,2386.5,,3078.585,120,racikan,1,1,OF0136
1010,S77 SPORETIK 100 MG,mg,100,24198,,32027.94,154,obat,1,1,OF0475
1011,R22 RIFASTAR TAB,mg,,6882,,,,obat,1,0,
1012,L14 LAZ CAP,mg,,16650,,21645,47,obat,1,1,OF0151
1014,A82 ATAROC 25 MCG,gram,25,2619.95,,3344.4411,141,obat,1,1,OF0252
1015,F36 FUROSEMIDE 40 MG TAB,mg,40,,,,,obat,1,0,
1016,H24 HI-MG 200,mg,,6382.5,,8164.12,28,obat,1,1,OF0369
1017,B158 BHP,pcs,,,,,,bhp,1,1,
1020,V08 VAXIGRIP TETRA NH,mL,,221445,,287878.5,,racikan,1,1,
1021,G12 GENTAMYCYN INJ,mL,,6660,,7858.8,26,obat,1,1,OF0092
1022,H29 HYDROCORTISONE 1%,gram,,4440,,5550,8,racikan,1,1,
1023,P10 PARIET 10 MG,mg,10,20041.05,,,,obat,1,0,
1025,D12 DEXTEEM PLUS,mg,,347.23,,408.3787125,48,obat,1,1,OF0301
1026,B82 BELOVA KAPSUL ACNE I,gram,,,,,,obat,1,0,
1030,B39 BELOVA CLEANSER,mL,,,,,,produk,1,0,
1032,B53 BELOVA CREAM RACIK,gram,,,,,,produk,1,0,
1033,B168 BOTOX ALERGAN,gram,,33800,,33800,,obat,1,1,
1034,B169 BOTOX KOREA BOTULAX,mL,,15000,,15000,,obat,1,1,
1035,S78 SPORETIK 200MG*,mg,200,33300,,34965,,obat,1,1,OF0175
1037,T53 TWO WAY CAKE BEIGE (03),gram,,43512,,95000,,produk,1,1,OF0522
1038,T54 TWO WAY CAKE NATURAL,gram,,,,95000,4,produk,1,1,OF0523
1039,C87 CREAM RACIK 10 GRAM,gram,,,,,,produk,1,1,
1040,V15 VICTOZA FlexPen,mL,,908007.75,,1164000,,obat,1,0,OF0131
1041,P53 PROVE VIT 757 MG,mg,,192862.5,,241078.125,1,obat,1,1,OF0166
1042,M40 MICONAZOLE CREAM 2%,gram,,41125.55,,,,racikan,1,0,
1045,D39 DUO TAWAS,pcs,,50000,,125000,,produk,1,0,OF0709
1047,B55 BELOVA CREAM RACIK KB-N,mL,,56856,,,,obat,1,0,
1050,B126 BELOVA RETINOL CREAM,gram,,,,,,racikan,1,1,
1051,T46 TRILAC TABLET,mg,4,4273.5,,5555.55,0,obat,1,1,OF0489
1057,E11 ERPHAFILIN TABLET,mg,,216.9495,,271.186875,,racikan,1,1,OF0322
1059,C70 COTTON SWAB,pcs,,1180,,1475,,obat,1,1,BS0016
1064,O19 OPSITE 6.5 X 5 CM,pcs,,10989,,13736.25,,obat,1,1,
1067,N21 NORESTIL TABLET,mg,,4440,,5994,10,obat,1,1,OF0665
1069,G31 GRAPHA E,mg,,4428.9,,5979.015,86,produk,1,1,OF0360
1071,V26 VITOCAR*,mg,,2960.37,,3108.3885,,racikan,1,1,OF0190
1076,V23 VITAMIN E 400 IU,iu,,4681,,,,obat,1,0,
1077,G26 GLUSHINE-X,mL,,123025.3515,,159932.957,,racikan,1,1,
1078,F29 FOLIMID *,mL,,4255,,5531.5,30,obat,1,1,OF0186
1079,V25 VITOCAR,iu,,3034,,4191.22,352,obat,1,1,OF0190
1080,L27 LIPPOLAB,mL,,,,,,obat,1,0,
1081,O10 OMEGA,iu,,2960.37,,4100,,obat,1,1,OF0684
1099,E20 EYE CREAM 5 GR,gram,,,,,,racikan,1,0,
1100,D07 DESOXIMETASONE 0.25 CREAM,gram,,14035.394,,18246.0135,8,obat,1,1,OF0008
1102,E17 EXAFLAM 25 MG,gram,25,1898.1,,,130,obat,1,0,
1105,P39 PROBIOTIK,gram,,,,,,obat,1,0,
1106,G08 GASTROPROTECTOR*,mg,,15026.6125,,,,obat,1,0,
1109,G21 GLUCOPHAGE XR 1000 MG,gram,,5473.69675,,6951.594873,110,obat,1,1,OF0352
1112,L13 LAXADIN SYR,mL\,,51126.6,,63908.25,2,obat,1,1,OF0208
1114,B34 BELOVA BRIGHTENING SERIES PAKET,gram,,89611,,,,produk,1,0,
1115,B13 BELOVA ACNE SERIES PAKET,gram,,89611,,570000,,produk,1,0,
1116,O02 OBAT ANTI ACNE & INFLAMASI,gram,,,,,,obat,1,0,
1117,B176 BUDESMA 0.25MG/ML,mL,,158474,,,,obat,1,0,
1121,B133 BELOVA SERUM ACNE,mL,,,,,,produk,1,1,
1124,S27 SANKORBIN INJEKSI,mL,,35464.5,,48412.65,67,obat,1,1,OF0122
1125,S28 SANKORBIN INJEKSI*,mL,,33744,,35431,,obat,1,1,OF0122
1126,B113 BELOVA PAKET SELANGKANGAN,gram,,,,,,produk,1,1,
1128,Q02 QV CREAM 100 GR,gram,,1628.148,,,,racikan,1,0,
1129,Q04 QV SKIN LOTION 500 ML,mL,,579.975,,753.9675,,racikan,1,1,
1130,C62 CODIKAF 20 MG,mg,20,2336,,,,obat,1,0,
1132,B164 BIOSAN,mg,,16650,,21645,119,obat,1,1,OF0182
1133,U01 ACNE SERUM RACIK,gram,,,,,,racikan,1,0,
1134,O26 OXOFERIN,gram,,89355,,,,obat,1,0,
1135,P30 POUCH HOLOGRAM BELOVA (FAMILIA),pcs,,15000,,20000,,produk,1,1,
1136,T51 TUMBLER BELOVA (FAMILIA),pcs,,11000,,15000,,produk,1,1,
1137,B10 BELOVA ACNE NIGHT CREAM 30G,gram,,,,,,racikan,1,1,
1140,B139 BELOVA SK LOTION,gram,,,,,,produk,1,1,
1141,N02 NACL 1000 ML,mL,,27309,,,,obat,1,0,
1142,C94 CREAM RACIK STEP 1,gram,,,,,,produk,1,0,
1143,C95 CREAM RACIK STEP 2,gram,,,,,,produk,1,0,
1145,A55 ANTI BAKTERI,gram,,,,,,obat,1,0,
1146,A69 ANTI RADANG,mg,,,,,,obat,1,0,
1148,P24 PLASMINEX INJEKSI,gram,,15651,,23656.88,9,racikan,1,1,OF0118
1149,R09 RELAXON,mg,,805.86,,,,obat,1,0,
1150,S39 SANTA E 250 KAPSUL,iu,250,2255.167,,3194.31,,obat,1,1,OF0189
1151,S33 SANOXICAL KAPSUL,mg,,7548,,9930.06,349,racikan,1,1,OF0171
1152,S36 SANTA E 100 KAPSUL,iu,100,1750.1,,2294,,obat,1,1,OF0188
1153,G11 GENTAMYCIN SALEP MATA,gram,,3835.05,,,,racikan,1,0,
1154,Q01 Q TEN,gram,,11100,,14430,77,racikan,1,1,OF0135
1156,T07 TEBUS VOCER -250000,pcs,,,,,,produk,1,1,
1157,B15 BELOVA AHA 8% 30 G,gram,,,,,,produk,1,0,
1158,U08 URIEF,gram,,7444.4481,,8933.33772,150,obat,1,1,OF0494
1159,U07 URDAHEX,mg,250,13800.63,,17802.8127,274,obat,1,1,OF0493
1160,S61 SK LOTION STEP 1,gram,,37000,,137000,,obat,1,1,
1161,S62 SKIN BARIER LOTION,mL,,,,85000,,produk,1,0,
1162,A48 AMPICILLIN 500MG,mg,500,796.98,,996.225,202,obat,1,1,OF0245
1164,Q03 QV GENTLE WASH 250 G,gram,,510.378,,663.4914,,racikan,1,1,
1165,B51 BELOVA CREAM PUNGGUNG MALAM RACIK,mL,,57935,,290000,,racikan,1,1,
1167,F12 FAT BURNER SUPLEMEN,gram,,,,,,obat,1,1,
1168,F13 FAT LOSS SUPLEMEN,pcs,,,,,,obat,1,0,
1169,R16 RF SKIN TIGHTENING,pcs,,,,,833,obat,1,1,
1170,M01 MAGNESIUM SULFAS 40% INJ,mL,,12513.03,,15641.2875,,obat,1,0,
1171,E09 EPISAN SYR 100 mL,mL,100,59885,,77850.5,12,obat,1,1,OF0200
1172,S15 SALEP RACIK BN 10 G,gram,,38316,,120000,,obat,1,0,
1173,C61 CODEIN 20 MG,mg,20,,,,,obat,1,0,
1174,K23 KAPSUL RACIK**,mg,,,,,,obat,1,0,
1175,T32 TOPICARE CERAMIDE CR,gram,,145976.3564,,197068.0812,1080,obat,1,1,OF0547
1176,M17 MEDIRESIX 40 MG,gram,40,195.07806,,409.663926,971,obat,1,1,OF0660
1178,K09 KAPSUL ANTI OKSIDAN OMEGA,mg,,339050,,459000,,obat,1,0,
1179,B52 BELOVA CREAM PUNGGUNG STEP 2,gram,,57935,,483000,,racikan,1,0,
1180,S85 SULFADIAZINE SILVER,gram,,27417,,84229,1,obat,1,1,OF0023
1181,C47 CLANEKSI,gram,,14430,,18614.7,15,obat,1,1,OF0286
1182,V11 VELTHROM 10 MG,mg,10,1665,,2164.5,163,obat,1,1,OF0498
1183,L32 LOPAMID,mg,,231.768,,359.2404,71,obat,1,1,OF0402
1184,B121 BELOVA RACIK ARMPIT,mg,,,,,,obat,1,0,
1185,S38 SANTA E 250 IU (20 KAPSUL),iu,,46060,,65000,,obat,1,0,
1186,B138 BELOVA SK CREAM,gram,,,,,,racikan,1,0,
1189,A31 ALOCLAIR PLUS GEL 8 ML,mL,,94350,,122655,1,racikan,1,1,OF0048
1190,T56 TWO WAY CAKE NORMAL RESELLER,gram,,,,,,produk,1,1,
1192,P57 PIOGLITAZONE 30 MG D,mg,30,2886,,4617.6,,racikan,1,1,OF0437
1194,S96 SERUM SKIN BARRIER,pcs,,15600,,85000,,racikan,1,1,
1195,S95 SANMETIDIN 200 MG,gram,200,1887,,2434.23,100,obat,1,1,OF0466
1196,M52 MINOSEP OBAT KUMUR 60 ML,mL,60,29970,,,,obat,1,0,
1197,P56 PERHIDROL 3% 300 ML,mL,,3482,,,,obat,1,0,
1198,S97 STELAZINE 5 MG,mg,5,1104.45,,1435.785,102,obat,1,1,OF0477
1199,T57 TRACETAT SYR 60 ML,mL,60,141860,,200000,,obat,1,1,OF0224
1201,T58 TREMENZA TAB*,gram,,1776,,1806,,obat,1,1,OF0486
1202,L38 LEVOFLOXACIN 750 MG/ 150 ML INF,mg,,138750,,,,obat,1,0,
1203,P285B PAKET BRIGHTENING,pcs,,89611,,285000,,produk,1,1,
1204,P285A PAKET ACNE,pcs,,79563,,285000,,produk,1,1,
1205,P285BA PAKET BRIGHTENING ACNE,pcs,,111323,,285000,,produk,1,1,
1206,P285BTU PAKET BRIGHTENING TONE UP,pcs,,86911,,285000,,produk,1,1,
1207,S98 SICLIDON 100 MG,mg,100,6493.5,,8533.13,97,obat,1,1,OF0173
1208,S99 SALBULIN SPRAY,mg,,88800,,115440,1,obat,1,1,OF0193
1211,B189 BECOMZET*,mg,,2442,,3052.5,,obat,1,1,OF0257
1212,N29 NEBACETIN OINTMENT,gram,,25500,,31875,,obat,1,1,
1215,F37 FULADIC CREAM 5 GRAM,gram,,57997.5,,,1,obat,1,1,
1216,T59 TOPICARE CERAMIDE 15 G,gram,,19725,,25643,,obat,1,1,
1217,C104 CREAM RACIK COUTER DC,gram,,,,,,obat,1,1,
1218,M53 MODEXA,gram,,330000,,432900,1,obat,1,1,OF0702
1219,M54 MEPTIN MINI,mL,,2999.3,,3899.09,173,obat,1,1,OF0408
1220,C100 CEFIXIME 200 MG,mg,200,4070.37,,5291.481,383,racikan,1,1,OF0035
1222,C101 COLCHICINE 0.5 MG,mg,0.5,799.2,,118.88,185,obat,1,1,OF0293
1223,F38 FORIXTRA 2.5 MG,mg,2.5,259376,,,,obat,1,0,
1224,A90 ALBOTHYL 5 ML,mL,,21700.5,,30380.7,,racikan,1,1,OS0004
1226,MINOSEP OBAT KUMUR 0.2% 150 ML,mL,,49950,,,,,1,0,
1228,N30 NEUROSANBE PLUS,mL,,1443,,2150.63,194,obat,1,1,OF0156
1229,V38 VILDAGLIPTIN 50 MG,mg,50,3746.94,,4871.035,291,obat,1,1,OF0500
1230,F39 FLAGYSTATIN OVULA,mg,,20532.78,,32647.1202,1,obat,1,1,OF0336
1237,P62 PRIMOLUT N,mg,,6159.353,,9932.5,2,obat,1,1,OF0440
1238,LITRAMED ANAESTHETIC PEEL,mg,,6926.4,,,,,1,0,
1240,C112 CETIRIZIN SYR 60 ML,mL,60,9435,,13286.7,3,racikan,1,1,OF0196
1241,K47 KAPSUL DIET,mg,,4225,,8510,,obat,1,1,
1242,A92 ANTI IRITASI,gram,,214,,2500,,obat,1,1,
1243,SM02 MASKER KERING SPARKLING,pcs,,,,,10,produk,1,1,
1244,TRANSOFIX,pcs,,7882,,9853,,obat,1,1,
1245,M65 MONARIN FC 10 MG,pcs,10,8880,,11544,34,obat,1,1,OF0416
1246,K48 KAPSUL RACIK BP. SUHARDI,mg,,2454,,4909,,obat,1,1,
1247,P59 PAKET POWER ACNE RANGER BASIC,pcs,,45135,,203500,,produk,1,1,
1250,K49 KAPSUL ANTI OKSIDAN OMEGA 15,pcs,,155005,,245000,,obat,1,1,
1257,M66 MEPROCE 1000 INJ,mL,,27750,,34687.5,3,obat,1,1,OF0104
1258,THERASKIN PEELING GA 30% 100 ML,mL,,1665,,2164.5,30,,1,1,
1260,A90 ALLOGON,gram,,1900,,,,obat,1,0,
1261,S102 SALEP CACAR AIR G33,mg,,44900,,,,racikan,1,0,
1263,R28 RIFAMPICIN 450 MG,gram,,6827,,,46,obat,1,1,
1264,LIXIANA 60 MG,mg,60,30525,,39682.5,84,obat,1,1,OF0400
1265,HANDSCHOON STERIL MAXTER NO.7,pcs,,7000.77,,8750.9625,,,1,1,
1266,F40 FLUOXETINE HCL 20MG,mg,20,689.976,,862.47,170,obat,1,1,OF0339
1267,P63 POWEROKSI TAB,mg,,12765,,16594.5,225,obat,1,1,OF0438
1269,T62 TRICHODAZOLE INFUS,mL,,109390.5,,143398.13,7,obat,1,1,OF0067
1270,F41 FLUCONAZOLE INF,mL,,26250,,,,obat,1,0,
1271,BOX GOLD SERUM,mL,,4501.05,,,,,1,0,
1272,STIKER GOLD SERUM,pcs,,900.21,,,,,1,0,
1274,B192 BELOVA SOOTHING CREAM RACIK,gram,,,,,,racikan,1,1,
1275,M64 MONURIL 3 G*,gram,,188811,,220280,1,obat,1,1,OF0418
1276,F42 FLUIMUCIL EFF*,gram,,145854,,,,obat,1,0,
1277,F43 FLUIMUCIL GRANUL 600*,mg,600,277722,,,,obat,1,0,
1278,H33 HERCLOV,gram,500,17371.5,,,0,obat,1,0,
1280,REDNESS ID,gram,,79032,,118548,2,,1,0,
1281,S103 SANTA E 250*,mL,250,65989.5,,69288.975,,obat,1,1,OF0189
1283,MESOSTABYL AMPOULES,pcs,,15318,,19913.4,,,1,1,OS0106
1284,L-CARNITINE AMPOULES 5 ML,mL,,11544,,15007.2,,,1,0,OF0
1286,C110 CYS-EC CREAM,gram,,200000,,350000,,produk,1,1,OF0
1288,C113 CEDOCARD 5 MG TAB,mg,5,1238.58,,1610.154,349,obat,1,1,OF0275
1291,A93 ALBENDAZOL 400 MG TAB,mg,400,1200,,,,obat,1,0,
1296,LA1 LITRAMED ANASTHETIC PEEL 1/2 TUBE,gram,,164125,,,,obat,1,0,
1297,FACE NADE,gram,,76590,,99567,,,1,1,BS0174
1298,A99 AKN-ID,mL,,95460,,,1,racikan,1,0,
1299,DNA Pept-HA,mL,,120990,,157287,,,1,1,BS0176
1300,XEROSKIN-ID,mL,,102120,,132756,,,1,1,BS0128
1301,CYNARA PLUS+,mL,,76590,,99567,,,1,1,BS0248
1302,MCA 35,mL,,60828,,79076.4,,,1,1,OF0
1303,SKIN RECOVERY,mL,,52392,,68109.6,,,1,1,BS0243
1305,MG1 MONURIL GRANULE 3 G,gram,,226440,,294372,,obat,1,1,OF0418
1306,KR1 KAPSUL RACIK,gram,,2429,,4900,,obat,1,1,OF0
1307,ER01 ERYTHROMYCIN 500 MG,mg,500,2000,,,,obat,1,0,
1308,BQ01 BAQUINOR 200 MG INFUS,mg,,329570,,,,obat,1,0,
1309,SP01 SPORETIK 200 MG,mg,200,34965,,45454.5,148,obat,1,1,OF0175
1311,LAMESON 16 MG TAB,mg,16,10822.5,,13852.8,4,,1,1,OF0390
1313,P70 PROVE-C 1000,mg,,33300,,,,obat,1,0,
1314,CR01 CORALAN 5 MG,mg,5,12013,,13775,16,obat,1,1,OF0296
1315,P65 PERMETHRIN KRIM 5%,mg,,19980,,24975,5,racikan,1,1,OF0020
1317,KSN1 KAPSUL SESAK NEW,mg,,1995,,5800,,obat,1,1,
1318,IMMORTAL ESSENTIAL INTENSE PINK LIP,pcs,,50149.8,,,5,,1,0,
1319,CR02 CREAM RACIK,gram,,,,95000,,racikan,1,1,
1320,VE01 VELACOM PLUS 2/500,gram,,3807.3,,4949.49,30,obat,1,1,OF0139
1322,CVN01 CERNEVIT*,mg,,333000,,349650,2,obat,1,1,OF0079
1324,NORIT,mg,,350,,,,obat,1,0,
1328,IM01 IMITATIN INJ,mg,,310000,,,,obat,1,0,
1332,A105 ASAM TRANEXAMAT 500 MG TAB,mL,500,1998,,2597.4,98,obat,1,1,OF0485
1333,CAP2 F1 CAP,mg,,64079,,185000,,obat,1,1,
1334,CAP3 M CAP,mg,,,,10700,,obat,1,1,
1335,CAP1 DO CAP,mg,,,,128000,,obat,1,1,
1338,SF01 SURFLO/ABOCATH 22,pcs,,12000.21,,39960,16,obat,1,1,BA0003
1342,NF01 NOVOFINE 32G 4MM,pcs,,2758.35,,3447.9375,75,obat,1,1,BA0165
1343,TRIACILON KRIM 10 G,pcs,,,,,0,,1,0,
1344,BL01 BALANS,gram,,435000,,465000,42,produk,1,1,
1351,SRB1 SALEP RACIK BI,gram,,137616,,276000,,racikan,1,1,
1355,IMUNPED SYRUP,gram,,53335.5,,,,,1,0,
1356,JD01 JARDIANCE 25 MG*,mg,25,23956.06225,,26411.56255,,obat,1,1,OF0376
1357,GX01 GLYXAMBI 10+5 MG*,mg,,34933.08103,,38513.70564,60,obat,1,1,OF0357
1358,CARVILOL 6.25 MG,mg,6.25,1804.86,,2797.533,30,obat,1,1,OF0273
1359,P67 POT KACA 15 G FROSTED SILVER,pcs,,5272.5,,6854.25,,racikan,1,1,
1360,BOTOL KACA 20 ML BAHU DATAR,pcs,,4608.87,,6085.131,,,1,1,
1361,LITRAMED ANAESTHETIC PEEL OF TUBE/25 G,pcs,,185930.5,,,,,1,0,
1362,EYE CONTOUR,gram,,71428.5,,,,,1,0,
1363,MAXSLIM KAPSUL,gram,,,,,,,1,0,
1365,P68 PROTASON KRIM 10 G,gram,,73815,,,2,racikan,1,1,
1366,MG2 MONURIL GRANULE 3 G*,gram,,188811,,220280,,obat,1,1,OF0418
1376,ORNISPAR SACHET,mg,,27472.5,,,4,obat,1,1,
1377,A200 KAPSUL ANTI BIOTIK,gram,,7947,,9000,,obat,1,1,
1378,"KC01 KCL 7,46%",mg,,4736.37,,,,obat,1,0,
1380,B195 BALANS,gram,,435000,,435000,,obat,1,1,
1381,NR01 NITROKAF RETARD FORTE,mg,,2530,,4054.05,,obat,1,1,OF0158
1382,,,,,,,,,,,
1383,JARDIANCE 10 MG FCT*,mg,10,20830.08795,,21871.5923,,obat,1,1,OF0375
1384,TR02 TRAMADOL 100 MG INJ,mL,,5410.14,,,,obat,1,0,
1385,XENICAL 120MG,mg,120,12659.76,,18356.65,83,,1,1,OF0180
1387,DOPAMIN 200 MG INJ,inj,,97680,,126984,,,1,0,
1388,A100 AMINOPHYLLIN 240 MG INJ,mL,,14545.44,,18909.072,,obat,1,0,
1392,P69 PROTOFEN SUPP,mg,,3543.12,,4606.056,,racikan,1,0,
1394,000293 SALEP RACIK IN BN,mg,,,,,,obat,1,0,
1395,KAPSUL DIET NEW,mg,,1460,,3650,,obat,1,1,OF0
1396,000436 SALEP RACIK,mg,,,,150000,,obat,1,1,OF0
1398,STESOLID RECTAL 10 MG,mg,,56693.25,,73701.225,,,1,0,
1402,VALISANBE 10 MG INJ,mL,,25599.93,,31999.9125,,obat,1,0,
1403,DUMIN RT 125 MG,mg,125,24353.4,,30441.75,4,,1,0,
1404,VIT K 10 MG INJ,mL,10,8624.7,,10780.872,,,1,0,
1405,VITADION 2 MG INJ,mL,2,16500.15,,23100.21,1,,1,0,
1406,EPINEFPHRINE 1 MG INJ,mL,,13125.75,,16407.1875,2,,1,0,
1409,KITODERM ACNE PEEL 100G,gram,,1999.11,,2598.843,,,1,0,
1410,MEIACT,gram,,28998.75,,37698.375,,obat,1,0,
1411,V44 VILDI TAB 50MG,mg,50,5328,,6926.4,135,obat,1,1,OF0501
1412,S111 SALEP RACIK IN GM 2911,mg,,,,200000,,racikan,1,1,OF0
1415,KAPSUL ANTI OXIDAN 1,gram,,,,692000,,obat,1,1,OF0
1416,MUPIROCIN 2% 5 GRAM CREAM,gram,,19425,,25252.5,0,,1,1,OF0019
1417,MEDIKLIN,gram,,25097.92251,,34900,7,,1,1,OF0535
1419,R31 RYVEL SYRUP,mL,,72150,,93795,1,racikan,1,1,OF0219
1420,BOTOL KAPSUL,gram,,3500,,5000,,obat,1,1,OF0
1423,WINTUELL,pcs,,15000,,15000,,obat,1,1,OF0
1427,S108 SALEP RACIK BN4,pcs,,38316,,120000,,obat,1,1,OF0
1428,JARDIANCE 10 MG FCT,mg,10,22351.64,,29057.13,,obat,1,1,OF0375
1429,JARDIANCE 25 MG FCT,mg,25,25705.96,,33417.75,600,obat,1,1,OF0376
1430,DERMAFIX,pcs,,10000,,13000,,obat,1,0,
1431,BOTOL OBAT,pcs,,3000,,3900,,obat,1,1,OF0
1433,IKALEP 250MG,mg,250,5028.3,,6788.205,30,,1,1,OF0145
1437,"HALOPERIDOL 0,5 MG",mg,0.5,236.43,,305,303,obat,1,1,OF0362
1440,PT1 POT 10GR,pcs,,,,2500,,produk,1,1,
1444,MEROPENEM INJ,gram,,47813,,143190,,obat,1,0,
1445,A97 ACNE PACKAGE 3PCS,pcs,,,,,,obat,1,1,
1446,A104 ASTHAXATINE,mg,,,,11200,,obat,1,1,
1448,LASMALIN 2.5 MG,mg,2.5,1623.375,,2110.3875,100,,1,1,OF0393
1449,MESSAGE CREAM 250GR,gram,,52347.6,,70669.26,,,1,1,
1450,MEMBER BLACK CARD,gram,,,,100000,,produk,1,1,
1451,SPIOLTO RESPIMAT 2.5MCG,pcs,,590565,,965000,,obat,1,0,
1452,VITAZYM PLUS,mcg,,832.5,,1065.6,21,obat,1,1,OF0503
1455,S114 SANCOSTEIN CAP,mg,,4939.5,,6518.475,629,obat,1,1,OF0170
1456,P66 PLANTACID FORTE 100CC,mL,,29970,,40459.5,,racikan,1,0,
1457,CR. MALAM 453 - 03,gram,,100000,,100000,,racikan,1,0,
1468,S115 SERUM 2267,mL,,,,125000,,racikan,1,0,
1473,C-05-E,gram,,,,100000,,produk,1,1,
1474,RC6 C-02-B,gram,,,,120000,,produk,1,1,
1475,RC15 C-04-C,gram,,,,,,racikan,1,1,
1476,RC1 C-01-A,gram,,,,,,racikan,1,1,
1477,RC2 C-01-B,gram,,,,,,racikan,1,1,
1478,RC9 C-03-C,gram,,,,,,produk,1,1,
1479,RC14 C-04-B,gram,,,,,,racikan,1,1,
1480,RC3 C-01-C,gram,,,,,,racikan,1,1,
1481,RC5 C-02-A,gram,,,,,,racikan,1,1,
1482,RC7 C-03-A,gram,,,,120000,13,racikan,1,1,
1483,RC8 C-03-B,gram,,,,,,racikan,1,1,
1484,RC10 C-03-D,gram,,,,,,racikan,1,1,
1485,RC11 C-03-E,gram,,,,,,racikan,1,1,
1486,RC12 C-03-F,gram,,,,,,racikan,1,1,
1487,RC13 C-04-A,gram,,,,,,racikan,1,1,
1488,RC16 C-04-E,gram,,,,,,racikan,1,1,
1489,RC17 S-03-A,gram,,,,,,produk,1,1,
1490,RC18 S-03-B,gram,,,,,,racikan,1,1,
1491,RC19 S-04-A,gram,,,,,,racikan,1,1,
1492,RC20 S-04-B,botol,,,,,28,racikan,1,1,
1493,RC4 C-01-D,gram,,,,,,racikan,1,1,
1494,RG-CHOLINE SYR,mL,,,,211922,0,obat,1,0,OF0218
1495,VOUCHER MEMBER GET MEMBER,pcs,,,,,,produk,1,1,
1496,003098 SALEP RACIK IN GN,pcs,,,,255000,,racikan,1,1,
1497,B179 SCOPMA PLUS,mg,,1050.149633,,1449.206493,4,obat,1,1,
1498,C-04-F,mg,,,,125000,,racikan,1,1,
1499,TRELEGY INHALATION,gram,,1119654.802,,1511533.983,,obat,1,0,
1502,EZ1 EZEFER 10MG,gram,,9768,,14652,60,obat,1,0,
1503,C-04-F,mg,,,,,,racikan,1,1,
1504,C-04-H,gram,,,,,,racikan,1,1,
1505,C-01-E,gram,,,,,,obat,1,1,
1506,C-01-R,gram,,,,,,produk,1,1,
1507,S-04-C,gram,,,,,,racikan,1,1,
1508,AO SOD 1,gram,,,,,,obat,1,1,
1509,AO SOD 2,mg,,,,,,obat,1,1,
1510,RCS SUPLEMENT FUNGAL ACNE,mg,,,,178388.6,,obat,1,1,
1511,C-01-F CREAM FUNGAL,gram,,,,95000,,racikan,1,1,
1513,TENSOCREPE,pcs,,150000,,150000,,obat,1,1,OF0
1514,C-01-F,gram,,,,,,racikan,1,1,OF0
1515,C-01-G,gram,,,,,,racikan,1,1,OF0
1516,C-03-G,gram,,,,,,racikan,1,1,OF0
1517,C-03-H,gram,,,,,,racikan,1,1,OF0
1518,F-01-A,gram,,,,,,racikan,1,1,OF0
1519,T-01-A,gram,,,,,,obat,1,0,
1520,ANALSIK TAB,mg,,1942.5,,2525.25,186,obat,1,1,OF0246
1524,NEFROFER 100MG INJ,mL,,44400,,45821,,obat,1,0,
1525,C-03-I,gram,,,,,,produk,1,1,OF0
1526,C-04-I,gram,,,,,,racikan,1,1,OF0
1527,C-01-H,gram,,,,,,racikan,1,1,OF0
1528,C-01-I,gram,,,,,,racikan,1,1,OF0
1529,C-04-J,gram,,,,,,racikan,1,1,OF0
1530,C-01-J,gram,,,,,,racikan,1,1,OF0
1531,000026 SALEP RACIK,gram,,,,,,racikan,1,1,OF0
1532,C-03-J,gram,,,,,,racikan,1,1,OF0
1533,CR012 CREAM 3046,gram,,,,,,racikan,1,1,OF0
1534,KAPSUL ANTIBIOTIK,gram,,,,800,,obat,1,1,OF0
1535,A01 ANTI RADANG,mg,,,,2500,,obat,1,1,OF0
1536,SOD 5PCS,mg,,,,35000,,obat,1,1,OF0
1537,C-01-K,gram,,,,155000,,racikan,1,1,OF0
1538,A201 ACNE VIT,gram,,,,,,obat,1,1,OF0
1539,KAPSUL RACIK ACNE,gram,,,,,,obat,1,1,OF0
1540,SALEP JAMUR,gram,,38259,,50000,,racikan,1,1,OF0
1541,C-04-K,gram,,,,,,racikan,1,1,OF0
1542,DIVITI PFS 2.5 MG/0.5 ML,gram,,294705,,421428.15,2,obat,1,1,OF0084
1543,C-01-L,gram,,,,,,racikan,1,1,OF0
1544,SALEP GATAL RACIK,gram,,,,280000,,obat,1,1,OF0
1545,TWO WAY CAKE BEIGE,gram,,43512,,95000,,produk,1,1,OF0522
1546,INVICLOT INJ,gram,,86996,,100000,,obat,1,0,
1547,C-04-L,gram,,,,,,racikan,1,1,OF0
1548,P71 PROXIME,gram,,1443,,1861.47,50,obat,1,1,
1549,AO SOD 3,mg,,300000,,450000,,racikan,1,1,OF0
1550,C-04-M,gram,,,,,,racikan,1,1,OF0
1551,C151 SALEP ANTIBIOTIK,gram,,,,,,obat,1,1,OF0
1552,AO SOD 4,mg,,,,,,obat,1,1,OF0
1553,C-03-M,gram,,,,,,racikan,1,1,OF0
1556,LEVOFLOXACIN 500 MG INJEKSI,mg,,128871,,167532.3,2,obat,1,1,OF0
1557,C-03-K,gram,,,,,,racikan,1,1,OF0
1558,C-04-N,gram,,,,,,obat,1,1,OF0
1559,CEFIXIME 200 MG,gram,,4070.37,,5291.481,,obat,1,1,OF0035
1560,C48 CLINDAMYCIN 300MG,mg,,2018.18,,2623.63,,obat,1,1,OF0001
1561,U04 ULSIDEX,mg,,1498.5,,1948.05,0,obat,1,0,
1562,C-03-N,mg,,,,,,racikan,1,1,OF0
1563,SRB4 SUPLEMEN DIET 1 MINGGU,gram,,,,420000,,racikan,1,1,OF0
1565,C-03-O,gram,,,,,,racikan,1,1,OF0
1566,C-04-O,gram,,,,,,racikan,1,1,OF0
1567,N31 NEXURIN,gram,,4440,,7104,68,obat,1,1,OF0423
1568,AO SOD 4*,mg,,,,,,obat,1,1,OF0
1569,C114 CINAM INJ,mg,,174992,,227489.6,26,obat,1,1,OF0081
1570,C-04-P,gram,,,,,,racikan,1,1,OF0
1571,SPARKLING,pcs,,,,125000,36,racikan,1,1,OF0720
1572,MTW (30),gram,,,,,,obat,1,0,
1573,D45 DIVALPROEX SODIUM 250 MG,mg,,1198.8,,3596.4,63,obat,1,1,OF0310
1574,C-04-Q,gram,,,,,,racikan,1,1,OF0
1575,C-03-P,gram,,,,,,racikan,1,1,OF0
1576,1002 SALEP RACIK,gram,,,,,,obat,1,1,OF0
1577,ANVOMER TAB,mg,,4010,,5013,5,obat,1,0,
1579,KAPSUL SOD,gram,,,,,,racikan,1,1,OF0
1580,C-03-Q,gram,,,,,,racikan,1,1,OF0
1581,AZOMAX KAPLET,gram,,33300,,43290,21,obat,1,1,OF0133
1582,C-04-R,gram,,,,,,racikan,1,1,OF0
1583,TAB ANTI RADANG,gram,,,,5644,,obat,1,1,OF0
1584,C-04-S,gram,,,,,,racikan,1,1,OF0
1586,MS01 MASKER SPARKLING,gram,,,,40000,,produk,1,1,OF0
1587,C-01-O,gram,,,,,,racikan,1,1,OF0
1588,C-03-S,gram,,,,,,racikan,1,1,OF0
1589,AR03 KAP TRX (30),gram,,,,55000,,obat,1,1,OF0
1590,C-03-R,gram,,,,,,racikan,1,1,OF0
1591,CEFTIZOXIME 1 GR INJ,gram,,177600,,213120,18,,1,1,OF0076
1592,L47 LANAKELOID CREAM 10GR,gram,,172050,,221944.5,1,obat,1,1,OF0017
1593,C-04-T,gram,,,,,,racikan,1,1,OF0
1594,L46 LIPROQY,mg,,9268.5,,14735.25,677,obat,1,1,OF0152
1595,S-01-A,gram,,,,,,racikan,1,1,OF0
1596,Q TEN-ANTIOKSIDAN,mg,,,,200000,,racikan,1,1,OF0
1597,Q TEN-ANTIOKSIDAN*,mg,,,,350000,,racikan,1,0,
1598,OXYGEN,pcs,,,,50000,,bhp,1,1,OF0
1599,C-01-P,gram,,,,,,racikan,1,1,OF0
1600,SALEP KELOID,gram,,,,120000,,obat,1,1,OF0
1601,SUPLEMENT ACNE(30KAP),gram,,,,,,obat,1,1,OF0
1602,C-04-U,gram,,,,,,racikan,1,1,OF0
1603,C-04-V,gram,,,,,,racikan,1,1,OF0
1604,C-03-T,gram,,,,,,racikan,1,1,OF0
1605,SALEP RACIK**,gram,,,,,,obat,1,1,OF0
1606,SALEP RACIK***,gram,,,,,,obat,1,1,OF0
1607,C-04-W,gram,,,,,,racikan,1,1,OF0
1608,Q120,gram,,,,,,obat,1,1,OF0
1609,S-03-C,gram,,,,125000,23,racikan,1,1,OF0
1610,C-03-U,gram,,,,,,racikan,1,1,OF0
1611,Q TEN ANTIOKSIDAN 1,gram,,,,120000,,racikan,1,1,OF0
1612,C-03-V,gram,,,,,,racikan,1,1,OF0
1613,AO SOD 4**,gram,,,,,,obat,1,1,OF0
1614,L48 LEVOCIN INFUS,gram,,352092,,457719.6,2,obat,1,1,OF0062
1615,ULTRAPROCT N CREAM,gram,,150082,,187603,,obat,1,0,
1616,C-02- B 30GR,gram,,,,,,obat,1,1,OF0
1617,Q 200 (30),gram,,,,200000,,obat,1,1,OF0
1618,C-04-X,gram,,,,,,racikan,1,1,OF0
1619,SR-03-A,gram,,,,,,racikan,1,1,OF0
1620,C152 CREAM ANTI IRITASI PAGI,gram,,,,95000,,racikan,1,1,OF0
1621,C153 CREAM ANTI IRITASI MALAM,gram,,,,95000,,racikan,1,1,OF0
1622,ALGANAX 0.5 MG,gram,0.5,7770,,10489.5,73,obat,1,0,
1623,FLEET ENEMA,mg,,111000,,144300,3,obat,1,1,OF0700
1624,FAKTU SUPP,mL,,12500,,13000,,obat,1,1,OF0052
1625,C-03-X,gram,,,,,,racikan,1,1,OF0
1626,C-03-L,gram,,,,,,racikan,1,1,OF0
1627,SANOXICAL KAPSUL*,gram,,7381.5,,7750.575,,obat,1,1,OF0171
1628,DOLONES CREAM*,gram,,59773.5,,62762.175,,obat,1,1,BS0074
1629,C-01-U,gram,,,,,,racikan,1,1,OF0
1630,C-03-Y,gram,,,,,,racikan,1,1,OF0
1631,L-01-A,gram,,,,,,produk,1,1,OF0
1632,L-01-B,gram,,,,,,produk,1,1,OF0
1633,Acetylsistein 200 Mg Inhealth,gram,200,,,,,obat,2,0,
1634,Adalat Oros Inhealth,mg,30,,,,,obat,2,0,
1635,Allopurinol 100 Inhealth,mg,100,,,,,obat,2,0,
1636,Allopurinol 300 Inhealth,mg,300,,,,,obat,2,0,
1637,AmLodipin 10 Inhealth,mg,10,666,,799.2,,obat,2,1,OF0
1638,AmLodipin 5 Inhealth,mg,5,238.65,,286.38,76,obat,2,1,OF0572
1639,Amoxicicillin 500 Inhealth,mg,500,,,,,obat,2,0,
1640,Aspilet Inhealth,mg,,,,,,obat,2,0,
1641,Atorvastatin 10 Inhealth,mg,10,1887,,2264.4,19,obat,2,1,OF0573
1642,Atorvastatin 20 Inhealth,mg,20,2924.85,,3509.82,70,obat,2,1,OF0574
1643,Avodart Inhealth,mg,0.5,,,,,obat,2,0,
1644,Azomax Sirup Inhealth,mL,,,,,1,obat,2,1,
1645,Azithromycin 500 MG Inhealth,mg,500,4351.2,,5221.44,,obat,2,1,OF0256
1646,Betason- N Inhealth,gram,,,,,,obat,2,0,
1647,Bisoprolol 5Mg Inhealth,mg,5,,,,,obat,2,0,
1648,Braxidin Inhealth,mg,,,,,,obat,2,0,
1649,Briclot Inhealth,mg,90,10212,,12254.4,0,obat,2,1,OF0576
1650,Canderin 16 Mg Inhealth,mg,16,7381.5,,8857.8,220,obat,2,1,OF0577
1651,Canderin 8 Inhealth,mg,8,5411.25,,6493.5,85,obat,2,1,OF0267
1652,Cedocard 5 Mg Inhealth,mg,5,,,,,obat,2,0,
1653,Cefixime 100Mg Inhealth,mg,100,1098.9,,1118.9,109,obat,2,1,OF0579
1654,Cefixime 200Mg Inhealth,mg,200,2238.87,,"2,686,644",50,obat,2,1,OF0580
1655,Ceftriaxone Inj 1 G Inhealth,gram,,,,,,obat,2,0,
1656,Cendo Cenfresh Tm Inhealth,mL,,,,,,obat,2,0,
1657,Cendo Lyteers Tm Inhealth,mL,,,,,,obat,2,0,
1658,Cepezet 100 Mg Inhealth,mg,100,,,,,obat,2,0,
1659,Cinam Inj Inhealth,gram,,,,,,obat,2,0,
1660,Ciprofloxacin 500Mg Inhealth,gram,500,512.82,,"615,384",56,obat,2,1,OF0582
1661,Claneksi Inhealth,mg,,,,,,obat,2,0,
1662,Clonidine Inhealth,mg,0.15,,,,,obat,2,0,
1663,Codein Phosphate 20 Mg Inhealth,mg,20,,,,,obat,2,0,
1664,Combivent Inhealth,mg,,,,,0,obat,2,0,
1665,"Concor 1,25 Mg Inhealth",mL,1.25,2446.44,,"2,935,728",0,obat,2,1,OF0583
1666,Coralan Inhealth,mg,,,,,56,obat,2,0,
1667,Diclofenac Potassium Inhealth,mg,,401.82,,"482,184",200,obat,2,1,OF0636
1668,"Diviti Pfs 2,5Mg/0,5Ml Inhealth",mg,,,,,,obat,2,0,
1669,Domperidon Inhealth,mL,,,,,,obat,2,0,
1670,Euthyrox 100 Inhealth,mg,100,,,,,obat,2,0,
1671,Ezefer 10Mg Inhealth,mg,10,8624.7,,10349.64,,obat,2,1,OF0592
1672,Fenofibrate 100 Inhealth,mg,100,1520.7,,1824.84,30,obat,2,1,OF0593
1673,Fenofibrate 300 Inhealth,mg,300,2131.2,,2557.44,30,obat,2,1,OF0594
1674,Fluimucil Injeksi Inhealth,mg,,,,,,obat,2,0,
1675,Fluimucil Sirup Inhealth,mL,,51781.5,,62137.8,0,obat,2,0,OF0
1676,Force-D 1000 IU Inhealth,iu,,,,,,obat,2,0,
1677,Forxiga 10 Mg Inhealth,mg,10,,,,,obat,2,0,
1678,Glimepirid 1 Mg Inhealth,mg,1,,,,168,obat,2,0,
1679,Glimepirid 2Mg Inhealth,mg,2,,,,159,obat,2,0,
1680,Glimepirid 3Mg Inhealth,mg,3,,,,469,obat,2,0,
1681,Glimepirid 4Mg Inhealth,mg,4,,,,402,obat,2,0,
1682,Gliquidon Inhealth,mg,30,,,,,obat,2,0,
1683,Glucodex 80 Inhealth,mg,80,,,,,obat,2,0,
1684,Glucophage Xr 1000 Inhealth,mg,,,,,,obat,2,0,
1685,Glucophage Xr 500 Inhealth,mg,,,,,,obat,2,0,
1686,Glucophage Xr 750 Inhealth,mg,,,,,,obat,2,0,
1687,Glumin Xr 750 Inhealth,mg,,,,,,obat,2,0,
1688,Paracetamol 500 Mg Inhealth,mg,500,,,,,obat,2,0,
1689,Hexymer 2 Mg Inhealth,mg,2,,,,,obat,2,0,
1690,Hyoscine Injeksi Inhealth,mL,,,,,,obat,2,0,
1691,Hytroz 2 Inhealth,mg,2,,,,,obat,2,0,
1692,Ikalep Kaps 250Mg Inhealth,mg,250,,,,,obat,2,0,
1693,Inerson 15 gram Inhealth,gram,,,,,,obat,2,0,
1694,Iron Sucrose Inj Inhealth,gram,,,,,,obat,2,0,
1695,"Jardiance Duo 12,5/1000 Mg Inhealth",mg,,,,,,obat,2,0,
1696,Kalnex Inhealth,mg,,,,,,obat,2,0,
1697,Kendaron Inhealth,mg,,,,,,obat,2,0,
1698,Ketoconazole 2% 10 gram Inhealth,gram,,,,,,obat,2,0,
1699,Ketoconazole 200 Inhealth,mg,200,455.1,,546.12,,obat,2,1,OF0
1700,Ketoprofen 100 mg Inhealth,mg,100,,,,,obat,2,0,
1701,Ketorolac Injeksi Inhealth,mL,,,,,,obat,2,0,
1702,Kompolax Emulsi Inhealth,mL,600,,,,,obat,2,0,
1703,Ksr Inhealth,mg,,,,,,obat,2,0,
1704,Lacidofil Cap Inhealth,mg,,5177.04,,"6,212,448",,obat,2,1,OF0
1705,Lansoprazole Inhealth,mg,30,,,,,obat,2,0,
1706,Leparson Inhealth,mg,,,,,,obat,2,0,
1707,Levofloxacin Inhealth,mg,,,,,,obat,2,0,
1708,Lidocain Inj Inhealth,mL,,,,,,obat,2,0,
1709,Lixiana 60 Mg Inhealth,mg,60,26911.95,,32294.34,110,obat,2,1,OF0654
1710,Meloxicam 15 Mg Inhealth,mg,15,,,,,obat,2,0,
1711,"Meloxicam 7,5 Mg Inhealth",mg,7.5,,,,,obat,2,0,
1712,Metformin 500 Mg Inhealth,mg,500,248.64,,"298,368",140,obat,2,1,OF0635
1713,Metoclopramid Injeksi Inhealth,mL,,,,,,obat,2,0,
1714,Monarin Fc 10Mg Inhealth,mL,10,,,,,obat,2,0,
1715,Monuril Inhealth,mg,,,,,,obat,2,0,
1716,Mst 10 Mg Inhealth,mg,10,,,,,obat,2,0,
1717,Mupirocin Zalf 2% 10 gram Inhealth,gram,,,,,,obat,2,0,
1718,Mupirocin Zalf 2% 5 gram Inhealth,gram,,,,,,obat,2,0,
1719,Nexurin Inhealth,mg,,,,,,obat,2,0,
1720,Nevodio Inhealth,mg,,4928.4,,5914.08,60,obat,2,1,OF0607
1721,Omeprazole Inhealth,mg,,,,,,obat,2,0,
1722,Ondansentron 4 Mg Injeksi Inhealth,mL,,,,,,obat,2,0,
1723,Ondansentron 8 Mg Injeksi Inhealth,mL,,,,,,obat,2,0,
1724,Phenytoin 100 Mg Inhealth,mL,100,,,,,obat,2,0,
1725,"Pulmicort 0,25/2mL Inhealth",mg,,,,,,obat,2,0,
1726,Ramipril 10 Inhealth,mg,10,,,,700,obat,2,0,
1727,Ranitidine Inhealth,mg,150,,,,,obat,2,0,
1728,Reinpid Inhealth,mg,0.5,,,,,obat,2,0,
1729,Relaxon Inhealth,mg,,,,,,obat,2,0,
1730,Repimide Inhealth,mg,100,,,,,obat,2,0,
1731,Respira Inhealth,mg,,22311,,26773.2,47,obat,2,1,OF0613
1732,Rhinofed Inhealth,mg,,2051.28,,"2,461,536",166,obat,2,1,OF0614
1733,Rhinos Sr Inhealth,mg,,6455.76,,"7,746,912",108,obat,2,1,OF0615
1734,Rifampicin 450 Inhealth,mg,450,,,,,obat,2,0,
1735,Sandepril 50 Mg Inhealth,mg,50,,,,,obat,2,0,
1736,Thyrozol 10 Mg Inhealth,mg,10,,,,,obat,2,0,
1737,"Trajenta Duo 2,5/500 Inhealth",mg,,11051.16,,"13,261,392",30,obat,2,1,OF0621
1738,Tramadol 50 Mg Inhealth,mg,50,536.13,,"643,356",70,obat,2,1,OF0648
1739,Tranexamid Acid Injeksi Inhealth,mL,,,,,,obat,2,0,
1740,Tremenza Inhealth,mg,,,,,,obat,2,0,
1741,Triamcinolone 4 Mg Inhealth,mg,4,643.8,,772.56,390,obat,2,1,OF0622
1742,Ulsidex Inhealth,mg,500,,,,,obat,2,0,
1743,Urdahex Inhealth,mg,250,5994,,7192.8,0,obat,2,1,OF0624
1744,Urief Inhealth,mg,4,,,,,obat,2,0,
1745,Urinter Inhealth,mg,,,,,,obat,2,0,
1746,Valisanbe 5 Mg Inhealth,mg,5,,,,,obat,2,0,
1747,VECTRIN KAP - ERDOSTEIN 300 MG - INHEALTH,mg,300,4606.5,,5527.8,0,obat,2,1,OF0625
1748,Velthrom 5 Mg Inhealth,mg,5,,,,,obat,2,0,
1749,Vildi Inhealth,mg,50,4218,,5061.6,120,obat,2,1,OF0630
1750,Vomizole 20 Mg Inhealth,mg,20,10545,,12654,36,obat,2,1,OF0633
1751,Zegavit Inhealth,mg,,4717.5,,6132.75,196,obat,2,1,OF0
1752,Ventolin Inhaler CFC Free Glax InHealth,mg,,131535,,157842,1,obat,2,1,OF0627
1753,Deculin 15 mg InHealth,mL,15,5036.07,,"6,043,284",0,obat,2,1,OF0588
1754,Coxiron 60 mg Inhealth,mg,60,4828.5,,5794.2,65,obat,2,1,OF0586
1755,Coxiron 90 mg Inhealth,mg,90,6060.6,,7272.72,68,obat,2,1,OF0735
1756,Coxiron 120 mg Inhealth,mg,120,8103,,9723.6,112,obat,2,1,OF0585
1757,Esoferr 40 mg Inhealth,mg,40,11101.11,,"13,321,332",205,obat,2,1,OF0591
1758,Lipitor 20 mg Inhealth,mg,20,6182.7,,7419.24,181,obat,2,1,OF0598
1759,Lipitor 40 mg Inhealth,mg,40,6415.8,,7698.96,110,obat,2,1,OF0599
1760,Maltofer Chew Inhealth,mg,,2941.5,,3529.8,45,obat,2,1,OF0602
1761,Provelyn 75 mg Inhealth,mg,75,8017.53,,"9,621,036",66,obat,2,1,OF0611
1762,Pariet 20 mg Inhealth,mg,20,15318,,18381.6,100,obat,2,1,OF0609
1763,Pariet 10 mg Inhealth,mg,10,,,,,obat,2,1,OF0
1764,Telsat 80/5 mg Inhealth,mg,,6481.29,,"7,777,548",90,obat,2,1,OF0620
1765,Ezefer 10 mg Inhealth,mg,10,86247,,103496.4,90,obat,2,1,OF0592
1766,"Harnal Ocas 0,4 mcg",mg,0.4,4163,,17500,,obat,1,1,OF0
1767,Cetirizin 10 mg,mg,10,316.35,,537.795,,obat,1,1,OF0
1768,Eperisone 50 mg,mg,50,,,,,obat,1,0,
1769,Festaric 80 mg INHEALTH - FEBUXOSTAT 80 MG,mg,80,3885,,4662,60,obat,2,1,OF0599
1770,Modexa 140 Nassal Spray,mg,,330000,,432900,,obat,1,1,OF0696
1771,Mertigo SR,mg,,,,,,obat,1,0,
1772,Lacidofil,mg,,7215,,9379.5,,obat,1,1,OF0148
1773,Tradosik 50 mg,mg,50,24586.5,,31962.45,359,obat,1,1,OF0672
1774,Eprinoc 50 mg,mg,50,4218,,5550,2041,obat,1,1,OF0656
1775,Megabal 500 mg,mg,500,2053.5,,2705.63,2005,obat,1,1,OF0661
1776,Epexol 30 mg,mg,30,699.3,,1022.73,100,obat,1,1,OF0688
1777,Levocin 500 mg,mg,500,37800,,49140,2,obat,1,1,OF0690
1778,Topcort Cream,gram,,26862,,38961,11,obat,1,1,OF0673
1779,Flamar Cream,gram,,13714.05,,22800,8,obat,1,1,OF0
1780,Pregabalin 50 mg,mg,50,3964.285,,5353.5714,3,obat,1,1,OF0666
1781,Vestein Syr Kering 175mg/5mL,mL,,,,,,obat,1,0,
1782,Vectrin Syr Kering 175mg/5mL- INHEALTH,mL,,46065,,55278,1,obat,2,1,OF0626
1783,Sanmol Syr Inheath,mL,,,,,,obat,2,0,
1784,Interdoxin InHealth - Doxycyclin 100 mg,mg,100,,,,,obat,2,0,
1785,SPASMAL INHEALTH,mg,,2123.43,,"2,548,116",70,obat,2,1,OF0618
1786,AZITRAN 500 MG INHEALTH,mg,500,10314.12,,"12,376,944",18,obat,2,1,OF0647
1787,SUCRALFATE 100 ML INHEALTH,mg,,12543,,15051.6,4,obat,2,1,OF0619
1788,EPERISONE 50 INHEALTH,mL,50,1196.58,,"1,435,896",20,obat,2,1,OF0590
1789,CETIRIZINE 10 MG INHEALTH,mg,10,210.9,,253.08,140,obat,2,1,OF0581
1790,"HARNAL OCAS 0,4 MG INHEALTH",mg,0.4,15040.5,,18048.6,60,obat,2,1,OF0652
1791,MERTIGO SR INHEALTH,mg,,4908.42,,"5,890,104",215,obat,2,1,OF0603
1792,PROVE D INHEALTH,mg,,2047.95,,2457.54,121,obat,2,1,OF0610
1793,SANMOL 500 MG INHEALTH,mg,500,402.93,,"483,516",0,obat,2,1,OF0616
1794,SIMVASTATIN 10 MG INHEALTH,mg,10,186.48,,"223,776",54,obat,2,1,OF0617
1795,MODEXA 140 DOSIS INHEALTH,mg,,218448,,262137.6,5,obat,2,1,OF0604
1796,NELANDOZ 2 MG INHEALTH,mL,2,,,,0,obat,2,0,
1797,ELKANA TAB INHEALTH,mg,,834.72,,"1,001,664",62,obat,2,1,OF0589
1798,NEUROSANBE INHEALTH,mg,,1221,,1465.2,,obat,2,1,OF0606
2000,ORINOX 60MG - ETORICOXIB 60 MG,mg,60,8658,,11255.4,0,obat,1,1,OF0432
2001,PROBIOSTIM,mg,,12876,,16933.05,179,obat,1,1,OF0161
2002,AZOMAX DRY SYR,mL,,122100,,158730,3,obat,1,1,OF0194
2003,NESFOL,mL,,64935,,87662.25,2,obat,1,1,OF0212
2125,KENALOG ORAL BASE,gram,,69930,,90909,3,obat,1,1,OF0015
2129,AZITROMICIN DRY SIRUP,mL,,49950,,64935,0,obat,1,1,OF0256
2130,ASCARDIA 80 MG - Acetosal 80 mg,mg,80,5425.13,,7226.27,0,obat,1,1,OF0705
2131,BURNAZIN 1% KRIM -INHEALTH,gram,,51438.51,,"61,726,212",,obat,2,1,OF0649
2132,CIALIS TAB,mg,,,,,22,obat,1,0,
2133,CADUET 10/10 MG - AmLodipin 10 mg/ Atorvastatin 10 mg,mg,,14002.687,,18203.4931,,obat,1,1,OF0
2134,Coxiron 90 mg _ etoricoxib 90 mg (UMUM),mg,90,10545,,13708.5,110,obat,1,1,OF0735
2135,DAFOXA 10 MG - DAPAGLIFOZIN 10 MG,mg,10,11729,,15247.7,171,obat,1,1,OF0695
2136,ERKOLIN TABLET,mg,,14465.25,,18804.83,30,obat,1,1,OF0321
2137,EPISAN TAB -Sucralfate 500 mg tab,mg,500,1498.5,,1948.05,1507,obat,1,1,OF0671
2138,FOLAVIT 1 MG,mg,1,2331,,3030.3,147,obat,1,1,OF0667
2139,FARSIX Injeksi - Furosemide 10 mg/mL,mL,,9324,,12121.2,22,obat,1,1,OF0742
2140,INFLUVAC TETRA - VAKSIN INFLUENZA,mL,,221001,,287301.3,2,obat,1,1,OF0729
2141,KALTROFEN KRIM - INHEALTH,gram,,48840,,58608,1,obat,2,1,OF0649
2142,LAPRAZ KAP - Lansoprazole 30 mg,mg,30,10256.4,,19771.88,130,obat,1,1,OF0698
2143,LYRICA 75 Mg IINHEALTH - Pregabalin 75 mg,mg,75,10045.5,,12054.6,10,obat,2,1,OF0601
2144,Maltofer Chewy,mg,,2650,,3456,30,obat,1,1,OF0725
2145,NORVASK 5 MG - INHEALTH,mg,5,2419.8,,2903.76,150,obat,2,1,OF0608
2146,NIACEF GEL - Nicotinamide 4%,gram,,28060.8,,36479.04,4,obat,1,1,OF0664
2147,Nospirinal 80 mg,mg,80,660,,860,498,obat,1,1,OF0426
2148,Ondane Tab 4 mg,mg,4,14985,,19480.5,29,obat,1,1,OF0734
2149,Ondane 4 2mg/mL,mL,,39960,,51948,8,obat,1,1,OF0723
2150,"PALENOX GEL - Adapalene 0,1%",gram,,52639.752,,68431.6776,5,obat,1,1,OF0640
2151,PRO TB 2 DD - Rifampisin 450 mg; INH 300 mg,mg,,7730.36,,10049.46,0,obat,1,1,OF0702
2152,Revolan 800 mg - Piracetam 800 mg,mg,800,4717.5,,6132.75,6,obat,1,1,OF0693
2153,Revolan 1200 - Piracetam 1200 mg,mg,1200,5716.5,,7431.45,50,obat,1,1,OF0662
2154,REBAMIPIDE,mg,100,2220,,2957.04,702,obat,1,1,OF0700
2155,SIRPLUS,mg,,462.0375,,600.64875,375,obat,1,1,OF0
2156,SINOCORT 4 MG - TRIAMCINOLON 4 MG,mg,4,4218,,5550,542,obat,1,1,OF0670
2157,SULFASALAZIN TABLET,mg,,7030,,8787.49,87,obat,1,1,OF0698
2158,Sucralfate 500 mg Tab,mg,500,871.79,,1133.33,500,obat,1,1,OF0699
2159,SANADRYL EKSPEKTORAN SYR,mL,,27195,,35353.5,1,obat,1,1,OF0709
2160,SECRETOME,mL,,,,2000000,,obat,1,1,OF0741
2161,SANMOL FORTE - Paracetamol 650 mg,mg,650,610.5,,1000,611,obat,1,1,OF0680
2162,Tradosik Injeksi - Tramadol Injeksi,mL,,24586.5,,31962.45,26,obat,1,1,OF0667
2163,TRAMADOL 100MG INJ,mL,,,,,,obat,1,0,
2164,VOSEDON 10 MG - Domperidone 10 mg,mg,10,2886,,3751.8,920,obat,1,1,OF0675
2165,VOMETRAZ 4 MG TAB INHEALTH - Ondansetron 4 mg,mg,4,1598.4,,1918.08,10,obat,2,1,OF0632
2166,VOLTADEX 50 MG INHEALTH - Diclofenac sodium 50 mg,mg,50,275.28,,"330,336",70,obat,2,1,OF0631
2167,VECTRIN DRY SIRUP- ERDOSTEIN 175 MG/5 ML,mL,,7215,,93795,2,obat,1,1,OF0736
2168,ZEGAVIT TABLET,mg,,4717.5,,6132.75,120,obat,1,1,OF0677
2169,SERETIDE INHALER,mg,,80457,,215000,3,obat,1,1,OF0069
2170,VELUTIN NEBULES,mg,,8880,,11544,7,obat,1,1,
2171,APETIC SIRUP,mL,,36075,,46897.5,2,obat,1,1,
2172,APETIC DROP,mL,,30525,,39682.5,2,obat,1,1,
2173,APETIC SIRUP FORTE,mL,,42180,,54834,2,obat,1,1,
2174,ERKOLIN SYR,mL,,83250,,116550,3,obat,1,1,OF201
2175,PARACETAMOL SIRUP,mL,,4773,,6204.9,3,obat,1,1,
2176,"BENZOLAC 2,5 % cream",gram,5,17094,,22222.2,9,obat,1,1,OF0639
2177,BERLOSON N CREAM,gram,5,,,,4,obat,1,1,TS0196
2178,C.XITROL MD,mL,3,27056.25,,35173.125,10,obat,1,1,OF0600
2179,C.LYTTERS MD,mL,3,,,,8,obat,1,1,
2180,KETOMED CREAM,gram,15,,,43000,5,obat,1,1,
2181,SORALEN 15 ML,mL,15,,,,1,produk,1,1,BF030
2182,MOMETHASON CREAM 5 G,gram,5,,,,1,,1,1,
2183,V18 VITACID CREAM 0.1%,gram,20,53599.68,,69679.584,28,produk,1,1,OF0548
2184,VITAQUIN CREAM 4 %,gram,,,,,17,produk,1,1,OF0630
2185,ZELFACE CREAM,gram,10,,,,4,produk,1,1,OF537
2186,GLUBIO,mg,,17575,,21200,210,obat,1,1,OF0543
2187,"J03 JARDIANCE DUO 12,5/850 MG",mg,"12,5/850",12456.42833,,16816.17824,50,obat,1,1,
2188,DICLOFENAC POTASSIUM,mg,50,574.1697,,901.88,244,obat,1,1,OF0305
2189,AMINOPHYLLIN Tablet,mg,200,216.9495,,271.186875,337,obat,1,1,OF0520
2190,BIFERCE EFF,mg,1000,36796.5,,47835.45,10,obat,1,1,OF0687
2191,DOXIHAT (DOXYCYCLIN),mg,100,455.1,,568.875,118,obat,1,1,
2192,LUPRED,mg,5,4440,,5772,30,obat,1,1,OF0572
2193,OTTOPAIN TT,mL,,41937,,109265,0,obat,1,1,OF0703
2194,BIOXINE SHAMPOO 300 ML,mL,300,177914,,231288.2,0,produk,1,1,OS0698
2195,KALXETIN 20MG,mg,20,9057.6,,11322,50,obat,1,1,OF0678
2196,PHENITOIN,mg,100,719.169,,841.42773,70,obat,1,1,OF0159
2197,MYONAL 50 MG,mg,50,8482.9752,,11027.86776,,obat,1,1,
2198,S-03-H / HYALUDERM,mL,,,,125000,17,produk,1,1,OS0684
2199,BABY DE 30 ML,mL,30,,,35000,36,produk,1,1,OF0707
2200,BABY DE 60 ML,mL,60,,,55000,32,produk,1,1,OF0706
2201,ETHAMBUTOL 500 MG,mg,500,1812,,1871,60,obat,1,1,OF0324
2202,CERINI 10 MG,mg,10,4329,,5627.7,10,obat,1,1,TS0237
2203,VELTHROM 5 MG,mg,5,1665,,2164.5,10,obat,1,1,OF0498
2204,PROBIOKID,sach,,16372.5,,21120.525,40,obat,1,1,OF0185
2205,RENXAMIN INFUS,botol,,,,,2,obat,1,1,OF0692
2206,CODEIN PHOSPHATE 20 MG - Reguler,mg,20,1638.36,,2047.95,116,obat,1,1,OF0292
2207,HA MOIST PRO C,mL,,,,145500,6,produk,1,1,OF0541
2208,VALISANBE 2 MG,mg,2,333,,432.9,161,obat,1,1,OF0730
2209,CLOBAZAM 10 MG - INHEALTH,mg,10,,,,100,obat,2,1,
2210,TRIFLUOPERAZINE,mg,5,,,,2,obat,1,1,OF0628
2211,"EFESA0,3 MG/0,3 ML",vial,,832500,,1073217.375,1,obat,1,1,OF0087
2212,HERBESSER CD 200 - Inhealth,mg,200,,,,60,obat,2,1,
2213,HEMAPO 2000 UI,vial,,91575,,96153.75,0,obat,1,1,OF0578
2214,METHYLPREDNISOLON 4 MG - Inhealth,mg,4,,,,125,obat,1,1,
2215,CLOPIDOGREL 75MG - Inhealth,mg,75,,,,50,obat,2,1,
2216,ULTRAPROCT N CREAM - INHEALTH,gram,,,,,2,obat,2,1,
2217,INFUS D5,plaboth,,,,,2,obat,1,1,OF0060
2218,VESTEIN KAPSUL - INHEALTH,mg,300,,,,60,obat,2,1,
2219,VESTEIN SIRUP KERING - INHEALTH,mL,,,,,2,obat,2,1,
2220,TERFACEF INJEKSI,mL,1 g,264790.5,,344227.65,2,obat,1,1,OF0728
2221,PHYTOMENADION INJEKSI,mL,,,,,1,obat,1,1,OF0435
2222,ULVICE INJ,mL,,,,,8,obat,1,1,
2223,BEAULASH EYNERGIZING GEL,gram,,72402,,97742.7,2,produk,1,1,OF0710
2224,SHOWER OIL UFI,mL,,67155,,87501.5,4,produk,1,1,OF0532
2225,LANZOX INJ,unit,,2664000,,3463200,5,obat,1,1,BS0265
2226,BIENOX INJ,unit,,1226550,,1594515,5,obat,1,1,BS0266
