ID,Kode Obat,Nama,Dosis,Satuan,HPP,Harga Net,Harga Non-Fornas,Kategori,Stok,Status Aktif,HPP Jual
1,OF0553,B26 Belova Bakuchiol Niacinamide Serum,15,mL,13000,24773,115000,Produk,66,1,0
3,OF0559,B62 Belova DNA Salmon Cream,14,gram,20000,32550,155000,Produk,99,1,0
4,OF0558,B32 Belova Brightening Night Cream with Tranexamic Acid,14,gram,26445,26445,140000,Produk,155,1,26445
5,OF0561,B67 Belova DNA Salmon Toner with Centella,100,mL,7500,20040,78500,Produk,45,1,0
6,OF0560,B63 Belova DNA Salmon Facial Wash with Centella,100,mL,10000,19785,78000,Produk,84,1,0
7,OF0551,B25 Belova B2B Toner for Acne with Beta Glucan and BHA,60,mL,13500,19485,78500,Produk,137,1,0
8,OF0550,B24 Belova B2B Facial Wash for Acne with Beta Glucan and BHA,100,mL,13500,19785,78000,Produk,101,1,0
10,,B33 Belova Brightening Peeling Kit (Mandelic acid and Glycolic acid),,,29850,29850,100000,,1000,1,29850
11,TS0183,B12 Belova Acne Peeling Kit (Mandelic acid and Salicilic Acid),,,0,,100000,,1000,1,0
19,OF0556,B146 Belova Thats What I Need Sunscreen,14,,12000,24780,120000,,118,,0
20,OF0554,B143 Belova Sunscreen For Man,30,mL,34990,34990,80000,Produk,20,1,34990
23,OF0557,B150 Belova Tone-Up Sunscreen,14,gram,29970,86911,96500,Produk,65,1,29970
35,RF0002,B147 Belova Tirai SPF 40,,,0,,100000,,999,1,0
36,RF0003,B148 Belova Tirai SPF 50,,g,120000,120000,120000,Lainnya,1000,1,0
38,,B09 Belova Acne Night Cream,,,,,120000,,1000,1,
40,OF0562,B70 Belova Eye Serum,,gram,35640,,,Produk,1000,1,35640
56,OF0256,A89 AZITHROMYCIN TAB,500,mg,10990,10990,14287,Obat,50,1,10990
57,OF0261,B166 BISOPROLOL 5 MG,5,mg,703,1443,1876,Obat,78,1,703
58,OF0264,B172 BRAXIDIN - chlordiazepoxide & Clinidium Bromide,,tablet,,"1387,5","1942,5",,559,1,
59,,C12 CAR Q,100,mg,,,"17343,75",Obat,1000,,
60,OF0001,C48 CLINDAMYCIN 300 MG,300,mg,1276,"2018,18","2623,63",Obat,1000,1,1282
61,OF0288,C55 CLONIDIN,"0,15",mg,329,396,515,Obat,212,1,329
62,OF0002,C56 CLOPIDOGREL 75MG,75,mg,9990,4995,7073,Obat,910,1,9990
63,OF0309,D24 DISOLF,490,mg,9451,"9341,5","12409,8",Obat,895,1,9546
64,,D36 DOXICOR,100,mg,,,,Obat,1000,,
65,,F06 FARMALAT,10,mg,,,,Obat,1000,,
66,,F08 FARSORBID,5,mg,,,,Obat,1000,,
67,,F17 FEBURIC,80,mg,,,,Obat,1000,,
68,OF0333,F19 FENOFIBRAT 300 MG,300,mg,2187,4264,5544,,204,1,2220
69,OF0337,F23 FLAMICORT 4 MG TAB - TRIAMCINOLONE 4 MG,4,mg,893,4980,"5555,55",Obat,165,1,893
70,,K08 KAPSUL ACNE,,mg,,,,Obat,1000,1,
73,OF0395,L19 LEVOFLOXACIN 500 MG,500,mg,1153,1318,"1728,79",Obat,115,1,1164
74,OF0134,L36 LYCOXY,3,mg,6154,6216,"8080,8",Obat,97,1,6216
75,OF0409,M29 METFORMIN 500 MG,500,mg,295,"296,18","396,83",Obat,139,1,305
76,,ASPILET 80 MG,80,mg,676,777,"1010,1",Obat,1000,,677
77,OF0434,P11 PARIET 20 MG,20,mg,15318,,29386,,1000,,15318
79,OF0169,S23 SANCOIDAN,450,mg,19980,18981,25974,Obat,65,1,19980
82,OF0137,S60 SISTENOL - Paracetamol & Acetylsistein,500/200,mg,2802,"2497,5","3679,65",Obat,1000,1,2831
83,OF0176,S80 STARCEF 100 MG - Cefixime,100,mg,2220,22200,28860,,90,1,2220
84,OF0487,T42 TRIAMCINOLON 4 MG,4,mg,495,"8585,76","1073,45",Obat,242,1,500
85,OF0488,T44 TRICHODAZOL 500 MG - Metronidazole,500,mg,1992,"1938,6","2792,21",,216,1,2054
86,OF0138,T52 TUZALOS,500/15,mg,1166,1166,"1598,4",Obat,95,1,1166
87,OF0178,U10 URINTER,400,mg,2448,2448,"9053,44",Obat,33,1,2448
88,OF0179,V10 VECTRIN KAP - ERDOSTEIN 300 MG,300,mg,7034,5905,"8524,8",Obat,82,1,7104
89,OF0506,X01 XARELTO 10 MG - Rivaroxaban,10,mg,40601,"36826,69","50268,49",,1000,1,40601
92,OF0254,A85 ATORVASTATIN 20 MG,20,mg,4198,4440,5772,Obat,158,1,4440
93,,"C67 CONCOR 2,5 MG","2,5",mg,,,8596,Obat,1000,,
94,OF0306,D18 DIGOXIN,"0,25",mg,305,,412,,300,1,339
96,OF0311,D26 DOGMATIL 50 mg - Sulpiride,50,mg,4593,4662,"6060,6",Lainnya,167,1,4662
97,OF0232,A16 ADALAT OROS - NIFEDIPIN 30 MG,30,mg,9946,,12931,,210,1,9946
101,OF0266,C05 CANDERIN 16 MG -Candesartan 16 mg,16,mg,10656,"13852,8","13852,8",Obat,769,1,10656
102,OF0225,T34 TRACETAT SYR,200,,494550,499500,648350,,3,1,499500
105,OF0255,A88 AVODART,"0,5",mg,13581,12346,"16050,06",,30,1,13581
106,,C10 CAPTOPRIL 25 MG,25,mg,,,,Obat,1000,,
107,,R21 RIFAMPICIN 600 MG,600,mg,,,,Obat,1000,,
109,OF0483,T35 TRACETAT 160 mg TAB - Megesterol,160,mg,29970,29970,38961,,31,1,29970
110,OF0655,E08 EPISAN SYR 200 mL,200,,93214,"94871,7","124892,3",,8,1,96071
112,OF0228,A02 ACARBOSE 50 MG,50,mg,"1163,97","862,47","1507,69",Obat,340,1,"1196,58"
113,OF0241,A41 AMITRIPTILIN 25 MG,25,mg,333,221,"710,84",,300,1,333
115,OF0378,"J02 JARDIANCE DUO 12,5/1000 MG - Empaglifozin & Metformin","12,5/1000",mg,14035,"13466,41","17506,33",,940,1,14140
117,OF0238,A37 AMARYL M 1 MG,1,mg,,,"6668,33",,1000,,
118,OF0353,G22 GLUCOPHAGE XR 500 MG - Metformin,500,mg,2912,2912,3640,,151,1,2912
119,OF0499,V12 VENOSMIL 200 MG TAB - Hydrosmin,200,mg,8821,13431,"17460,3",,1000,1,8954
120,OF0354,G23 GLUCOPHAGE XR 750 MG - Metformin,750,mg,3369,"3202,23","4002,79",,165,1,3369
121,OF0455,R12 RESPIRA 400 MG - Moxifloxacin,400,mg,39960,39960,51948,,972,1,39960
125,OF0230,A14 ACTOS 30 MG,30,mg,,,,Obat,1000,,
126,OF0377,"J03 JARDIANCE DUO 12,5/500 MG - Empaglifozin & Matformin","12,5/500",mg,"13466,41","13466,41","18381,66",,247,1,"13466,41"
128,OF0240,A39 AMINEFRON,67/101,mg,7803,7770,"10245,3",Obat,200,1,7881
129,OF0374,I16 ITRACONAZOLE,,mg,,,"6539,49",Obat,1000,,
133,OF0269,C08 CANDESARTAN 16 MG,16,mg,7046,"9305,35","9305,35",Obat,970,1,7770
134,OF0003,"C66 CONCOR 1,25 MG - bisoprolol fumarate 1,25 mg","1,25",mg,4210,"4209,56","5472,42",,150,1,4210
135,,X02 XARELTO 20 MG,20,mg,,,,Obat,1000,,
136,OF0381,K30 KENDARON 200 MG - Amiodaron,200,mg,6283,"6156,95","8004,03",,80,1,6283
137,OF0267,C06 CANDERIN 8 MG - Candesartan 8 mg,7,mg,8352,"10966,8","10966,8",Obat,511,1,8436
138,,G27 GLUTATION,,mg,,,,Obat,1000,,
139,OF0295,C68 CONCOR 5 MG - bisoprolol fumarate 5 mg,5,mg,"11079,8","11079,8",14293,,296,1,11080
140,OF0260,"B165 BISOPROLOL 2,5 MG","2,5",mg,666,"503,96","865,8",,1000,1,666
141,OF0351,G20 GLUCODEX 80 MG,80,mg,666,"583,3","865,8",Obat,247,1,666
142,OF0142,A79 ASAM URSODEOXYCHOLIC,250,mg,2808,2808,"5897,43",Obat,832,1,2808
143,OF0043,H21 HEXADOL,,mL,,33300,43290,Obat,1000,1,
144,OF0144,H20 HERBESSER CD 200,200,mg,16747,7016,"21771,22",,80,1,16747
145,OF0399,L29 LIVRON B PLEX,,mg,465,"416,25","550,7",,400,1,516
146,OF0447,R01 RAMIPRIL 10 MG,10,mg,1005,1016,"1467,53",Obat,1000,1,1005
147,OF0482,T27 TIARYT,200,mg,3435,,,Obat,6,,3435
148,OF0442,P37 PRO TB 4,150,mg,"5367,453714","4134,38","7028,5",Obat,50,1,"5475,986786"
151,OF0227,A01 ACARBOSE 100 MG,100,mg,"1876,61","1920,03","2496,39",Obat,293,1,"1929,18"
153,OF0325,E14 EUTHYROX 100 MG - Levothyroxine Na,100,mg,3572,"3572,42","4358,36",,28,1,3572
155,OF0248,A73 APISATE,75,mg,"15188,5",15189,"19745,05",Obat,92,1,"15188,5"
156,OF0397,L26 LIPITOR 20 MG,20,mg,21754,,27192,Obat,1000,1,21754
157,OF0091,F35 FUROSEMID 40 MG INJ,40,mL,7770,7770,"8935,5",Obat,24,1,7770
158,OF0502,V20 VITAMIN B COMPLEX,,mg,"171,428","171,43","246,86",Obat,219,1,"171,428"
159,OF0380,K07 KAMYFET 500 MG - Mycophenolat,500,mg,19980,19980,25975,,60,1,19980
160,OF0448,"R02 RAMIPRIL 2,5 MG","2,5",mg,"321,310095","289,72","419,78",Obat,402,1,"322,9101"
161,OF0693,S75 SPIRONOLACTON 25 MG,25,mg,350,"349,52","454,37",Obat,895,1,350
163,OF0454,R11 REPIMIDE,100,mg,,,"4040,4",,20,,
164,OF0361,G32 GUARPOSIDE  5 mg -  Cisapride,5,mg,4087,4107,"5339,1",,200,1,4107
165,OF0433,P08 PARATUSIN,,mg,"1513,445",1392,1968,,100,1,"1513,445"
166,OF0282,C36 CETIRIZIN 10 MG,10,mg,150,"213,52","537,8",Obat,253,1,167
169,OF0343,G04 GABAPENTIN 300 MG,300,mg,4151,4440,"7371,09",,100,1,4440
170,,K24 KAPSUL SESAK,,mg,1760,,2600,Obat,1000,1,1760
171,OF0424,N16 NIFEDIPIN,10,mg,178,"177,6","312,58",Obat,658,1,178
172,OF0431,O20 ORINOX 120 MG - ETORICOXIB 120 MG,120,mg,12987,12987,"16499,98",Obat,187,1,12987
173,OF0158,N20 NITROKAF RETARD FORTE - Nitrogliserin,5,mg,2720,2530,"4054,05",,347,1,2720
176,,U04 ULSIDEX,500,mg,,"1498,5",,Obat,1000,,
179,OF0278,C20 CEFIXIME 100 MG,100,mg,1650,1721,"2236,65",Obat,116,1,1721
180,OF0471,S64 SODIUM BICARBONAT,,mg,"116,55","116,55","149,48",Obat,487,1,"116,55"
181,OF0215,O07 OBH SYR,,mL,6200,"5246,14",8060,Obat,5,1,6200
182,OF0334,F21 FESTARIC 80 - FEBUXOSTAT 80 MG,80,mg,11100,9280,14430,,,1,11100
185,OF0451,R06 RECOLFAR,"0,5",mg,,,9140,,1000,,
186,OF0312,D29 DOLO NEUROBION,,mg,2582,"2217,64","3011,55",,30,1,2582
188,OF0319,E07 EPERISON,50,mg,"1165,5",1554,"202,02",,1000,,"1165,5"
189,OF0279,C25 CELEBREX 200 MG - Celecoxib,200,mg,16893,16893,"21960,49",,99,1,16893
190,,C11 CAPTOPRIL 50 MG,50,mg,,,,Obat,1000,,
191,OF0683,V34 VOSEA,10,mg,0,204,256,Obat,143,1,0
193,OF0401,L31 LONIDE - Otilonium Bromide,40,mg,7548,"6693,3","9812,4",,844,1,7548
194,,N15 NEW DIATAB,,mg,,,,Obat,1000,,
196,OF0199,E03 ELKANA SYR,,mL,,26973,"33716,25",Obat,1000,1,
197,,P38 PRO TB2,,mg,,,,Obat,1000,,
199,OF0320,E10 ERICAF,,mg,6948,7669,"8052,45",,180,1,6948
200,OF0486,T40 TREMENZA TAB,,mg,1776,1776,"2166,72",Obat,275,1,1776
201,OF0188,S35 SANTA E 100 (BOTOL),100,iu,1698,"1707,55",2294,Obat,137,1,1750
202,OF0189,S37 SANTA E 250 (BOTOL),250,iu,2188,"2199,65","3194,31",Obat,1590,1,2255
203,OF0671,S40 SANTA E 400 (BOTOL),400,iu,"5296,94","5296,94","6317,96",Obat,40,1,"5296,94"
204,,K11 KAPSUL BATUK,,mg,430,430,1400,Obat,1000,1,430
206,OF0270,C09 CANDESARTAN 8 MG,8,mg,5039,6216,6216,Obat,28,1,5550
207,,D37 DOXYXICLIN 100 MG,100,mg,,,,Obat,1000,,
208,,O22 OSELTAMIVIR,,mg,,,,Obat,1000,,
209,OF0168,R20 RHINOS SR,,mg,7473,7140,"9296,25",,39,1,7548
210,OF0473,S74 SPIRONOLACTON 100 MG,100,mg,1065,"851,64","1447,78",Obat,293,1,1065
211,,N27 NUCRAL SYR 100 ML,100,mL,,,,Obat,1000,,
212,OF0379,K04 KALNEX 500 MG,500,mg,"4462,2",4462,"6132,75",Obat,28,1,"4462,2"
213,OF0207,L11 LASAL SYR,,mL,,"37878,75","49242,38",Obat,1,1,
218,OF0411,M34 METHYLPREDNISOLON 4 MG,4,mg,429,"429,14","577,92",Obat,166,1,445
219,OF0242,A42 AMLODIPIN 10 MG,10,mg,1297,1388,"2075,7",Obat,174,1,1388
222,OF0214,N28 NUCRAL SYR 200 ML,200,,94350,86193,122655,,2,1,94350
225,,K38 KETOPROFEN 50 MG,50,mg,,,,Obat,1000,,
226,OF0236,"A35 ALPRAZOLAM 0,5 MG","0,5",mg,"673,75",677,"880,23",Obat,58,1,"677,1"
227,OF0443,P45 PROPANOLOL 10 MG,10,mg,89,"84,42","116,16",Obat,386,1,89
229,OF0430,O18 ONDANSETRON 8 MG TAB,8,mg,1554,"1535,57",3441,Obat,322,1,1554
230,,S32 SANMOL 500 MG TAB,500,mg,,,,Obat,100,,
231,OF0165,P52 PROVE D3-1000 - Cholecalciferol,100,mg,3219,3219,4152,,52,1,3219
233,,I11 INTUNAL FORTE,,mg,,,,Obat,1000,,
234,OF0187,O23 OSTEOSAN 1000 MG,100,mg,"3168,175",3185,"4244,83",Obat,305,1,"3265,25"
235,OF0344,G09 GEMFIBROSIL 300,300,mg,,777,"971,25",Obat,1000,1,
237,OF0147,K06 KALXETIN 10 MG - Fluoxetin,10,mg,5861,"4981,68","5728,93",,12,1,5861
241,OF0160,P35 PREGABALIN 75 MG,75,mg,5442,5550,"8258,82",Obat,11,1,5550
245,OF0036,C22 CEFSPAN SYRUP,,mL,154290,154290,"192862,5",Obat,1000,1,154290
246,OF0356,G25 GLUMIN XR 750 MG,750,,2775,2664,"3607,5",,940,1,2775
247,OF0332,F18 FENOFIBRAT 100 MG,100,mg,4374,1554,"2848,48",Obat,151,1,4440
248,,C42 CIMETIDIN 200 MG,200,mg,453,453,562,Obat,1000,,453
251,,H13 HECOSAN SACHET,,mL,,,,Obat,1000,,
254,OF0510,Z03 ZINC TABLET,20,mg,"616,05","616,5","831,67",Obat,49,1,"616,05"
255,OF0388,L03 L-CISIN 0.5 MG,"0,5",mg,"5411,25","5411,25","7034,63",Obat,1000,1,"5411,25"
256,OF0222,T15 TEMPRA SYR,,mL,22254,22254,28027,Obat,1,1,2254
265,OF0491,T48 TRIZEDON MR 2 mg - Trietazidine,5,mg,4684,"4589,85","5966,81",,46,1,4684
268,,G30 GRAFADON 500 MG,500,mg,,,,Obat,1000,,
271,,K21 KAPSUL RACIK DIET (MET 300),,mg,,,,Obat,1000,1,
273,OF0394,L16 LEPARSON - Levodopa Benserazide,,mg,6216,6216,"8084,7",,86,1,6216
277,OF0342,G03 GABAPENTIN 100 MG,100,mg,1632,1665,3996,Obat,985,1,1665
279,,O21 OSCAL,,mg,,,,Obat,1000,,
281,OF0159,P18 PHENYTOIN 100 MG,100,mg,777,"719,17","841,43",,12,1,777
282,OF0452,"R08 REINPID 0,5 mg - Dutasteride","0,5",mg,9990,6660,10656,,16,1,9990
284,OF0437,P21 PIOGLITAZONE 30 MG,30,mg,4352,4440,5772,Obat,173,1,4440
285,OF0285,C45 CITICHOLIN 500 MG,500,mg,5413,5550,"8574,75",Obat,2,1,5550
286,OF0292,C60 CODEIN 10 MG,10,mg,"856,92","856,92",1112,,,,"856,92"
292,OF0403,L33 LORATADINE 10 MG,10,mg,"388,5","388,5","505,05",Obat,185,1,"388,5"
293,OF0460,R23 RILLUS TAB,,mg,10360,10360,13468,Obat,4,1,10360
294,OF0391,L07 LAMESON 4 MG,4,mg,"4870,13","4870,13","6331,16",Obat,40,1,"4870,13"
295,OF0449,R03 RAMIPRIL 5 MG,5,mg,626,"644,69","838,09",Obat,459,1,645
296,OF0383,K34 KETOCONAZOL TAB,200,mg,591,"610,5","793,65",Obat,88,1,691
298,OF0462,R26 ROSUVASTATIN,,mg,,"845,82",4726,Obat,40,1,
302,OF0385,K37 KETOPROFEN 100,100,mg,"149855,5","1226,04","1716,46",Obat,119,1,0
303,OF0243,A43 AMLODIPIN 5 MG,5,mg,697,"743,7","1241,98",Obat,321,1,744
304,,M51 MYONEP,50,mg,,"5194,8",,Obat,1000,,
305,OF0050,B178 BUSCOPAN PLUS,,mg,5372,5372,"6584,88",Obat,49,1,5372
306,,C03 CALORLOSS,,mg,,"3690,75",,Obat,1000,,
308,OF0495,V01 V-BLOCK 25 MG - Carvedilol,25,mg,9250,9250,12025,,85,1,9250
309,OF0281,C34 CETINAL 10 MG,10,mg,"2203,35","6610,38","9254,54",Obat,47,1,"2203,35"
311,OF0202,F27 FLUIMUCYL SYR,75,mL,65712,65712,"82797,12",Obat,5,1,65712
312,OF0355,G24 GLUCOSAMIN,250,mg,964,999,"1298,7",Obat,90,1,999
314,OF0313,D31 DOMPERIDON,10,mg,,"366,3","529,48",,230,1,
315,OF0284,C44 CIPROFLOXACIN 500 MG,500,mg,777,"752,36","1003,88",Obat,28,1,777
316,OF0414,M55 METRONIDAZOL 500 MG,500,mg,"247,807","247,81","359,32",Obat,16,1,"247,8"
317,OF0276,C17 CEFADROXIL 500 MG,500,mg,"605,75","605,75","1060,07",Obat,1000,1,"605,75"
318,OF0479,T04 TAMSULOSIN,"0,4",mg,4218,5550,7215,,35,1,4218
319,OF0057,V13 VENOSMIL GEL,,mg,221445,221445,"283449,6",Obat,1000,1,221445
321,OF0457,R18 RHINOFED,,mg,2583,"2564,1","3205,13",Obat,124,1,2609
322,,B155 BETADINE GARGLE 190 ML,,,,30696,38000,,1000,,
323,OF0206,K44 KOMPOLAX SYR,60,mL,"9349,53","9349,53","12621,87",Obat,7,1,9350
325,OF0345,G14 GLICLAZIDE,80,mg,403,"402,93","523,81",Obat,99,1,403
326,OF0410,M30 METFORMIN 850 MG,850,mg,431,"432,9","562,77",Obat,161,1,433
327,OF0444,P46 PROPANOLOL 40 MG,40,mg,140,"140,42","182,54",Obat,642,1,140
329,OF0476,S81 STATOR 20 MG - Atorvastatin,20,mg,19092,19092,"24819,6",Lainnya,1000,1,19092
331,OF0348,G17 GLIMEPIRIDE 3 MG,3,mg,"1609,5","1609,5","2477,76",Obat,1000,1,"1609,5"
332,,K02 KALITAKE SACHET,,mL,,,,Obat,1000,,
333,OF0289,C57 CLORILEX 25 MG - clozapine 25 mg,25,mg,4440,4440,"5727,6",,1000,1,4440
334,OF0290,C58 CLOZAPINE 100 MG,100,mg,8883,8883,"12436,2",Obat,5,1,8883
335,,S56 SILDENAFIL CITRAT 100 MG,100,mg,,"35797,5",,Obat,1000,,
336,OF0427,O09 OFLOXACIN 400 MG,400,mg,"1154,6775","1154,68","1501,08",Obat,60,1,"1154,6775"
337,OF0265,B173 BRICLOT -ticagrelol 90 mg,90,mg,13875,"20879,1","20879,1",Obat,1000,1,13875
338,,E01 EFC-1,,mg,,,,Obat,1000,,
340,OF0258,B154 BESANMAG,,mg,1023,"1054,5","1387,5",,764,1,1055
342,OF0436,P20 PIOGLITAZONE 15 MG,15,mg,2720,2775,"3607,5",Obat,84,1,2775
343,OF0143,F20 FENOSUP LIDOSE 160 mg - Fenofibrate,160,mg,12437,"12949,99","16705,5",,20,1,12950
344,OF0505,V32 VOMETA FT 10 mg - Domperidone,10,mg,5495,"5055,4","6976,45",,1000,1,5550
345,OF0439,P34 PREDNISON TAB,5,mg,"423,81","117,48","217,34",Obat,55,1,"423,81"
347,OF0317,D38 DULCOLAX TAB,10,mg,1847,"1847,26","2401,44",Obat,86,1,1847
348,OF0234,A29 ALLOPURINOL 100 MG,100,mg,"545,1","288,6","375,18",Obat,110,1,555
349,OF0346,G15 GLIMEPIRIDE 1 MG,1,mg,"582,75","582,75","1136,36",Obat,1000,1,"582,75"
350,OF0347,G16 GLIMEPIRIDE 2 MG,2,mg,1110,1110,"1798,2",Obat,1000,1,1110
351,,E15 EUTHYROX 50 MG,50,mg,,"1914,75",,Obat,1000,,
352,OF0,F03 FAKTU OINTMENT,,mg,,109224,135300,Obat,8,1,
353,OF0013,H28 HYDROCORTISON 2.5%,,gram,6660,5550,"9132,53",Obat,1000,1,6660
354,OF0213,N19 NILACELIN SYR,,mL,37400,37400,46750,Obat,1000,1,37400
356,OF0174,S76 SPORACID 100 mg - Itraconazole,,mg,"24253,5","24253,5","31529,55",,992,1,24254
357,,P09 PARATUSIN SYR,,mg,36242,33679,,Obat,1000,,36242
358,OF0239,A38 AMBROXOL 30 MG,30,mg,151,"210,9","263,63",Obat,279,1,168
359,OF0007,B162 BIOPLACENTON,,gram,31080,29970,38961,Obat,4,1,31080
360,OF0512,F33 FORXIGA 10 MG - Dapaglifozin,10,mg,"21682,52","21682,52","27970,45",,1000,1,"21682,52"
361,OF0335,F22 FG TROCHES,,mg,,"1572,5",2300,Obat,10,1,
363,,H14 HECOSAN SYR,,,5000,59774,"78734,59",,15,1,0
364,OF0115,O27 OZEMPIC DUAL DOSE PEN,,mL,2145950,1955709,2522865,Obat,1,1,2151280
365,,M14 MECOBALAMIN KAPSUL 500 MCG,500,mg,,"582,75",,Obat,1000,,
366,OF0229,A04 ACETYLCYSTEIN 200 MG,200,mg,1166,1110,1443,Obat,45,1,1294
368,,D34 DONEPEZIL TAB,,mg,2220,2220,,Obat,1000,,2220
369,OF0389,L05 LACTAS CALCICUS 500 MG,500,mg,"88,22","88,22","127,93",Obat,155,1,"88,22"
370,OF0149,L08 LANSOPRAZOL 30 MG,30,mg,616,"886,36","1772,73",Obat,920,1,619
372,OF0504,V28 VOLEQUIN 500 mg - Levofloxacin,500,mg,37685,"37684,5","48989,85",,988,1,37685
373,OF0350,G19 GLIQUIDONE 30 MG,30,mg,1330,1337,1738,,472,1,1337
374,OF0287,C54 CLOBAZAM 10 MG,10,mg,1049,"1001,78","1302,31",Obat,267,1,1055
375,OF0237,A36 ALPRAZOLAM 1 MG,1,mg,1038,"1043,4","1356,42",Obat,509,1,1043
376,OF0016,K35 KETOCONAZOLE 2% CREAM,,gram,7770,,"10023,3",Racikan,1000,1,7770
377,OF0198,E02 ELKANA CL SYR,,mL,"59342,7",61161,"79509,3",Obat,1000,1,61161
378,OF0033,C18 CEFAT DRY SYR - CEFADROXIL125MG/5 ML,125 MG/5 ML,mg,49881,"51337,5","66738,75",Obat,2,1,51338
379,,E21 EYEFRESH 0.6 ML MINIDOSE,,,,,32243,,1000,,
380,OF0077,C23 CEFTRIAXONE INJ 1 G,,mL,7770,7770,15540,Obat,1,1,7770
382,OF0291,C59 CLOZAPINE 25 MG,25,mg,3219,"2414,25","4345,65",Obat,50,1,3219
384,,P49 PROSPIDE TAB 100 MG,100,mg,"13737,5",2775,,Obat,4,,13875
385,OF0382,K32 KETESSE 25 MG TAB,25,mg,"8114,1","8114,1","11359,74",Obat,15,1,"8114,1"
386,,P48 PROPYLTHIOURACIL 100 MG,100,mg,501,,"625,76",Obat,1000,1,501
388,OF0422,N14 NEVODIO 5 MG - Nebivolol,5,mg,6704,6771,"8511,48",,1000,1,6771
389,OF0061,G06 GASTROFER INJ 40 MG,,mg,142870,144300,187590,Obat,4,1,144300
390,OF0373,I15 ISOSORBIDE DINITRAT 5 MG,5,mg,"192,45","192,45","345,8",,298,1,"192,45"
391,OF0463,S01 SALBUTAMOL 2 MG,2,mg,,142,184,Obat,1000,1,
392,OF0372,I01 IBUPROFEN 400 MG,400,mg,323,"358,43","465,95",Obat,70,1,358
393,,A76 ASAM MEFENAMAT 500 MG,500,mg,,309,"432,6",,1000,,
394,OF0086,D27 DOHIXAT 100 MG,100,mg,449,"455,1","568,88",Obat,1000,1,554
395,,B77 BELOVA HAIR GROW SHAMPOO,,mL,55550,,,Produk,1000,1,55550
396,,H18 HEPA BALANCE,,mL,,"13181,25",,Obat,1000,,
397,,C106 CTM 4 MG,4,mg,170,"188,7","245,31",Obat,180,1,189
398,,C63 CODIPRONT CAP,,mg,,9048,,Obat,1000,,
399,OF0419,M47 MST CONTINUS 10 MG,10,mg,15762,15762,"20332,98",Obat,60,1,15762
400,OF0177,T37 TRAMADOL 50 MG CAP,50,mg,,"548,34",916,,1000,1,
401,OF0121,R27 RYZODEG FLEX TOUCH,,mL,"314840,4","314840,4","393550,5",Obat,9,1,0
402,OF0257,B06 BECOMZET,,mg,2423,"2497,5","3521,48",Obat,563,1,2498
405,,S47 Serum Acne Ufi,,,34550,,95000,Lainnya,1000,1,0
407,OF0552,B01 Baby De Biosanitizer 100 mL,100,mL,54945,54945,85000,Produk,19,1,54945
408,,B44 BELOVA CREAM FLEK,,gram,27540,,,Racikan,1000,1,27540
410,,B85 Belova Loose Powder Acne,,gram,40071,40071,85000,Produk,1000,1,40071
411,OS0705,B86 Belova Loose Powder Whitening,,gram,49035,"49034,25",95000,Produk,1000,1,49035
413,RF0029,B109 Belova Pagi AHA2,,gram,0,,,Racikan,1000,1,0
414,,B88 Belova Malam Acne,,gram,,,,Racikan,1000,1,
415,RF0009,B105 Belova Pagi AA,,,14192,,75000,,1000,1,14192
416,RF0009,B106 Belova Pagi AA2,,gram,0,,,Racikan,1000,1,0
429,,B170 BOX PACKING,,pcs,,,,Produk,1000,1,
430,BD0289,P29 POUCH,,pcs,,,,Produk,1000,1,
431,,P06 PAPER OBAT,,pcs,,,,Produk,1000,1,
432,,D33 DOMPET RAJUT,,pcs,,,,Produk,1000,1,
433,,K01 KACA BELOVA,,pcs,,,,Produk,1000,1,
434,,D28 DOKTER LEMON,,pcs,,,,Produk,1000,,
435,OF0249,A74 ARDIUM,,mg,"9423,9","9423,9","12251,07",Obat,1000,1,"9423,9"
436,OF0262,B167 BLOPRESS 8 MG,8,mg,"13898,8","13898,78","17790,43",Obat,42,1,"13898,8"
437,,A34 ALPENTIN 100 MG,100,mg,,1745,,Obat,1000,,
438,OF0298,C101 CURCUMA FORCE,,mg,"1031,375","1031,38","1289,22",Obat,56,1,"1031,375"
439,OF0066,S31 SANMOL 1 GRAM INFUS,,mL,71848,74814,"101235,33",Obat,19,1,74814
440,OF0112,O13 OMEPRAZOLE 40 MG INJ,,mg,54950,55500,"71428,5",Obat,1,1,55500
444,OF0300,D10 DEXAMETHASON 0.5 MG TAB,"0,5",mg,95,"66,6","206,46",,1000,1,105
445,OF0297,C69 COTRIMOXAZOLE TAB,,mg,444,444,"577,2",Obat,113,1,444
446,OF0689,C71 CRAVIT 750 MG 150 ML INFUS,,mL,527250,527250,702297,Obat,1,1,527250
447,OF0094,H31 HYOSCINE 20 MG INJ,,mL,19980,19980,25974,Obat,4,1,19980
448,OF0089,F25 FLUIMUCIL 300 MG INJ,,mL,32634,32634,"74405,52",Obat,9,1,32634
449,BA0040,N10 NEEDLE 30,,pcs,635,635,4290,Obat,185,1,0
450,OF0146,I13 IRBESARTAN 300 MG,300,mg,3774,"1453,1","6500,72",Obat,131,1,3774
451,BA0039,N09 NEEDLE 26,,pcs,635,635,4290,Bhp,212,1,0
452,BA0038,N08 NEEDLE 25,,pcs,8500,8500,11050,Bhp,20,1,0
453,BA0028,K28 KASSA STERIL,,pcs,2100,2100,2730,Obat,6,1,2100
454,BA00183,A28 ALKOHOL SWAB,,pcs,250,250,587,Obat,234,1,0
455,OF0126,T43 TRIAMCINOLON INJ 10 MG/ ML (5 ML),,mL,49950,49950,"86853,06",Obat,5,1,49950
456,,V21 VITAMIN C + COLLAGEN RODOTEX,,mL,"14166,93",,,Bhp,1000,,"14166,93"
457,OF0079,C33 CERNEVIT,,mg,328050,333000,432900,Obat,1000,1,333000
458,BA0165,N24 NOVOFINE,,pcs,,"2758,35","3447,94",Bhp,1000,1,
460,,H04 HANDSCHOON,,pcs,,5500,6600,Obat,1000,1,
463,OF0064,N01 NACL 100 ML,100,,7125,23865,"31024,5",,48,1,7125
464,OF0111,N26 NOVORAPID,,mL,"177654,9408","178096,17","231525,02",Obat,2,1,"178096,17"
466,OF0719,L18 LEVEMIR,,mL,,112249,203650,Obat,2,1,
467,OS0117,P16 PEHACAIN,,mL,5930,5930,"8599,88",Obat,2,1,5930
468,OF0065,R25 RL 500 ML,,mL,"8885,55",952,"21773,6",Obat,2,1,8886
473,BA0004,S91 SURFLO/ABOCATH 24,,pcs,13320,13320,39960,Obat,46,1,13320
474,,T39 TRANFUSI SET,,pcs,9900,9900,9900,Bhp,1000,1,9900
475,BA0279,U09 URINE BAG,,pcs,4200,10000,10000,Bhp,9,1,4662
476,BA0064,W02 WING NEEDLE,,pcs,12500,12500,16250,Obat,20,1,12500
477,BA0165,N11 NEEDLE 32,,pcs,11999,11999,20000,Bhp,2,1,0
479,OF0114,O17 ONDANSETRON 8 MG INJ,8,mL,"9046,8",7770,"9867,9",Obat,20,1,9324
480,,W01 WATER FOR INJECTION 25 ML,25,mL,,6300,,Obat,1000,,
484,OF0093,H17 HEMAPO 3000 IU,,,91575,116550,164502,,2,1,91575
485,BS0051,P27 PLESTERIN,,pcs,200,200,500,Obat,514,1,200
491,OF0113,O16 ONDANSETRON 4 MG TAB,4,mg,2513,"1253,29","2143,13",Obat,16,1,2590
492,,K39 KETOROLAC 30MG,30,mg,,"9440,55","14632,85",Obat,1,,
494,,C46 CITICHOLIN 500 MG INJ,,mL,5550,24993,,Obat,6,1,5550
495,OF0099,L10 LAPIBAL INJEKSI,,mL,38850,38850,"49242,38",Bhp,1000,1,38850
496,,M24 MESOESTETIC WHITE SOLUTION,,mL,,307240,399412,Bhp,1000,,
497,,V27 VIVENA,,mL,,62271,,Obat,1000,,
498,OS0124,T05 TATIONIL INJEKSI,,mL,,48152,48152,Bhp,1000,,
501,OF0653,D11 DEXAMETHASON INJ,,mL,"2522,73","2522,73","3279,6",Obat,65,1,"2522,73"
502,,I08 INJECT WHITE KROMOSOM,,mL,,461592,2000000,Bhp,1000,1,
510,,H25 HOME PEELING KIT,,mL,29850,29850,,Racikan,1000,1,29850
511,,K10 KAPSUL ANTI OXIDANT,,pcs,,,,Obat,1000,,
512,,C13 CARA PAKAI,,pcs,,,,Produk,1000,1,
513,,M09 Masker Peel Off,,pcs,6000,,,Produk,1000,1,6000
514,,B123 BELOVA RACIK GATAL,,pcs,,,,Produk,1000,1,
519,OF0338,F28 FLUNARIZINE 5 MG,5,mg,1353,"1387,5",2550,Obat,1000,1,1388
520,,K16 KAPSUL RACIK,,mg,,,,Obat,1000,1,
521,,I06 INFUS VITAMIN,,mL,,,,Obat,1000,,
523,OF0250,A75 ASAM FOLAT 1 MG,1,mg,100,168,"218,4",,116,1,100
524,OF0259,B156 BETAHISTINE MESILATE,,mg,,"769,3","1145,49",Obat,148,1,
527,OF0496,V02 V-BLOCK 6.25 MG - Carvedilol,"6,25",mg,3885,3885,"5050,5",,36,1,3885
529,OF0412,M35 METHYLPREDNISOLON 8 MG,8,mg,"590,33","590,33","767,43",Obat,199,1,"590,33"
530,OF0110,N25 NOVOMIX,,mL,141272,156811,208385,Obat,4,1,141272
535,,A59 ANTI INFLAMASI,,gram,,,,Obat,1000,,
536,,P33 PREBIOTIK,,mg,,5800,,Obat,1000,,
537,,H27 HQ 5 ULTRA,,gram,,,,Racikan,1000,,
538,,A07 ACNE CREAM DAY & NIGHT,,gram,,,,Racikan,1000,,
540,,P19 PIL FLEK,,gram,,,,Obat,1000,,
541,OF0370,H30 HYDROXYUREA MEDAC 500 MG,500,mg,"7306,02","7306,02",13551,,45,1,"7306,02"
542,OF0041,C28 CENDO XITROL 5 ML,5,mL,"30247,5","30247,5","38049,84",Obat,1,1,"30247,5"
543,OS0038,A32 ALOCLAIR PLUS MOUTHWASH,,mL,99900,99900,129870,Obat,1,1,99900
544,,R14 RETINOL PEELING,,mL,,50050,200000,Racikan,1000,1,
545,OF0349,G18 GLIMEPIRIDE 4 MG,4,mg,1956,"2053,5","4051,99",Obat,1000,1,2054
546,,M49 MUPIROCIN 2% 10 GRAM OINTMENT,,,33135,19425,43290,,1000,1,33300
547,,C84 CREAM MALAM RACIK HT,,gram,,,,Produk,1000,,
548,,B98 BELOVA MILK CLEANSER,,gram,1050,10050,49500,Produk,6,1,1050
549,OF0148,L04 LACIDOFIL CAP,,,7144,7215,"9379,5",Obat,,1,7215
551,,G01 GA 70 PEELING SOL 60 ML,,mg,225060,,,Racikan,1000,,225060
552,OF0364,H06 HARNAL OCAS - Tamsulosin,,mg,18158,4163,17500,,44,1,18158
553,OF0465,S25 SANDEPRIL 50 MG,50,mg,4440,8880,11100,Obat,179,1,4440
555,,K20 KAPSUL RACIK DE,,mg,,,,Obat,1000,,
561,,A63 ANTI IRITASI,,gram,,9773,50000,Racikan,1000,1,
562,OF0154,N12 NEO PROLIVA,,,7290,,"9523,8",,40,1,7326
563,,B144 BELOVA SUNSCREEN SPRAY,,mL,,,,Produk,1000,,
564,,C49 CLINDAMYCIN 500 GRAM,500,mg,1282,1407,1830,Racikan,1000,1,1282
566,,S65 SOOTHING CREAM 12.5 GRAM,,gram,,,20978,Racikan,1000,1,
568,OF0231,A05 ACYCLOVIR 400 MG TAB,400,mg,"1044,29","1044,29","1326,25",Obat,160,1,0
569,OF0413,M33 METHYLPREDNISOLON 16 MG,16,mg,1024,836,1295,Obat,11,1,1044
570,OF0365,H12 HCT 25 MG,25,mg,253,"280,57","364,75",,9,,281
571,BS0117,L01 L CARNITIN,,mg,,13875,"15007,2",Obat,1000,,
572,,S50 Serum Booster Flek Essence 10 mL,,,,,125000,,4,1,
573,,F02 Facial Wash AHA,,mL,,,,Produk,1000,,
574,,S87 Sunblock SPF 40 Water Drop,,gram,,,,Racikan,1000,,
576,,R15 RETINOL PEELING,,mL,0,,,Produk,1000,1,0
580,,S42 SARUNG TANGAN MAXTER NO 7,,pcs,7000,7000,9100,Racikan,1000,,7000
581,OF0428,O12 OMEORAZOLE 20 MG KAP,20,mg,408,"412,04","604,45",Racikan,1000,1,412
582,,B102 BELOVA NIGHT CREAM RACIK,,gram,,,,Produk,1000,,
583,OF0396,L20 LEVOPAR - Levodopa Benserazide,,,4440,4440,5772,,60,1,4440
587,,A51 ANTI ACNE II,,mg,,,,Racikan,1000,,
589,OF0103,M18 MEDIXON INJ 125 MG,,mL,112428,"126450,09","164385,12",Obat,5,1,113553
590,OF0097,K33 KETESSE INJ 50 MG,,mg,48840,48840,75144,Obat,9,1,48840
591,,S51 Serum Booster Step 2,,,,,125000,,1000,1,
595,OF0167,R05 RECALUS,,mg,6660,6660,8658,,40,1,6660
596,,M04 MASKER,,pcs,,,,Produk,1000,1,
602,,P25 PLATINUM BAHAN BAKU,,gram,,"2115,66","2644,58",Racikan,1000,,
603,,D06 DESONIDE BAHAN BAKU,,gram,,"1350,87","1756,13",Racikan,1000,1,
604,,P36 PREMIUM BAHAN BAKU,,gram,,2835,3685,Racikan,1000,1,
605,,B159 BHP INFUS,,gram,27850,27850,45000,Obat,997,1,0
606,,V05 VALAMIN,,mL,,60369,,Obat,100,,
607,BA0023,I04 INFUS SET,,pcs,5500,9900,20500,Obat,50,1,6105
609,,K27 KAPSUL WHITENING /KAP,,mg,17482,,,Obat,100,,17482
610,,B72 Belova Facial Wash,,mL,,,,Produk,100,,
611,,B73 Belova Facial Wash Acne,,mL,,,,Produk,100,,
612,,B104 Belova Oxy Spray,,mL,,,,Produk,100,,
613,,B46 Belova cream Ketiak,,gram,16083,,,Produk,100,,16083
614,OF0047,S22 SANBE-HAIR 60 ML,,mL,"233266,5","233266,5","318451,23",Produk,100,1,"233266,5"
615,,B76 BELOVA HAIR GROW,,mL,,,,Produk,100,1,
616,,B03 BD-ULTRA FINE PRO 0.23 X 4 MM,,pcs,2695,,,Obat,100,1,2695
617,,K12 KAPSUL KOSONG,,,70,,200,,14,1,70
619,OF0387,K46 KSR 600 MG - Potassium Chloride,600,mg,4675,2556,5125,,,1,4675
620,,P07 PARACETAMOL 500 MG,500,mg,210,"178,71","321,68",Obat,153,1,210
622,OF0123,S41 SANTAGESIC INJEKSI,,mL,10980,11433,"15059,93",Obat,11,1,11433
623,,T16 TERAZOSIN 2MG,2,mg,1225,1225,,Obat,64,1,1225
629,OF0006,B157 BETASON-N 5GR,,gram,20229,"20228,92","26297,6",Obat,1,1,20330
630,,B89 BELOVA MALAM AHA,,gram,,,,Produk,100,,
636,,C38 CHLORPROMAZINE 100MG,100,mg,,300,,Obat,100,,
651,OF0307,D19 DILTIAZEM,,mg,,"175,96","228,75",Obat,210,1,
652,OF0046,R07 REGROU 30 ML,,mL,72150,72150,155000,Racikan,1,1,0
653,,E18 EXCELENT BAHAN BAKU,,gram,,2205,2867,Racikan,100,,
654,,T41 TRETINOIN BAHAN BAKU,,gram,,"1395,27","1395,27",Racikan,100,1,
655,,A19 AHA 8% CREAM BAHAN BAKU,,gram,290400,"580,22","783,3",Racikan,3469,1,0
656,,A06 ACNE CREAM BAHAN BAKU,,gram,"780,22","780,22","1014,28",Racikan,100,1,0
657,,M12 MASSAGE CREAM,,gram,52400,"209,79","272,73",Racikan,100,1,0
658,,S66 SOOTHING CREAM BAHAN BAKU,,gram,"540,66","540,66","702,86",Racikan,100,1,"540,66"
659,BS0229,A20 AHA NEUTRALIZER,,gram,,"249,75","324,68",Racikan,100,1,
663,,Z04 ZITANID,,mg,"6256,8","6256,8",,Obat,70,1,"6258,5"
664,OF0398,L28 LISINOPRIL 10 MG,10,mg,740,"754,8","981,24",Obat,320,1,755
665,BA0006,A27 ALKOHOL 70 %,,mL,,60000,80000,Racikan,100,,
666,,J04 JERIGEN,,pcs,,,,Racikan,100,,
671,OF0481,T26 THYROZOL 10 MG - Thyamazole,10,mg,33477933,"3347,79","4358,36",,55,1,33477933
677,OF0519,B142 BELOVA SOLUTION SERUM FOR ACNE 15ML,,mL,11000,25650,125000,Produk,75,1,0
679,,S44 SCRUB,,pcs,0,,,Racikan,100,1,0
682,OF0263,B171 BRAINACT 500 MG TAB,500,mg,14430,14430,18035,Obat,2,1,19055
683,,A70 ANTIBIOTIK 5 G,,gram,,,,Obat,100,1,
685,OF0515,H07 HAVE FUN GO MATTE LIP CREAM- DREAM,,gram,23115,23115,65000,Produk,37,1,23115
686,OF0516,H09 HAVE FUN GO MATTE LIP CREAM-FIGHT,,gram,23115,23115,65000,Produk,43,1,23115
688,,K18 KAPSUL RACIK,,gram,,,,Obat,100,,
690,,B21 BELOVA ANTI IRITASI RACIK,,gram,0,,,Racikan,100,1,0
691,OF0514,H08 HAVE FUN GO MATTE LIP CREAM-CAPPADOCIA,,gram,23115,23115,65000,Produk,33,1,23115
692,OF0518,H11 HAVE FUN GO MATTE LIP CREAM-HERS,,gram,23115,23115,65000,Produk,43,1,23115
693,OF0517,H10 HAVE FUN GO MATTE LIP CREAM-HAPPINES,,gram,23115,23115,65000,Produk,38,1,23115
694,,S05 SALEP ANTI BIOTIK 10GR,,gram,,,,Racikan,100,,
697,,V03 VAKSIN HEPATITIS,,mL,,95000,,Obat,100,,
698,,S24 SANDEPRIL 12.5 MG,"12,5",mg,,1024,3000,Obat,100,1,
700,,H03 HALOPERIDOL 5 MG,5,mg,,294,,Obat,100,,
704,OF0392,L12 LASIX 40 mg - Furosemide,2,mg,7703,"7702,8","10013,64",,40,1,7703
705,OF0580,V16 VIP ALBUMIN,,mg,7770,7770,10101,Obat,30,1,7770
706,OS0100,L22 LIDOCAIN 2% INJEKSI,,mL,1971,1776,"2308,8",Obat,159,1,1971
707,,L37 LYNAE MAZTHIONE,,mL,,"17482,5",,Obat,100,,
708,OF0116,O29 OZEMPIC SINGLE DOSE PEN,,mL,1950864,1955709,"2542421,7",Obat,1,1,1955709
709,OF0612,T45 TRIHEXYLPHENIDIL,2,mg,,115,150,,100,1,
710,OF0461,R24 RISPERIDON 2 MG,2,mg,"1677,62","1677,62","3103,6",Obat,436,1,0
711,OF0368,H22 HEXYMER 2 MG,2,mg,472,"471,75","613,28",Obat,435,1,472
712,BS0298,B174 BRIGHTENING TRANEX CREAM RACIK,,gram,,,,Racikan,100,,
714,BF0232,M25 MESOESTHETIC WHITENING SOLUTION,,gram,307240,,,Racikan,100,,307240
717,,A86 AVAMIST NASAL SPRAY,,mL,,151384,,Obat,100,,
724,OF0695,F24 FLEET PHOSPOSODA,,mL,"84817,712","84817,71","135707,71",Obat,100,1,"84817,712"
726,BS0179,P15 PEELING RETINOL,,mL,50050,50050,200000,Produk,100,1,50050
727,BS00100,B78 BELOVA HAIR SERUM,,mL,58730,58730,155000,Produk,100,1,58730
728,OF0040,C27 CENDO LYTEERS 15 ML,15,mL,27772,24975,"32467,5",Obat,2,1,27772
729,OF0140,X03 XEPAZYM - Pancreatin & Simethicone,,mg,1060,3552,4617,,10,1,1066
731,OF0302,D14 DIAGIT - Attapulgite & pectin,,mg,3259,"3275,06","4257,57",,73,1,3275
733,,V33 VOMETA SYR,,mL,0,53280,,Obat,100,,0
734,,V17 VIT D,,mg,,3108,,Obat,100,,
735,,S49 SERUM BOOSTER FLEK,,,,,125000,,100,1,
740,OF0027,U05 ULTRAPROCT N GEL,,gram,,150082,187603,Obat,100,1,
743,OF0056,T23 THROMBOPHOB GEL,,gram,,66600,86580,Obat,1,1,
744,OF0039,C29 CENFRESH EYE DROP 5 CC,,mL,38424,"34840,13","47034,17",Obat,100,1,38771
746,,A62 ANTI INFLAMASI TAB,,mg,,,,Obat,100,,
747,,S45 SCRUB 500GR,,gram,,80000,256000,Racikan,100,1,
748,RF0030,C73 CREAM ANTI IRITASI,,gram,9773,9773,50000,Racikan,100,1,9773
749,,M11 MASKER WHITENING 500GR,,gram,,,,Produk,100,,
751,,D20 DIMENHIDRINATE,,mg,,179,,Obat,100,,
752,OF0012,G13 GENTASOLON 5 GRAM CREAM,5,gram,26529,33161,"39793,2",Obat,5,1,26529
753,,S11 SALEP RACIK,,gram,,47800,,Obat,100,1,
755,,A66 ANTI KOLESTEROL,,mg,,,,Obat,100,,
756,,B136 BELOVA SERUM RAMBUT RONTOK,,gram,,,,Produk,100,,
758,,A40 AMINEXIL TREATMENT HAIR SERUM (ANTI RONTOK),,mL,,24000,,Produk,100,,
761,,B149 BELOVA TLA NIGHT CREAM,,gram,0,,,Produk,100,1,0
762,OF0469,S59 SIMVASTATIN 10 MG,10,mg,403,"466,16","652,63",Obat,203,1,422
764,RF0049,C32 CERAMIDE BAHAN BAKU,,gram,,"1315,56","1710,22",Racikan,100,1,
765,OF0718,K40 KITODERM GIGA WHITE PEEL GEL 100 ML,,mL,"247747,75","2749,99","3712,49",Racikan,100,1,0
766,BS0172,G02 GA 70 PEELING SOLUTION 100 ML,100,mL,"2847,9","2847,9","3737,37",Racikan,100,1,"2847,9"
767,,T21 THERASKIN PEELING GA 20% 100 ML,100,mL,0,"1215,45","1580,09",Racikan,100,1,0
768,,A10 ACNE DAY CREAM BAHAN BAKU,,gram,502900,"502397,1","678236,09",Racikan,3000,1,0
769,,M06 MASKER ACNE BAHAN BAKU,,gram,65,65,84,Racikan,100,1,65
770,OF0217,P47 PROPEPSA SYR,,,78810,"68542,5",102453,,12,1,78810
773,,B40 BELOVA CREAM ACNE TOTOL RACIK,,gram,,,,Racikan,100,1,
774,,M41 MICROLAX SUPP,,gram,,22500,,Obat,100,,
780,,T02 TABUNG O2,,pcs,850000,850000,1105000,Racikan,100,1,850000
781,,C39 CIASTAR YELLOW 10 MG,,mg,,377400,,Obat,100,,
782,,U02 UFINES ECTA CREAM,,gram,,35964,,Racikan,100,,
783,,U03 UFINES VITA B RADIANT GEL 15 ML,,mL,,47952,,Racikan,100,,
784,,M08 MASKER BRIGHTENING BAHAN BAKU,,gram,65,65,84,Racikan,100,1,65
785,,F01 FACIAL SCRUB IMMORTAL,,gram,"439,56","439,56","593,41",Racikan,3,,"439,56"
786,OF0102,M13 MECOBALAMIN INJ,,mL,8880,9858,"12454,2",Obat,6,1,9857
787,,S58 SIMARC 2 MG - Warfarin sodium,2,mg,"1462,425","1462,43","2047,4",Obat,46,1,"1462,425"
790,OF0274,C15 CATAFLAM 50MG,50,mg,"6359,28","6359,28","8076,28",Obat,4,,"6359,28"
791,OF0467,S57 SILDENAFIL CITRAT 50 MG,50,mg,60620,31080,41958,Racikan,15,1,62160
792,OF0456,"R17 RHEUTREX 2,5 mg - Metotrexat",,mg,6105,"1999,11",2340,,43,1,6105
793,,L35 LUNGENE RAPID TEST,,pcs,,32000,,Obat,100,,
794,OF0716,K42 KITODERM PEELING GA 20 100 ML,,mL,67567,75000,75000,Racikan,100,1,0
795,,C50 CLINDAMYCIN GEL BAHAN BAKU,,gram,,"1537,36","1537,36",Racikan,100,1,
798,,B14 BELOVA ACNE SERUM,,mL,,,,Produk,100,,
799,,B18 BELOVA ANTI ACNE,,gram,,,,Obat,100,,
800,,B60 BELOVA DAY CREAM RACIK,,gram,,27540,,Racikan,100,,
801,,B103 BELOVA NIGHT CREAM RACIK,,gram,,,,Racikan,100,,
802,,A65 ANTI IRITASI TABLET,,gram,,,,Obat,100,,
813,,B175 BUBBLE WRAP,,pcs,,,,Produk,100,1,
814,,D02 DBI LIGHTENING ESSENCE,,mL,58600,65046,,Obat,100,,0
815,,B141 BELOVA SKIN CORECTOR,,mL,,,100000,Racikan,100,1,
816,,M31 METHOTREXATE TAB,,mg,,3660,,Obat,100,,
817,OF0294,C65 COMBIVENT,,mg,,27000,36450,Obat,100,1,
818,OF0045,P55 PULMICORT,,mL,,"22117,64","28531,75",Obat,3,1,
819,OF0508,X06 XIETY 10 mg - Buspirone,10,mg,"5827,5","5827,5","7908,75",,103,1,"5827,5"
820,,S67 SOOTING CREAM *,,gram,,16137,20978,Racikan,3222,1,
821,,L21 LICOKALK,,,,233,,Obat,100,,
822,,D17 DIAZEPAM 5 MG,5,mg,,555,,Obat,100,,
823,OF0703,O24 OTOPAIN TT,,mL,101614,41937,109265,Obat,100,1,102120
824,OF0280,C30 CEPEZET 100 MG,100,mg,524,524,655,Obat,100,1,524
825,,S26 SANDIMUN NEORAL 50 MG,50,mg,,23125,,Obat,100,,
826,,V35 VOUCHER 100.000,,pcs,0,,,Produk,100,1,0
827,OF0277,C21 CEFIXIME SYR 30 ML,,mL,18981,18981,"25624,35",Obat,100,1,18981
829,OF0078,C24 CEFTUM INJ,,gram,265213,291930,379509,Obat,10,1,271950
830,,B16 BELOVA ALOE CLAY MASK,,gram,,,,Produk,100,1,
831,OF0047,S19 SANBE HAIR**,,mL,,,,Produk,2,1,
833,,T08 TEBUS VOUCER 100.000,,pcs,,,,Produk,100,1,
834,OF0268,C07 CANDERIN DUO - candesartan 8 mg; amlodipin 5 mg,8,mg,10990,9891,"12767,22",Lainnya,1,1,11100
837,OF0484,T36 TRAJENTA DUO 2.5 MG/500 MG - Linagliptin & Metformin,,mg,12379,"11789,55","15326,42",,30,1,12379
838,,H01 HAIR SERUM PRIA 60ML,,mL,"233266,5","233266,5","303246,45",Produk,100,1,"233266,5"
839,,T33 TOTE BAG,,pcs,,7000,20000,Produk,100,1,
840,,B118 BELOVA POUCH GOLD,,pcs,13000,13000,25000,Produk,100,1,0
841,,P12 PAYUNG,,pcs,,35000,50000,Produk,100,1,
842,OF0406,M20 MELOXICAM 7.5 MG,"7,5",mg,533,384,"961,54",Obat,100,1,533
844,,B38 BELOVA CLAY MASK PEARL GLOW,,pcs,0,,,Produk,100,,0
845,,L15 LE MINERAL,,pcs,,,,Produk,100,,
846,OF0216,P41 PROFILAS SYR,,mL,108780,108780,135975,Obat,100,1,108780
847,,T14 TEMPRA FORTE SYR 60 ML,60,mL,47286,47286,,Obat,1,,47286
850,TS0200,S79 SPUIT TERUMO 1 CC,,pcs,2522,2750,3712,Racikan,139,1,2799
851,OF0405,M19 MELOXICAM 15 MG,15,mg,"943,5","483,96","1593,07",Obat,56,1,"943,5"
852,TS0013,R13 RETINOL PEEL BAHAN BAKU,,mg,51337,51337,200000,Racikan,100,1,51337
853,OF0034,C19 CEFAT FORTE DRY SYR,250,mg,86469,86469,"108086,25",Obat,1,1,86469
854,OF0490,T47 TRIMETAZIDIN,35,mg,2324,2331,"3030,3",Obat,120,1,2331
856,OS0005,A15 ACYCLOVIR 5 GRAM CREAM,,gram,"3931,62","3931,62","5504,27",Obat,14,1,"3931,62"
857,,S14 SALEP RACIK ACYCLOVIR,,gram,,,,Obat,100,,
858,OF0049,B177 BUFACOMB,,gram,35115,,"32606,25",Obat,100,,35115
859,,S18 SALEP RACIK KCD,,gram,,,,Obat,100,,
861,,F32 FORCE D 5000 IU,5000,tablet,,3330,4162,Obat,100,,
862,OF0025,T24 THROMBOPHOB OINTMENT 15 CREAM TUBE,,gram,49653,49950,64935,Obat,2,1,49950
863,OF0056,T25 THROMBOPHOB GEL TUBE,,gram,66270,15516,86580,Obat,100,1,66600
864,OF0478,S86 SULFITIS  500 mg - Sulfasalazine,,mg,7030,7030,"8984,43",,90,1,0
865,,B43 BELOVA CREAM EXCEMA 30GR,,gram,,6,185000,Racikan,100,1,
866,OF0113,O15 ONDANSETRON 4 MG INJ,,mL,"4922,928",53227,"7492,5",Obat,19,1,4995
867,,P54 PSIDII,,gram,8415,8415,,Obat,100,,8415
868,OF0464,S02 SALBUTAMOL 4 MG,4,mg,222,"199,8","205,79",Obat,191,1,222
869,OF0472,S68 SOTATIC TABLET,,mg,566,"546,47","710,41",Obat,100,1,566
870,,B101 BELOVA NECK SCRUB,,mg,,,,Racikan,100,,
872,,K41 KITODERM NEUTRALIZER 100 ML,,mL,"23698,5","23698,5","30808,05",Racikan,100,1,"23698,5"
873,,M48 MULTIVITAMIN,,,,2350,,Obat,100,,
874,,S06 SALEP ANTI BIOTIK 5GR,,gram,,,25000,Racikan,100,,
875,OF0010,G10 GENTAMICIN 0.1& ZK,,gram,"3835,05","3835,05","4717,11",Obat,2,1,"3835,05"
877,,V30 VOLTAREN GEL 20 G,20,gram,,96792,,Obat,100,,
882,OF0195,C35 CETINAL SYR,,mL,91020,91020,"97391,4",Racikan,100,1,91020
883,OF0470,S63 SNMC,,mL,104895,104895,146853,Obat,4,1,104895
884,,D08 DETRUSITOL 2 MG,2,mg,,"14674,2","19076,46",Obat,100,,
885,,R19 RHINOFED SYR 60 ML,60,mL,,33300,43625,Obat,100,,
886,OF0363,H02 HALOPERIDOL 1.5 MG,"1,5",mg,297,"297,48","386,72",Obat,517,1,297
887,,B87 BELOVA MALAM AA1 (ACNE TOTOL),,gram,22178,22178,95000,Racikan,100,1,22178
890,OF0032,C16 CEFADROXIL 125 MG/60 ML,,mL,10545,10545,"13708,5",Obat,1,1,10545
891,,D32 DOMPERIDON SYR 60 ML,60,mL,,"9183,14",,Racikan,100,,
892,OF0235,A30 ALLOPURINOL 300 MG,300,mg,"1090,2",555,"721,5",Obat,22,1,1110
895,,P32 PRE-PEEL CLEANSER,,gram,"181,82","181,82",,Racikan,100,,"182,82"
896,OF0652,B161 BICROLID 500,500,mg,29415,"30136,5","20879,1",Obat,112,1,29415
897,,M50 MXN 400 MG,400,mg,,35964,,Obat,100,,
898,,V14 VENTOLIN 2.5 NEBULES,,mg,,"14609,71",,Obat,5,1,
899,,M21 MEMBER BELOVA SKIN & BEAUTY CENTER (FREE POUCH),,pcs,,,,Produk,100,1,
900,,A49 ANISEPTIC SOLUTIUON,,pcs,,,,Obat,100,,
901,,S20 SANBE IVY 120 ML,,mL,,88800,,Obat,100,,
903,,B28 BELOVA BRIGHTENING CERAMIDE,,mL,,,,Produk,100,,
905,,O03 OBAT JERAWAT,,gram,,6660,,Obat,100,,
906,BA0125,T19 TERUMO 5 CC,,pcs,2775,2775,8741,Obat,139,1,2775
907,BA0126,T17 TERUMO 10 CC,,pcs,"3607,5","3607,5","14707,5",Obat,152,1,"3607,5"
908,BA0124,T18 TERUMO 3 CC,,pcs,1442,1442,7215,Obat,97,1,1442
909,,A81 ASCORBIC ACID 1G/5ML,,mL,,10989,,Racikan,100,,
910,,M42 MIKROMIST DEWASA,,pcs,22200,22200,40000,Obat,100,1,22200
911,OF0450,R04 RANITIDIN TAB,150,mg,326,"326,5","424,45",Obat,58,1,333
912,,K31 KERTAS PUYER,,pcs,25,25,200,Obat,100,1,25
913,BA0135,I09 INJECTION PLUG,,pcs,27500,"40800,27","53040,35",Obat,9,1,27500
914,OF0130,V09 VAXIGRIP TETRA SH,,pcs,,221445,"276806,25",Obat,100,1,
915,OS0004,A21 ALBOTHYL CONCENTRATE 10 ML,,mL,,42735,"53418,75",Racikan,100,,
916,BS0255,T22 THREEWAY STOPCOCK,,pcs,26862,26862,33577,Obat,100,1,26862
917,OF0663,N04 NACL 500 ML,500,mL,10000,10000,13500,Obat,4,1,10000
918,,S08 SALEP GATAL 30GR,,gram,,,,Obat,100,,
919,,B61 BELOVA DAY CREAM RACIK,,gram,,27540,155000,Produk,100,,
920,,C85 CREAM RACIK,,gram,,21000,125000,Produk,100,,
921,,B120 BELOVA RACIK AHA CERA,,gram,,,,Racikan,100,1,
922,,M03 MANDELIC+CITRIC ACID 30%,,gram,,"30744,78",,Racikan,100,,
923,,A72 APHRODERMA NIGRA LIGHTENING CREAM,,gram,,"1348,65","1753,25",Racikan,100,,
924,,V29 VOLTAREN GEL 10 G,10,gram,,56388,,Racikan,100,,
925,,V31 VOLTAREN GEL 50 G,50,gram,,"191541,62",,Racikan,100,,
926,OF0545,D05 DESOLEX CREAM,,gram,27200,"22588,5",30000,Racikan,19,1,27750
928,OF0548,V18 VITACID CREAM 0.05%,,gram,"34442,1567","34442,16","44774,8",Obat,100,1,"34442,1567"
930,,A61 ANTI INFLAMASI 2,,gram,,,,Obat,100,,
931,OF0384,K36 KETOMED SS,,mL,"41647,2","41647,2","54141,36",Produk,2,1,"41647,2"
932,OF0183,N07 NEBACETIN POWDER,,gram,25530,25530,"31912,5",Racikan,1,1,0
933,OS0022,S43 SCABIMITE CREAM 30 G,,gram,79143,79143,"110800,2",Racikan,1,1,79143
934,,K03 KALIUM DIKLOFENAK 50 MG,50,mg,,"574,17","901,88",Obat,100,1,
935,,H15 HELIATECH LOTION,,gram,79800,"79542,16","103404,81",Produk,10,1,0
936,,S93 SYMBICORT TURBUHALER 160/120,,gram,,186580,550000,Obat,100,,
939,BS0111,D04 DERMAHEAL SB,,mL,"20390,7","20390,7","26507,91",Racikan,4,,"20390,7"
944,OF0253,A84 ATORVASTATIN 10 MG,10,mg,2183,2220,2886,,,1,2220
945,,A45 AMOXICILLIN DS 125 MG/5 ML,,mg,,7770,,Obat,100,,
948,OF0428,O14 OMEPRAZOLE CAP,,mg,408,"412,03","604,45",Obat,190,1,412
949,OF0386,K43 KOLICGON - Hyoscine Butylbromide & Paracetamol,,mg,1277,"638,25","1659,45",,70,1,1277
950,BS0074,D30 DOLONES CREAM,,,59450,61272,"89976,6",,40,1,61272
951,OF0304,D16 DIAZEPAM 2 MG,2,mg,,"179,27","233,04",Obat,100,1,
952,,V06 VALISANBE 5 MG,5,mg,,"455,1",,Obat,100,,
953,,F09 FASIDOL FORTE 650 MG,650,mg,,"362,69",,Obat,100,,
954,,M36 METOCLOPRAMIDE HCL INJEKSI,,mL,,"5050,5",,Obat,32,,
955,OF0107,M32 METHYLPREDNISOLON 125 MG INJ,,mL,35620,"51258,69","66636,3",Obat,5,1,35798
956,,U06 UMARON,,mL,,190400,,Obat,1,,
957,,O08 OCTALBIN 25% 100 CC,,mL,,2184263,,Obat,100,,
958,,S83 SUCRALFAT SUSP 500 MG/ML,,mL,,22200,,Obat,100,,
959,,D09 DEX 40%,,mL,10100,10100,12626,Obat,100,,10100
960,OF0155,N13 NEUROAID II MLC 901,,mL,,61605,"77006,25",Obat,100,,
961,,C74 CREAM ANTI IRITASI 30GR,,gram,0,,,Produk,100,,0
962,,T06 TCA 20% SOLUTION,,gram,,"2255,52","2819,4",Racikan,100,,
966,,V22 VITAMIN D,,iu,,3186,,Obat,100,,
967,,S07 SALEP ANTIBIOTIK,,mg,,8067,45000,Obat,100,,
968,,S10 FUNGAL CREAM 30 GRAM,,gram,,,,Racikan,100,,
969,OF0014,I03 INERSON SALEP 15 GRAM,15,gram,"104659,13","104659,13","141289,82",Obat,1,1,"104659,13"
970,,P28 POT 30 GRAM,,pcs,2000,2000,5000,Obat,100,1,2000
971,,F31 FORCE D 1000 IU,,,,"2636,25","3427,13",,100,,
973,OF0407,M22 MEPTIN 0.05 mg - Procaterol hemylhydrate TABLET,"0,05",,2999,"5109,33","6389,66",,157,1,2999
974,OF0083,D21 DIPHENHYDRAMINE HCL 10 MG/ML INJ,,mg,,3330,"4162,5",,100,,
983,OF0544,C14 CARMED 20%,,gram,"50743,65","924,93","1387,39",Obat,100,1,"50743,65"
984,,F04 FARBIVENT,,mg,,11655,,Obat,100,,
989,,S82 STESOLID INJ,,mL,,8454,,Obat,100,,
990,OF0030,A46 AMOXSAN DRY SYRUP,,mL,25641,25641,"32051,25",Racikan,100,,25641
991,,F34 FURAMIN INJECTION,,mL,,"11599,5",,Obat,100,,
992,,K05 KALQUEST,,pcs,,"11488,5",,Obat,3,,
993,,V04 VAKSIN PREVENAR,,mL,628715,628715,"1047859,43",Obat,100,1,628715
995,OF0031,A47 AMOXSAN FORTE DS,,mL,36408,36408,"46966,32",Racikan,1,1,36408
997,BA0023,I05 INFUS SET*,,,,4409,13300,,100,,
1000,,B58 BELOVA CREAM RACIK WAJAH RJ,,gram,,23458,118000,Racikan,100,,
1001,,B54 BELOVA CREAM RACIK BADAN RJ,,gram,,23458,278000,Racikan,100,,
1002,OF0625,C51 CLINIMIX,,mL,455100,455100,591630,Obat,1,1,455100
1003,OF0626,C52 CLINOLEIC,,mL,266400,266400,346320,Obat,1,1,266400
1004,OF0720,S69 SPARKLING GEL,,pcs,32450,32450,92000,Produk,100,1,32450
1005,,S70 SPARKLING GEL PAKET,,mL,97350,97350,248000,Produk,100,1,97350
1006,,S04 SALEP & OBAT MINUM,,pcs,,,,Produk,100,1,
1007,OF0053,I10 INTRASIT GEL,,gram,128205,128205,153846,Obat,100,1,128205
1008,OF0136,S34 SANPRIMA FORTE,,mg,"2386,5","2386,5","3078,59",Racikan,120,1,"2386,5"
1010,OF0475,S77 SPORETIK 100 MG - Cefixime,100,mg,24198,24198,"32027,94",,104,1,0
1011,,R22 RIFASTAR TAB,,mg,,6882,,Obat,100,,
1012,OF0151,L14 LAZ  30 mg - lansoprazole,,mg,16485,16650,21645,,40,1,16650
1014,OF0252,A82 ATAROC 25 MCG,25,gram,"2619,947","2619,95","3344,44",Obat,141,1,"2625,15"
1015,,F36 FUROSEMIDE 40 MG TAB,40,mg,,,,Obat,100,,
1016,OF0369,H24 HI-MG 200 mg - Magnesium Citrat,,mg,"6382,5","6382,5","8164,12",,28,1,"6382,5"
1017,,B158 BHP,,pcs,0,,,Bhp,100,1,0
1020,,V08 VAXIGRIP TETRA NH,,mL,220348,221445,"287878,5",Racikan,100,1,221445
1021,OF0092,G12 GENTAMYCYN INJ,,mL,6660,6660,"7858,8",Obat,26,1,6660
1022,,H29 HYDROCORTISONE 1%,,gram,,4440,5550,Racikan,8,1,
1023,,P10 PARIET 10 MG,10,mg,"20041,05","20041,05",,Obat,100,,"20041,05"
1025,OF0301,D12 DEXTEEM PLUS,,mg,"347,23","347,23","408,38",Obat,48,1,"347,23"
1026,,B82 BELOVA KAPSUL ACNE I,,gram,,,,Obat,100,,
1030,,B39 BELOVA CLEANSER,,mL,0,,,Produk,100,,0
1032,,B53 BELOVA CREAM RACIK,,gram,,,,Produk,100,,
1033,,B168 BOTOX ALERGAN,,gram,,33800,33800,Obat,100,1,
1034,,B169 BOTOX KOREA BOTULAX,,mL,,15000,15000,Obat,100,1,
1035,OF0175,S78 SPORETIK 200MG*,200,mg,,33300,34965,,100,,
1037,OF0522,T53 TWO WAY CAKE BEIGE (03),,gram,39200,43512,95000,Produk,100,1,0
1038,OF0523,T54 TWO WAY CAKE NATURAL,,gram,39200,,95000,Produk,4,1,0
1039,,C87 CREAM RACIK 10 GRAM,,gram,,,,Produk,100,1,
1040,OF0131,V15 VICTOZA FlexPen,,mL,,"908007,75",1164000,Obat,100,,
1041,OF0166,P53 PROVE VIT 757 MG,,mg,"192862,5","192862,5","241078,13",,100,,"192862,5"
1042,,M40 MICONAZOLE CREAM 2%,,gram,,"41125,55",,Racikan,100,,
1045,OF0709,D39 DUO TAWAS,,pcs,50000,50000,125000,Produk,100,,50000
1047,,B55 BELOVA CREAM RACIK KB-N,,mL,,56856,,Obat,100,,
1050,,B126 BELOVA RETINOL CREAM,,gram,,,,Racikan,100,1,
1051,OF0489,T46 TRILAC TABLET,4,mg,"4273,5","4273,5","5555,55",Obat,100,1,"4273,5"
1057,OF0322,E11 ERPHAFILIN TABLET,,mg,"216,95","216,95","271,19",Racikan,100,1,"216,95"
1059,BS0016,C70 COTTON SWAB,,pcs,1180,1180,1475,Obat,100,1,1180
1064,,O19 OPSITE 6.5 X 5 CM,,pcs,,10989,"13736,25",Obat,100,1,
1067,OF0665,N21 NORESTIL TABLET,,mg,"4420,2",4440,5994,Obat,10,1,4440
1069,OF0360,G31 GRAPHA E,,mg,,"4428,9","5979,02",Produk,86,1,
1071,OF0190,V26 VITOCAR*,,mg,,"2960,37","3108,39",Racikan,100,1,
1076,,V23 VITAMIN E 400 IU,,iu,,4681,,Obat,100,,
1077,,G26 GLUSHINE-X,,mL,"123025,35","123025,35","159932,96",Racikan,100,1,"123025,35"
1078,OF0186,F29 FOLIMID *,,mL,,4255,"5531,5",Obat,30,1,
1079,OF0190,V25 VITOCAR,,iu,2944,3034,"4191,22",Obat,352,1,3034
1080,,L27 LIPPOLAB,,mL,,,,Obat,100,,
1081,OF0684,O10 OMEGA,,iu,3034,"2960,37",4100,Obat,100,1,3034
1099,,E20 EYE CREAM 5 GR,,gram,,,,Racikan,100,,
1100,OF0008,D07 DESOXIMETASONE 0.25 CREAM,,gram,"14035,39","14035,39","18246,01",Obat,8,1,"14035,39"
1102,,E17 EXAFLAM 25 MG,25,gram,,"1898,1",,Obat,130,,
1105,,P39 PROBIOTIK,,gram,,,,Obat,100,,
1106,,G08 GASTROPROTECTOR*,,mg,,"15026,61",,Obat,100,,
1109,OF0352,G21 GLUCOPHAGE XR 1000 MG - Metformin,,,5474,"5473,7","6951,59",,80,1,5474
1112,OF0208,L13 LAXADIN SYR,,mL\,52658,"51126,6","63908,25",Obat,100,1,52658
1114,,B34 BELOVA BRIGHTENING SERIES PAKET,,gram,89611,89611,,Produk,100,,0
1115,,B13 BELOVA ACNE SERIES PAKET,,gram,,89611,570000,Produk,100,,
1116,,O02 OBAT ANTI ACNE & INFLAMASI,,gram,,,,Obat,100,,
1117,,B176 BUDESMA 0.25MG/ML,,mL,,158474,,Obat,100,,
1121,,B133 BELOVA SERUM ACNE,,mL,,,,Produk,100,1,
1124,OF0122,S27 SANKORBIN INJEKSI,,mL,34059,"35464,5","48412,65",Obat,67,1,35465
1125,OF0122,S27 SANKORBIN INJEKSI,,mL,34059,33744,35431,Obat,100,1,35465
1126,,B113 BELOVA PAKET SELANGKANGAN,,gram,,,,Produk,100,1,
1128,,Q02 QV CREAM 100 GR,,gram,"1628,15","1628,15",,Racikan,100,,"1628,15"
1129,,Q04 QV SKIN LOTION 500 ML,,mL,"579,98","579,98","753,97",Racikan,100,1,"579,98"
1130,,C62 CODIKAF 20 MG,20,mg,,2336,,Obat,100,,
1132,OF0182,B164 BIOSAN,,mg,16568,16650,21645,Obat,63,1,16650
1133,,U01 ACNE SERUM RACIK,,gram,,,,Racikan,100,,
1134,,O26 OXOFERIN,,gram,89355,89355,,Obat,100,,89355
1135,,P30 POUCH HOLOGRAM BELOVA (FAMILIA),,pcs,0,15000,20000,Produk,100,1,0
1136,,T51 TUMBLER BELOVA (FAMILIA),,pcs,,11000,15000,Produk,100,1,
1137,,B10 BELOVA ACNE NIGHT CREAM 30G,,gram,,,,Racikan,100,1,
1140,,B139 BELOVA SK LOTION,,gram,,,,Produk,100,1,
1141,,N02 NACL 1000 ML,,mL,,27309,,Obat,100,,
1142,,C94 CREAM RACIK STEP 1,,gram,,,,Produk,100,,
1143,,C95 CREAM RACIK STEP 2,,gram,,,,Produk,100,,
1145,,A55 ANTI BAKTERI,,gram,,,,Obat,100,,
1146,,A69 ANTI RADANG,,mg,,,,Obat,100,,
1148,OF0118,P24 PLASMINEX INJEKSI,,gram,"15030,6",15651,"23656,88",Racikan,9,1,15651
1149,,R09 RELAXON - Eperisone 50 mg,50,mg,806,"805,86","1104,7",,,1,806
1150,OF0189,S39 SANTA E 250 KAPSUL,250,iu,,"2255,17","3194,31",Obat,100,1,
1151,OF0171,S33 SANOXICAL KAPSUL,,mg,4882,7548,"9930,06",Racikan,319,1,5032
1152,OF0188,S36 SANTA E 100 KAPSUL,100,iu,,"1750,1",2294,Obat,100,1,
1153,,G11 GENTAMYCIN SALEP MATA,,gram,,"3835,05",,Racikan,100,,
1154,OF0135,Q01 Q TEN,,gram,11100,11100,14430,Racikan,77,1,11100
1156,,T07 TEBUS VOCER -250000,,pcs,,,,Produk,100,1,
1157,,B15 BELOVA AHA 8% 30 G,,gram,,,,Produk,100,,
1158,OF0494,U08 URIEF  4 mg - Silodosin,,,"7444,4481","7444,45","8933,34",,144,1,"7444,4481"
1159,OF0493,U07 URDAHEX  250 mg - Asam ursodeoxyxholic,250,mg,"13800,63","13800,63","17802,81",,274,1,"13800,63"
1160,,S61 SK LOTION STEP 1,,gram,,37000,137000,Obat,100,1,
1161,,S62 SKIN BARIER LOTION,,mL,,,85000,Produk,100,,
1162,OF0245,A48 AMPICILLIN 500MG,500,mg,580,"796,98","996,23",Obat,162,1,580
1164,,Q03 QV GENTLE WASH 250 G,,gram,"510,38","510,38","663,49",Racikan,100,1,"510,38"
1165,,B51 BELOVA CREAM PUNGGUNG MALAM RACIK,,mL,,57935,290000,Racikan,100,1,
1167,,F12 FAT BURNER SUPLEMEN,,gram,,,,Obat,100,1,
1168,,F13 FAT LOSS SUPLEMEN,,pcs,,,,Obat,100,,
1169,,R16 RF SKIN TIGHTENING,,pcs,0,,,Obat,833,1,0
1170,,M01 MAGNESIUM SULFAS 40% INJ,,mL,,"12513,03","15641,29",Obat,100,,
1171,OF0200,E09 EPISAN SYR 100 mL,100,mL,58104,59885,"77850,5",Obat,12,1,59885
1172,,S15 SALEP RACIK BN 10 G,,gram,,38316,120000,Obat,100,,
1173,,C61 CODEIN 20 MG,20,mg,,,,Obat,100,,
1174,,K23 KAPSUL RACIK**,,mg,,,,Obat,100,,
1175,OF0547,T32 TOPICARE CERAMIDE CR,,gram,"145976,36","145976,36","197068,08",Obat,1080,1,"145976,36"
1176,OF0660,M17 MEDIRESIX 40 MG - Furosemide,40,,2551,"195,08","409,66",,291,1,2551
1178,,K09 KAPSUL ANTI OKSIDAN OMEGA,,mg,,339050,459000,Obat,100,,
1179,,B52 BELOVA CREAM PUNGGUNG STEP 2,,gram,,57935,483000,Racikan,100,,
1180,OF0023,S85 SULFADIAZINE SILVER,,gram,,27417,84229,Obat,100,1,
1181,OF0286,C47 CLANEKSI,,gram,14430,14430,"18614,7",Obat,15,1,14430
1182,OF0498,V11 VELTHROM 10 MG - Thiamazole,10,mg,1665,1665,"2164,5",,163,1,1665
1183,OF0402,L32 LOPAMID,,mg,,"231,77","359,24",Obat,71,1,
1184,,B121 BELOVA RACIK ARMPIT,,mg,,,,Obat,100,,
1185,,S38 SANTA E 250 IU (20 KAPSUL),,iu,,46060,65000,Obat,100,,
1186,,B138 BELOVA SK CREAM,,gram,,,,Racikan,100,,
1189,OF0048,A31 ALOCLAIR PLUS GEL 8 ML,,mL,94350,94350,122655,Racikan,100,1,94350
1190,,T56 TWO WAY CAKE NORMAL RESELLER,,gram,,,,Produk,100,1,
1192,OF0437,P57 PIOGLITAZONE 30 MG D,30,mg,,2886,"4617,6",Racikan,100,1,
1194,,S96 SERUM SKIN BARRIER,,pcs,,15600,85000,Racikan,100,1,
1195,OF0466,S95 SANMETIDIN 200 MG,200,gram,1887,1887,"2434,23",Obat,100,1,1887
1196,,M52 MINOSEP OBAT KUMUR 60 ML,60,mL,,29970,,Obat,100,,
1197,,P56 PERHIDROL 3% 300 ML,,mL,,3482,,Obat,100,,
1198,OF0477,S97 STELAZINE 5 MG,5,mg,552,"1104,45","1435,79",Obat,33,1,552
1199,OF0224,T57 TRACETAT SYR 60 ML,60,mL,141860,141860,200000,Obat,100,1,141860
1201,OF0486,T58 TREMENZA TAB*,,gram,,1776,1806,Obat,100,1,
1202,,L38 LEVOFLOXACIN 750 MG/ 150 ML INF,,mg,13850,138750,,Obat,100,,138750
1203,,P285B PAKET BRIGHTENING,,pcs,,89611,285000,Produk,100,1,
1204,,P285A PAKET ACNE,,pcs,,79563,285000,Produk,100,1,
1205,,P285BA PAKET BRIGHTENING ACNE,,pcs,,111323,285000,Produk,100,1,
1206,,P285BTU PAKET BRIGHTENING TONE UP,,pcs,,86911,285000,Produk,100,1,
1207,OF0173,S98 SICLIDON 100 MG - Doxycycline,100,mg,"6493,5","6493,5","8533,13",,97,1,"6493,5"
1208,OF0193,S99 SALBULIN SPRAY,,mg,88800,88800,115440,Obat,,1,88800
1212,,N29 NEBACETIN OINTMENT,,gram,,25500,31875,Obat,100,1,
1215,,F37 FULADIC CREAM 5 GRAM,,gram,,"57997,5",,Obat,1,1,
1216,,T59 TOPICARE CERAMIDE 15 G,,gram,,19725,25643,Obat,100,1,
1217,,C104 CREAM RACIK COUTER DC,,gram,,,,Obat,100,1,
1218,OF0702,M53 MODEXA,,gram,,330000,432900,Obat,1,1,
1219,OF0408,"M54 MEPTIN MINI 0,025 mg - Procaterol hemylhydrate",,,2999,"2999,3","3899,09",,166,1,2999
1220,OF0035,C100 CEFIXIME 200 MG,200,mg,,"4070,37","5291,48",Racikan,341,1,
1222,OF0293,C101 COLCHICINE 0.5 MG,"0,5",mg,879,2775,"3607,5",,125,1,888
1223,,F38 FORIXTRA 2.5 MG,"2,5",mg,,259376,,Obat,100,,
1224,OS0004,A90 ALBOTHYL 5 ML,,,,"21700,5","30380,7",,100,,
1226,,MINOSEP OBAT KUMUR 0.2% 200 ML,,,61050,61050,"76312,5",,100,1,61050
1228,OF0156,N30 NEUROSANBE PLUS,,mL,"1400,1",1443,"2150,63",Obat,194,1,1443
1229,OF0500,V38 VILDAGLIPTIN 50 MG,50,mg,3746,"3746,94","4871,04",Obat,12,1,3746
1230,OF0336,F39 FLAGYSTATIN OVULA,,mg,21559,"20532,78","32647,12",Obat,1,1,21559
1237,OF0440,P62 PRIMOLUT N - Norethisterone,,mg,6159,"6159,35","9932,5",,2,1,6159
1238,,LITRAMED ANAESTHETIC PEEL,,mg,,"6926,4",,,100,,
1240,OF0196,C112 CETIRIZIN SYR 60 ML,60,mL,,9435,"13286,7",Racikan,3,1,
1241,,K47 KAPSUL DIET,,mg,4225,4225,8510,Obat,100,1,4225
1242,,A92 ANTI IRITASI,,gram,,214,2500,Obat,100,1,
1243,,SM02 MASKER KERING SPARKLING,,pcs,0,,,Produk,10,1,0
1244,,TRANSOFIX,,pcs,0,7882,9853,Obat,100,1,0
1245,OF0416,M65 MONARIN FC 10 MG - Montelukast,10,,8792,8880,11544,,70,1,8880
1246,,K48 KAPSUL RACIK BP. SUHARDI,,mg,,2454,4909,Obat,100,1,
1247,,P59 PAKET POWER ACNE RANGER BASIC,,pcs,45135,45135,203500,Produk,100,1,45135
1250,,K49 KAPSUL ANTI OKSIDAN OMEGA 15,,pcs,,155005,245000,Obat,100,1,
1257,OF0104,M66 MEPROCE 1000 INJ,,mL,27750,27750,"34687,5",Obat,3,1,27750
1258,,THERASKIN PEELING GA 30% 100 ML,,mL,1665,1665,"2164,5",,30,1,0
1260,,A90 ALLOGON,,gram,,1900,,Obat,100,,
1261,,S102 SALEP CACAR AIR G33,,mg,,44900,,Racikan,100,,
1263,,R28 RIFAMPICIN 450 MG,,gram,6827,6827,,Obat,46,1,6827
1264,OF0400,LIXIANA 60 MG - Edoxaban tosylate,60,mg,30374,30525,"39682,5",,76,1,30525
1265,,HANDSCHOON STERIL MAXTER NO.7,,pcs,7000,"7000,77","8750,96",,100,1,7000
1266,OF0339,F40 FLUOXETINE HCL 20MG,20,mg,496,"689,98","862,47",Obat,156,1,496
1267,OF0438,P63 POWEROKSI TAB,,mg,"12701,75",12765,"16594,5",Obat,114,1,12765
1269,OF0067,T62 TRICHODAZOLE INFUS,,mL,105054,"109390,5","143398,13",Obat,6,1,109391
1270,,F41 FLUCONAZOLE INF,,mL,,26250,,Obat,100,,
1271,,BOX GOLD SERUM,,mL,,"4501,05",,,100,,
1272,,STIKER GOLD SERUM,,pcs,"900,21","900,21",,,100,,"900,21"
1274,,B192 BELOVA SOOTHING CREAM RACIK,,gram,"540,6",,,Racikan,100,1,"540,6"
1275,OF0418,M64 MONURIL 3 G*,,,,188811,220280,,1,,
1276,,F42 FLUIMUCIL EFF*,,gram,,145854,,Obat,100,,
1277,,F43 FLUIMUCIL GRANUL 600*,600,mg,,277722,,Obat,100,,
1278,,H33 HERCLOV,500,gram,,"17371,5",,Obat,100,,
1280,,REDNESS ID,,gram,79032,79032,118548,,2,,79032
1281,OF0189,S103 SANTA E 250*,250,mL,,"65989,5","69288,98",Obat,100,1,
1283,OS0106,MESOSTABYL AMPOULES,,pcs,69000,15318,"19913,4",,100,1,69000
1284,OF0,L-CARNITINE AMPOULES 5 ML,,mL,,11544,"15007,2",,100,,
1286,OF0,C110 CYS-EC CREAM,,gram,,200000,350000,Produk,100,1,
1288,OF0275,C113 CEDOCARD 5 MG - isosorbide dinitrate 5 mg,5,mg,1236,"1238,58","1610,15",,266,1,1239
1291,,A93 ALBENDAZOL 400 MG TAB,400,mg,,1200,,Obat,100,,
1296,,LA1 LITRAMED ANASTHETIC PEEL 1/2 TUBE,,gram,,164125,,Obat,100,,
1297,BS0174,FACE NADE,,gram,76590,76590,99567,,100,1,76690
1298,,A99 AKN-ID,,mL,0,95460,,Racikan,1,,0
1299,BS0176,DNA Pept-HA,,mL,120990,120990,157287,,100,1,120990
1300,BS0128,XEROSKIN-ID,,mL,102120,102120,132756,,100,1,102120
1301,BS0248,CYNARA PLUS+,,mL,76590,76590,99567,,100,1,76590
1302,OF0,MCA 35,,mL,,60828,"79076,4",,100,1,
1303,BS0243,SKIN RECOVERY,,mL,,52392,"68109,6",,100,1,
1305,OF0418,MG1 MONURIL GRANULE 3 G - Fosfomycin,,,225655,226440,294372,,100,1,226440
1306,OF0,KR1 KAPSUL RACIK,,gram,,2429,4900,Obat,100,1,
1307,,ER01 ERYTHROMYCIN 500 MG,500,mg,,2000,,Obat,100,,
1308,,BQ01 BAQUINOR 200 MG INFUS,,mg,,329570,,Obat,100,,
1309,OF0175,SP01 SPORETIK 200 MG - Cefixime,200,mg,34965,34965,"45454,5",,148,1,34965
1311,OF0390,LAMESON 16 MG TAB,16,mg,"10822,5","10822,5","13852,8",,4,1,"10822,5"
1313,,P70 PROVE-C 1000,,mg,,33300,,Obat,100,,
1314,OF0296,CR01 CORALAN 5 MG,5,mg,12013,12013,13775,Obat,16,1,12013
1315,OF0020,P65 PERMETHRIN KRIM 5%,,mg,,19980,24975,Racikan,5,1,
1317,,KSN1 KAPSUL SESAK NEW,,mg,1995,1995,5800,Obat,100,1,1995
1318,,IMMORTAL ESSENTIAL INTENSE PINK LIP,,pcs,"50149,8","50149,8",,,5,,"50149,8"
1319,,CR02 CREAM RACIK,,gram,,,95000,Racikan,100,1,
1320,OF0139,VE01 VELACOM PLUS 2/500,,gram,,"3807,3","4949,49",Obat,30,1,
1322,OF0079,CVN01 CERNEVIT*,,mg,,333000,349650,,2,,
1324,,NORIT,,mg,,350,,Obat,100,,
1328,,IM01 IMITATIN INJ,,mg,,310000,,Obat,100,,
1332,OF0485,A105 ASAM TRANEXAMAT 500 MG TAB,500,mL,"1750,0482",1998,"2597,4",Obat,98,1,1998
1333,,CAP2 F1 CAP,,mg,,64079,185000,Obat,100,1,
1334,,CAP3 M CAP,,mg,,,10700,Obat,100,1,
1335,,CAP1 DO CAP,,mg,,,128000,Obat,100,1,
1338,BA0003,SF01 SURFLO/ABOCATH 22,,pcs,"12000,21","12000,21",39960,Obat,15,1,"12000,21"
1342,BA0165,NF01 NOVOFINE 32G 4MM,,pcs,"2758,35","2758,35","3447,94",Obat,75,1,2758
1343,,TRIACILON KRIM 10 G,,pcs,,,,,100,,
1344,,BL01 BALANS,,gram,,435000,465000,Produk,42,1,
1351,,SRB1 SALEP RACIK BI,,gram,,137616,276000,Racikan,100,1,
1355,,IMUNPED SYRUP,,gram,,"53335,5",,,100,,
1357,OF0357,GX01 GLYXAMBI 10+5 MG*,,mg,39359,"34933,08","38513,71",Obat,60,1,39654
1358,OF0273,CARVILOL 6.25 MG - Carvedilol,"6,25",mg,2331,"1804,86","2797,53",,30,1,2331
1359,,P67 POT KACA 15 G FROSTED SILVER,,pcs,,"5272,5","6854,25",Racikan,100,1,
1360,,BOTOL KACA 20 ML BAHU DATAR,,pcs,,"4608,87","6085,13",,100,1,
1361,,LITRAMED ANAESTHETIC PEEL OF TUBE/25 G,,pcs,,"185930,5",,,100,,
1362,,EYE CONTOUR,,gram,,"71428,5",,,100,,
1363,,MAXSLIM KAPSUL,,gram,,,,,100,,
1365,,P68 PROTASON KRIM 10 G,,gram,,73815,,Racikan,2,1,
1366,OF0418,MG2 MONURIL GRANULE 3 G*,,,,188811,220280,,100,,
1376,,ORNISPAR SACHET,,mg,,"27472,5",,Obat,4,1,
1377,,A200 KAPSUL ANTI BIOTIK,,gram,,7947,9000,Obat,100,1,
1378,,"KC01 KCL 7,46%",,mg,,"4736,37",,Obat,100,,
1380,,B195 BALANS,,,"25714,2857",435000,435000,,1000,1,"25714,2857"
1381,OF0158,NR01 NITROKAF RETARD FORTE,,mg,,2530,"4054,05",,100,,
1382,,,,,,,,,100,,
1384,,TR02 TRAMADOL 100 MG INJ,,mL,,"5410,14",,Obat,100,,
1385,OF0180,XENICAL 120MG,120,mg,13927,"12659,76","18356,65",,83,1,14066
1387,,DOPAMIN 200 MG INJ,,inj,97680,97680,126984,,100,,97680
1388,,A100 AMINOPHYLLIN 240 MG INJ,,mL,"14545,44","14545,44","18909,07",Obat,100,,0
1392,,P69 PROTOFEN SUPP,,mg,,"3543,12","4606,06",Racikan,100,,
1394,,000293 SALEP RACIK IN BN,,mg,,,,Obat,100,,
1395,OF0,KAPSUL DIET NEW,,mg,1460,1460,3650,,1000,1,1460
1396,OF0,000436 SALEP RACIK,,mg,,,150000,,1000,1,
1398,,STESOLID RECTAL 10 MG,,mg,,"56693,25","73701,23",,100,,
1402,,VALISANBE 10 MG INJ,,mL,21160,"25599,93","31999,91",Obat,100,,22034
1403,,DUMIN RT 125 MG,125,mg,"24353,4","24353,4","30441,75",,4,,"24353,4"
1404,,VIT K 10 MG INJ,10,mL,,"8624,7","10780,87",,100,,
1405,,VITADION 2 MG INJ,2,mL,"16500,15","16500,15","23100,21",,1,,"16500,15"
1406,,EPINEFPHRINE 1 MG INJ,,mL,"13125,75","13125,75","16407,19",,2,,"13125,75"
1409,,KITODERM ACNE PEEL 100G,,gram,,"1999,11","2598,84",,100,,
1410,,MEIACT,,gram,,"28998,75","37698,38",Obat,100,,
1411,OF0501,V44 VILDI TAB 50MG - Vildagliptin,50,mg,5328,5328,"6926,4",,25,1,5328
1412,OF0,S111 SALEP RACIK IN GM 2911,,mg,,,200000,Racikan,100,1,
1415,OF0,KAPSUL ANTI OXIDAN 1,,gram,,,692000,Obat,100,1,
1416,OF0019,MUPIROCIN 2% 5 GRAM CREAM,,gram,"19328,75",19425,"25252,5",,98,1,19425
1417,OF0535,MEDIKLIN,,gram,27950,"25097,92",34900,,7,1,27950
1419,OF0219,R31 RYVEL SYRUP,,mL,71864,72150,93795,Racikan,1,1,72150
1420,OF0,BOTOL KAPSUL,,gram,3500,3500,5000,Obat,100,1,3500
1423,OF0,WINTUELL,,pcs,,15000,15000,Obat,100,1,
1427,OF0,S108 SALEP RACIK BN4,,pcs,,38316,120000,Obat,100,1,
1428,OF0375,JARDIANCE 10 MG FCT,10,mg,"22351,64","22351,64","29057,13",Obat,100,1,"22351,64"
1429,OF0376,JARDIANCE 25 MG FCT,25,mg,"25705,96","25705,96","33417,75",Obat,600,1,"25705,9"
1430,,DERMAFIX,,pcs,,10000,13000,Obat,100,,
1431,OF0,BOTOL OBAT,,pcs,3000,3000,3900,Obat,100,1,3000
1433,OF0145,IKALEP 250MG,250,mg,"5028,3","5028,3","6788,21",,30,1,"5028,3"
1437,OF0362,"HALOPERIDOL 0,5 MG","0,5",mg,"236,43","236,43",305,Obat,273,1,"236,43"
1440,,PT1 POT 10GR,,pcs,,,2500,Produk,100,1,
1444,,MEROPENEM INJ,,gram,47813,47813,143190,Obat,100,,47813
1445,,A97 ACNE PACKAGE 3PCS,,pcs,,,,Obat,100,1,
1446,,A104 ASTHAXATINE,,mg,4882,,11200,Obat,100,1,5032
1448,OF0393,LASMALIN 2.5 MG,"2,5",mg,"1623,38","1623,38","2110,39",,100,1,"1623,38"
1449,,MESSAGE CREAM 250GR,,gram,"52347,6","52347,6","70669,26",,100,1,"52347,6"
1450,,MEMBER BLACK CARD,,gram,0,,100000,Produk,100,1,0
1451,,SPIOLTO RESPIMAT 2.5MCG,,pcs,,590565,965000,Obat,100,,
1452,OF0503,VITAZYM PLUS,,mcg,833,"832,5","1065,6",Obat,2,1,833
1455,OF0170,S114 SANCOSTEIN 300 mg KAP - Erdostein,,mg,4793,"4939,5","6518,48",,519,1,4940
1456,,P66 PLANTACID FORTE 100CC,,mL,,29970,"40459,5",Racikan,100,,
1457,,CR. MALAM 453 - 03,,gram,,100000,100000,Racikan,100,,
1468,,S115 SERUM 2267,,mL,,,125000,Racikan,100,,
1473,,C-05-E,,gram,0,,100000,Produk,100,1,0
1474,,RC6 C-02-B,,gram,0,,120000,Produk,100,1,0
1475,,RC15 C-04-C,,gram,0,,,Racikan,100,1,0
1476,,RC1 C-01-A,,gram,0,,,Racikan,100,1,0
1477,,RC2 C-01-B,,gram,0,,,Racikan,100,1,0
1478,,RC9 C-03-C,,gram,0,,,Produk,100,1,0
1479,,RC14 C-04-B,,gram,0,,,Racikan,100,1,0
1480,,RC3 C-01-C,,gram,0,,,Racikan,100,1,0
1481,,RC5 C-02-A,14,g,0,,100000,,100,1,0
1482,,RC7 C-03-A,,gram,0,,120000,Racikan,13,1,0
1483,,RC8 C-03-B,,gram,0,,,Racikan,100,1,0
1484,,RC10 C-03-D,,gram,0,,,Racikan,100,1,0
1485,,RC11 C-03-E,,gram,0,,,Racikan,100,1,0
1486,,RC12 C-03-F,,gram,0,,,Racikan,100,1,0
1487,,RC13 C-04-AC,,,,,155000,,100,1,
1488,,RC16 C-04-E,,gram,0,,,Racikan,100,1,0
1489,,RC17 S-03-A,,gram,0,,,Produk,100,1,0
1490,,RC18 S-03-B,,gram,0,,,Racikan,100,1,0
1491,,RC19 S-04-A,,gram,0,,,Racikan,100,1,0
1492,,RC20 S-04-B,,botol,0,,,Racikan,28,1,0
1493,,RC4 C-01-D,,gram,0,,,Racikan,100,1,0
1494,OF0218,RG-CHOLINE SYR,,mL,0,,211922,Obat,100,,0
1495,,VOUCHER MEMBER GET MEMBER,,pcs,0,,,Produk,100,1,0
1496,,003098 SALEP RACIK IN GN,,pcs,,,255000,Racikan,100,1,
1497,,B179 SCOPMA PLUS,,mg,,"1050,15","1449,21",Obat,4,1,
1498,,C-04-F,,mg,0,,125000,Racikan,100,1,0
1499,,TRELEGY INHALATION,,gram,,"1119654,8","1511533,98",Obat,100,,
1502,,EZ1 EZEFER 10MG,,gram,,9768,14652,Obat,60,,
1503,,C-04-F,,mg,0,,,Racikan,100,1,0
1504,,C-04-H,,gram,0,,,Racikan,100,1,0
1505,,C-01-E,,gram,0,,,Obat,100,1,0
1506,,C-01-R,,gram,0,,,Produk,100,1,0
1507,,S-04-C,,gram,0,,,Racikan,100,1,0
1508,,AO SOD 1,,gram,,,,Obat,100,1,
1509,,AO SOD 2,,mg,,,,Obat,100,1,
1510,,RCS SUPLEMENT FUNGAL ACNE,,mg,,,"178388,6",Obat,100,1,
1511,,C-01-F CREAM FUNGAL,,gram,0,,95000,Racikan,100,1,0
1513,OF0,TENSOCREPE,,pcs,0,150000,150000,Obat,100,1,0
1514,OF0,C-01-F,,gram,0,,,Racikan,100,1,0
1515,OF0,C-01-G,,gram,0,,,Racikan,100,1,0
1516,OF0,C-03-G,,gram,0,,,Racikan,100,1,0
1517,OF0,C-03-H,,gram,0,,,Racikan,100,1,0
1518,OF0,F-01-A,,gram,,,,Racikan,100,1,
1519,,T-01-A,,gram,,,,Obat,100,,
1520,OF0246,ANALSIK TAB,,mg,1887,"1942,5","2525,25",Obat,156,1,1887
1524,,NEFROFER 100MG INJ,,mL,44400,44400,45821,Obat,100,,44400
1525,OF0,C-03-I,,gram,0,,,Produk,100,1,0
1526,OF0,C-04-I,,gram,0,,,Racikan,100,1,0
1527,OF0,C-01-H,,gram,0,,,Racikan,100,1,0
1528,OF0,C-01-I,,gram,0,,,Racikan,100,1,0
1529,OF0,C-04-J,,gram,0,,,Racikan,100,1,0
1530,OF0,C-01-J,,gram,0,,,Racikan,100,1,0
1531,OF0,000026 SALEP RACIK,,gram,,,,Racikan,100,1,
1532,OF0,C-03-J,,gram,0,,,Racikan,100,1,0
1533,OF0,CR012 CREAM 3046,,gram,,,,Racikan,100,1,
1534,OF0,KAPSUL ANTIBIOTIK,,gram,,,800,Obat,100,1,
1535,OF0,A01 ANTI RADANG,,mg,,,2500,Obat,100,1,
1536,OF0,SOD 5PCS,,mg,,,35000,Obat,100,1,
1537,OF0,C-01-K,,gram,0,,155000,Racikan,100,1,0
1538,OF0,A201 ACNE VIT,,gram,,,,Obat,100,1,
1539,OF0,KAPSUL RACIK ACNE,,gram,,,,Obat,100,1,
1540,OF0,SALEP JAMUR,,gram,,38259,50000,Racikan,100,1,
1541,OF0,C-04-K,,gram,0,,,Racikan,100,1,0
1542,OF0084,DIVITI PFS 2.5 MG/0.5 ML,,gram,,294705,"421428,15",Obat,2,1,
1543,OF0,C-01-L,,gram,0,,,Racikan,100,1,0
1544,OF0,SALEP GATAL RACIK,,gram,,,280000,Obat,100,1,
1545,OF0522,TWO WAY CAKE BEIGE,,gram,43512,43512,95000,Produk,100,1,43512
1546,,INVICLOT INJ,,gram,,86996,100000,Obat,100,,
1547,OF0,C-04-L,,gram,0,,,Racikan,100,1,0
1548,,P71 PROXIME,,gram,1443,1443,"1861,47",Obat,35,1,0
1549,OF0,AO SOD 3,,mg,,300000,450000,Racikan,100,1,
1550,OF0,C-04-M,,gram,0,,,Racikan,100,1,0
1551,OF0,C151 SALEP ANTIBIOTIK,,gram,,,,Obat,100,1,
1552,OF0,AO SOD 4,,mg,,,,Obat,100,1,
1553,OF0,C-03-M,,gram,0,,,Racikan,100,1,0
1556,OF0,LEVOFLOXACIN 500 MG INJEKSI,,mg,128871,128871,"167532,3",Obat,2,1,128871
1557,OF0,C-03-K,,gram,0,,,Racikan,100,1,0
1558,OF0,C-04-N,,,0,,155000,,100,1,0
1559,OF0035,CEFIXIME 200 MG,,gram,4070,"4070,37","5291,48",Obat,100,1,4070
1560,OF0001,C48 CLINDAMYCIN 300MG,,mg,,"2018,18","2623,63",Obat,100,1,
1561,,U04 ULSIDEX,,mg,,"1498,5","1948,05",Obat,100,,
1562,OF0,C-03-N,,mg,0,,,Racikan,100,1,0
1563,OF0,SRB4 SUPLEMEN DIET 1 MINGGU,,gram,,,420000,Racikan,100,1,
1565,OF0,C-03-O,,gram,0,,,Racikan,100,1,0
1566,OF0,C-04-O,,gram,0,,,Racikan,100,1,0
1567,OF0423,N31 NEXURIN - Phenazopyridine,,,7616,4440,7104,,58,1,7770
1568,OF0,AO SOD 4*,,mg,,,,Obat,100,1,
1569,OF0081,C114 CINAM INJ,,mg,168055,174992,"227489,6",Obat,22,1,174992
1570,OF0,C-04-P,,gram,0,,,Racikan,100,1,0
1571,OF0720,SPARKLING,,pcs,,,125000,Racikan,36,1,
1572,,MTW (30),,gram,,,,Obat,100,,
1573,OF0310,D45 DIVALPROEX SODIUM 250 MG,,mg,"1198,8","1198,8","3596,4",Obat,63,1,"1198,8"
1574,OF0,C-04-Q,,gram,0,,,Racikan,100,1,0
1575,OF0,C-03-P,,gram,0,,,Racikan,100,1,0
1576,OF0,1002 SALEP RACIK,,gram,,,,Obat,100,1,
1577,,ANVOMER TAB,,mg,4010,4010,5013,Obat,5,,4010
1579,OF0,KAPSUL SOD,,gram,,,,Racikan,100,1,
1580,OF0,C-03-Q,,gram,0,,,Racikan,100,1,0
1581,OF0133,AZOMAX - azithromicyn 500 mg,,,32970,33300,43290,,16,1,33300
1582,OF0,C-04-R,,gram,0,,,Racikan,100,1,0
1583,OF0,TAB ANTI RADANG,,gram,,,5644,Obat,100,1,
1584,OF0,C-04-S,,gram,0,,,Racikan,100,1,0
1586,OF0,MS01 MASKER SPARKLING,,gram,0,,40000,Produk,100,1,0
1587,OF0,C-01-O,,gram,0,,,Racikan,100,1,0
1588,OF0,C-03-S,,gram,0,,,Racikan,100,1,0
1589,OF0,AR03 KAP TRX (30),,gram,,,55000,Obat,100,1,
1590,OF0,C-03-R,,gram,0,,,Racikan,100,1,0
1591,OF0076,CEFTIZOXIME 1 GR INJEKSI,,gram,177600,177600,213120,,18,1,177600
1592,OF0017,L47 LANAKELOID CREAM 10GR,,gram,172050,172050,"221944,5",Obat,1,1,172050
1593,OF0,C-04-T,,gram,0,,,Racikan,100,1,0
1594,OF0152,L46 LIPROQY,,mg,8993,"9268,5","14735,25",Obat,677,1,9269
1595,OF0,S-01-A,,gram,0,,,Racikan,100,1,0
1596,OF0,Q TEN-ANTIOKSIDAN,,mg,0,,200000,Racikan,100,1,0
1597,,Q TEN-ANTIOKSIDAN*,,mg,,,350000,Racikan,100,,
1598,OF0,OXYGEN,,pcs,,,50000,Bhp,100,1,
1599,OF0,C-01-P,,gram,0,,,Racikan,100,1,0
1600,OF0,SALEP KELOID,,gram,,,120000,Obat,100,1,
1601,OF0,SUPLEMENT ACNE(30KAP),,gram,,,,Obat,100,1,
1602,OF0,C-04-U,,gram,0,,,Racikan,100,1,0
1603,OF0,C-04-V,,gram,0,,,Racikan,100,1,0
1604,OF0,C-03-T,,gram,0,,,Racikan,100,1,0
1605,OF0,SALEP RACIK**,,gram,,,,Obat,100,1,
1606,OF0,SALEP RACIK***,,gram,,,,Obat,100,1,
1607,OF0,C-04-W,,gram,0,,,Racikan,100,1,0
1608,OF0,Q120,,gram,0,,,Obat,100,1,0
1609,OF0,S-03-C,,,0,,125000,,23,1,0
1610,OF0,C-03-U,,gram,0,,,Racikan,100,1,0
1611,OF0,Q TEN ANTIOKSIDAN 1,,gram,0,,120000,Racikan,100,1,0
1612,OF0,C-03-V,,gram,0,,,Racikan,100,1,0
1613,OF0,AO SOD 4**,,gram,,,,Obat,100,1,
1614,OF0062,L48 LEVOCIN INFUS,,gram,338135,352092,"457719,6",Obat,2,1,352092
1615,,ULTRAPROCT N CREAM,,gram,,150082,187603,Obat,100,,
1616,OF0,C-02- B 30GR,,gram,0,,,Obat,100,1,0
1617,OF0,Q 200 (30),,gram,0,,200000,Obat,100,1,0
1618,OF0,C-04-X,,gram,0,,,Racikan,100,1,0
1619,OF0,SR-03-A,,gram,,,,Racikan,100,1,
1620,OF0,C152 CREAM ANTI IRITASI PAGI,,gram,0,,95000,Racikan,100,1,0
1621,OF0,C153 CREAM ANTI IRITASI MALAM,,gram,0,,95000,Racikan,100,1,0
1622,,"ALGANAX 0.5 MG - Alprazolam 0,5 mg","0,5",,,7770,"10489,5",,59,1,
1623,OF0700,FLEET ENEMA,,mg,111000,111000,144300,Obat,3,1,111000
1624,OF0052,FAKTU SUPP,,mL,12500,12500,13000,Obat,100,1,12500
1625,OF0,C-03-X,,gram,0,,,Racikan,100,1,0
1626,OF0,C-03-L,,gram,0,,,Racikan,100,1,0
1627,OF0171,SANOXICAL KAPSUL*,,gram,,"7381,5","7750,58",Obat,100,1,
1629,OF0,C-01-U,,gram,0,,,Racikan,100,1,0
1630,OF0,C-03-Y,,gram,0,,,Racikan,100,1,0
1631,OF0,L-01-A,,gram,,,,Produk,100,1,
1632,OF0,L-01-B,,gram,,,,Produk,100,1,
1633,,Acetylsistein 200 Mg Inhealth,200,gram,,,,Obat,100,,
1634,,Adalat Oros Inhealth,30,mg,,,,Obat,100,,
1635,,Allopurinol 100 Inhealth,100,mg,,,,Obat,100,,
1636,,Allopurinol 300 Inhealth,300,mg,,,,Obat,100,,
1637,OF0,AmLodipin 10 Inhealth,10,mg,666,666,"799,2",Obat,100,1,0
1638,OF0572,AmLodipin 5 Inhealth,5,mg,"238,5","238,65","286,38",Obat,76,1,0
1639,,Amoxicicillin 500 Inhealth,500,mg,,,,Obat,100,,
1640,,Aspilet Inhealth,,mg,,,,Obat,100,,
1641,OF0573,Atorvastatin 10 Inhealth,10,mg,1887,1887,"2264,4",Obat,19,1,0
1642,OF0574,Atorvastatin 20 Inhealth,20,mg,"2924,85","2924,85","3509,82",Obat,70,1,0
1643,,Avodart Inhealth,"0,5",mg,,,,Obat,100,,
1644,,Azomax Sirup Inhealth,,mL,80919,,,Obat,1,1,0
1645,OF0256,Azithromycin 500 MG Inhealth,500,mg,"4351,2","4351,2","5221,44",Obat,100,1,0
1646,,Betason- N Inhealth,,gram,,,,Obat,100,,
1647,,Bisoprolol 5Mg Inhealth,5,mg,,,,Obat,100,,
1648,,Braxidin Inhealth,,mg,,,,Obat,100,,
1649,OF0576,Briclot Inhealth,90,mg,10212,10212,"12254,4",Obat,100,1,0
1650,OF0577,Canderin 16 Mg Inhealth,16,mg,"7381,5","7381,5","8857,8",Obat,220,1,"7381,5"
1651,OF0267,Canderin 8 Inhealth,8,mg,"5411,25","5411,25","6493,5",Obat,55,1,"5411,25"
1652,,Cedocard 5 Mg Inhealth,5,mg,"1003,44",,,Obat,100,,"1003,44"
1653,OF0579,Cefixime 100Mg Inhealth,100,mg,"1098,9","1098,9","1118,9",Obat,109,1,1099
1654,OF0580,Cefixime 200Mg Inhealth,200,mg,"2519,7","2238,87",,Obat,50,1,2520
1655,,Ceftriaxone Inj 1 G Inhealth,,gram,,,,Obat,100,,
1656,,Cendo Cenfresh Tm Inhealth,,mL,,,,Obat,100,,
1657,,Cendo Lyteers Tm Inhealth,,mL,,,,Obat,100,,
1658,,Cepezet 100 Mg Inhealth,100,mg,,,,Obat,100,,
1659,,Cinam Inj Inhealth,,gram,,,,Obat,100,,
1660,OF0582,Ciprofloxacin 500Mg Inhealth,500,gram,"482,85","512,82",,Obat,56,1,"482,85"
1661,,Claneksi Inhealth,,mg,,,,Obat,100,,
1662,,Clonidine Inhealth,"0,15",mg,,,,Obat,100,,
1663,,Codein Phosphate 20 Mg Inhealth,20,mg,,,,Obat,100,,
1664,,Combivent Inhealth,,mg,,,,Obat,100,,
1665,OF0583,"Concor 1,25 Mg Inhealth","1,25",mL,"2446,44","2446,44",,Obat,100,1,"2446,44"
1666,,Coralan Inhealth,,mg,"10650,45",,,Obat,56,,"10650,45"
1667,OF0636,Diclofenac Potassium Inhealth,,mg,"176,49","401,82",,Obat,200,1,"176,49"
1668,,"Diviti Pfs 2,5Mg/0,5Ml Inhealth",,mg,,,,Obat,100,,
1669,,Domperidon Inhealth,,mL,,,,Obat,100,,
1670,,Euthyrox 100 Inhealth,100,mg,,,,Obat,100,,
1671,OF0592,Ezefer 10Mg Inhealth,10,mg,,"8624,7","10349,64",Obat,100,1,
1672,OF0593,Fenofibrate 100 Inhealth,100,mg,"1520,7","1520,7","1824,84",Obat,30,1,"1520,7"
1673,OF0594,Fenofibrate 300 Inhealth,300,mg,"2131,2","2131,2","2557,44",Obat,30,1,"2131,2"
1674,,Fluimucil Injeksi Inhealth,,mg,,,,Obat,100,,
1675,OF0,Fluimucil Sirup Inhealth,,mL,"51781,5","51781,5","62137,8",Obat,100,,"51781,5"
1676,,Force-D 1000 IU Inhealth,,iu,,,,Obat,100,,
1677,,Forxiga 10 Mg Inhealth,10,mg,"15654,33",,,Obat,100,,"15654,33"
1678,,Glimepirid 1 Mg Inhealth,1,mg,,,,Obat,168,,
1679,,Glimepirid 2Mg Inhealth,2,mg,,,,Obat,159,,
1680,,Glimepirid 3Mg Inhealth,3,mg,,,,Obat,469,,
1681,,Glimepirid 4Mg Inhealth,4,mg,,,,Obat,402,,
1682,,Gliquidon Inhealth,30,mg,,,,Obat,100,,
1683,,Glucodex 80 Inhealth,80,mg,,,,Obat,100,,
1684,,Glucophage Xr 1000 Inhealth,,mg,,,,Obat,100,,
1685,,Glucophage Xr 500 Inhealth,,mg,,,,Obat,100,,
1686,,Glucophage Xr 750 Inhealth,,mg,,,,Obat,100,,
1687,,Glumin Xr 750 Inhealth,,mg,,,,Obat,100,,
1688,,Paracetamol 500 Mg Inhealth,500,mg,,,,Obat,100,,
1689,,Hexymer 2 Mg Inhealth,2,mg,,,,Obat,100,,
1690,,Hyoscine Injeksi Inhealth,,mL,,,,Obat,100,,
1691,,Hytroz 2 Inhealth,2,mg,,,,Obat,100,,
1692,,Ikalep Kaps 250Mg Inhealth,250,mg,,,,Obat,100,,
1693,,Inerson 15 gram Inhealth,,gram,,,,Obat,100,,
1694,,Iron Sucrose Inj Inhealth,,gram,,,,Obat,100,,
1695,,"Jardiance Duo 12,5/1000 Mg Inhealth",,mg,,,,Obat,100,,
1696,,Kalnex Inhealth,,mg,,,,Obat,100,,
1697,,Kendaron Inhealth,,mg,,,,Obat,100,,
1698,,Ketoconazole 2% 10 gram Inhealth,,gram,,,,Obat,100,,
1699,OF0,Ketoconazole 200 Inhealth,200,mg,,"455,1","546,12",,100,,
1700,,Ketoprofen 100 mg Inhealth,100,mg,,,,Obat,100,,
1701,,Ketorolac Injeksi Inhealth,,mL,,,,Obat,100,,
1702,,Kompolax Emulsi Inhealth,600,mL,,,,Obat,100,,
1703,,Ksr Inhealth,,mg,,,,Obat,100,,
1704,OF0,Lacidofil Cap Inhealth,,mg,"5177,04","5177,04",,Obat,100,1,0
1705,,Lansoprazole Inhealth,30,mg,,,,Obat,100,,
1706,,Leparson Inhealth,,mg,,,,Obat,100,,
1707,,Levofloxacin Inhealth,,mg,,,,Obat,100,,
1708,,Lidocain Inj Inhealth,,mL,,,,Obat,100,,
1709,OF0654,Lixiana 60 Mg Inhealth,60,mg,"26911,95","26911,95","32294,34",Obat,110,1,"26911,95"
1710,,Meloxicam 15 Mg Inhealth,15,mg,"410,7",,,Obat,100,,0
1711,,"Meloxicam 7,5 Mg Inhealth","7,5",mg,"308,58",,,Obat,100,,0
1712,OF0635,Metformin 500 Mg Inhealth,500,mg,"248,64","248,64",,Obat,140,1,"248,64"
1713,,Metoclopramid Injeksi Inhealth,,mL,,,,Obat,100,,
1714,,Monarin Fc 10Mg Inhealth,10,mL,,,,Obat,100,,
1715,,Monuril Inhealth,,mg,,,,Obat,100,,
1716,,Mst 10 Mg Inhealth,10,mg,,,,Obat,100,,
1717,,Mupirocin Zalf 2% 10 gram Inhealth,,gram,,,,Obat,100,,
1718,,Mupirocin Zalf 2% 5 gram Inhealth,,gram,,,,Obat,100,,
1719,,Nexurin Inhealth,,mg,,,,Obat,100,,
1720,OF0607,Nevodio Inhealth,,mg,"4928,4","4928,4","5914,08",Obat,60,1,"4928,4"
1721,,Omeprazole Inhealth,,mg,,,,Obat,100,,
1722,,Ondansentron 4 Mg Injeksi Inhealth,,mL,,,,Obat,100,,
1723,,Ondansentron 8 Mg Injeksi Inhealth,,mL,,,,Obat,100,,
1724,,Phenytoin 100 Mg Inhealth,100,mL,,,,Obat,100,,
1725,,"Pulmicort 0,25/2mL Inhealth",,mg,"22117,638",,,Obat,100,,"22117,638"
1726,,Ramipril 10 Inhealth,10,mg,,,,Obat,700,,
1727,,Ranitidine Inhealth,150,mg,,,,Obat,100,,
1728,,Reinpid Inhealth,"0,5",mg,,,,Obat,100,,
1729,,Relaxon Inhealth,,mg,,,,Obat,100,,
1730,,Repimide Inhealth,100,mg,,,,Obat,100,,
1731,OF0613,Respira Inhealth,,mg,22311,22311,"26773,2",Obat,47,1,22311
1732,OF0614,Rhinofed Inhealth,,mg,"2051,28","2051,28",,Obat,166,1,"2051,28"
1733,OF0615,Rhinos Sr Inhealth,,mg,"6455,76","6455,76",,Obat,108,1,"6455,76"
1734,,Rifampicin 450 Inhealth,450,mg,,,,Obat,100,,
1735,,Sandepril 50 Mg Inhealth,50,mg,,,,Obat,100,,
1736,,Thyrozol 10 Mg Inhealth,10,mg,,,,Obat,100,,
1737,OF0621,"Trajenta Duo 2,5/500 Inhealth",,mg,,"11051,16",,Obat,100,1,
1738,OF0648,Tramadol 50 Mg Inhealth,50,mg,"536,13","536,13",,Obat,70,1,"536,13"
1739,,Tranexamid Acid Injeksi Inhealth,,mL,,,,Obat,100,,
1740,,Tremenza Inhealth,,mg,,,,Obat,100,,
1741,OF0622,Triamcinolone 4 Mg Inhealth,4,mg,"643,8","643,8","772,56",Obat,390,1,"643,8"
1742,,Ulsidex Inhealth,500,mg,,,,Obat,100,,
1743,OF0624,Urdahex Inhealth,250,mg,5994,5994,"7192,8",Obat,100,1,5994
1744,,Urief Inhealth,4,mg,,,,Obat,100,,
1745,,Urinter Inhealth,,mg,,,,Obat,100,,
1746,,Valisanbe 5 Mg Inhealth,5,mg,,,,Obat,100,,
1747,OF0625,VECTRIN KAP - ERDOSTEIN 300 MG - INHEALTH,300,mg,"4606,5","4606,5","5527,8",Obat,100,1,"4606,5"
1748,,Velthrom 5 Mg Inhealth,5,mg,,,,Obat,100,,
1749,OF0630,Vildi Inhealth,50,mg,4218,4218,"5061,6",Obat,120,1,4218
1750,OF0633,Vomizole 20 Mg Inhealth,20,mg,10545,10545,12654,Obat,36,1,10545
1751,OF0,Zegavit Inhealth,,mg,"4717,5","4717,5","6132,75",Obat,196,1,"4717,5"
1752,OF0627,Ventolin Inhaler CFC Free Glax InHealth,,mg,131535,131535,157842,Obat,1,1,131535
1753,OF0588,Deculin 15 mg InHealth,15,mL,"5036,07","5036,07",,Obat,100,1,"5036,07"
1754,OF0586,Coxiron 60 mg Inhealth,60,mg,"4828,5","4828,5","5794,2",Obat,60,1,"4828,5"
1755,OF0735,Coxiron 90 mg Inhealth,90,mg,"6060,6","6060,6","7272,72",Obat,68,1,"6060,6"
1756,OF0585,Coxiron 120 mg Inhealth,120,mg,8103,8103,"9723,6",Obat,112,1,8103
1757,OF0591,Esoferr 40 mg Inhealth,40,mg,"11101,11","11101,11",,Obat,205,1,"11101,11"
1758,OF0598,Lipitor 20 mg Inhealth,20,mg,"6182,7","6182,7","7419,24",Obat,181,1,"6182,7"
1759,OF0599,Lipitor 40 mg Inhealth,40,mg,"6415,8","6415,8","7698,96",Obat,110,1,"6415,8"
1760,OF0602,Maltofer Chew Inhealth,,mg,"2941,5","2941,5","3529,8",Obat,45,1,"2941,5"
1761,OF0611,Provelyn 75 mg Inhealth,75,mg,"8017,53","8017,53",,Obat,36,1,"8017,53"
1762,OF0609,Pariet 20 mg Inhealth,20,mg,15318,15318,"18381,6",Obat,100,1,15318
1763,OF0,Pariet 10 mg Inhealth,10,mg,,,,Obat,100,1,
1764,OF0620,Telsat 80/5 mg Inhealth,,mg,,"6481,29",,Obat,90,1,
1765,OF0592,Ezefer 10 mg Inhealth,10,mg,86247,86247,"103496,4",Obat,90,1,86247
1766,OF0,"Harnal Ocas 0,4 mcg","0,4",mg,,4163,17500,Obat,100,1,
1767,OF0,Cetirizin 10 mg,10,mg,,"316,35","537,8",Obat,100,1,
1768,,Eperisone 50 mg,50,mg,,,,Obat,100,,
1769,OF0599,Festaric 80 mg INHEALTH - FEBUXOSTAT 80 MG,80,mg,3885,3885,4662,Obat,60,1,3885
1770,OF0696,Modexa 140 Nassal Spray,,mg,329700,330000,432900,Obat,100,1,333000
1771,,Mertigo SR,,mg,"7186,42",,,Obat,100,,7437
1772,OF0148,Lacidofil,,mg,,7215,"9379,5",Obat,100,1,
1773,OF0672,Tradosik 50 mg,50,mg,4884,"24586,5","31962,45",Obat,359,1,4884
1774,OF0656,Eprinoc 50 mg - Eperisone Hcl,50,mg,4107,4218,5550,,1847,1,4107
1775,OF0661,Megabal 500 mg - Mecobalamin,500,mg,1992,"2053,5","2705,63",,931,1,2054
1776,OF0688,Epexol 30 mg,30,mg,999,"699,3","1022,73",Obat,100,1,999
1777,OF0690,Levocin 500 mg,500,mg,,37800,49140,Obat,2,1,
1778,OF0673,Topcort Cream,,gram,26862,26862,38961,Obat,10,1,26862
1779,OF0,FLAMAR CREAM 20 gram - Diclofenac Diethylamine (emulgel),,,,"13714,05",22800,,7,1,
1780,OF0666,Pregabalin 50 mg,50,mg,4693,"3964,29","5353,57",Obat,100,1,4693
1781,,Vestein Syr Kering 175mg/5mL,,mL,,,,Obat,100,,
1782,OF0626,Vectrin Syr Kering 175mg/5mL- INHEALTH,,mL,46065,46065,55278,Obat,1,1,46065
1783,,Sanmol Syr Inheath,,mL,,,,Obat,100,,
1784,,Interdoxin InHealth - Doxycyclin 100 mg,100,mg,,,,Obat,100,,
1785,OF0618,SPASMAL INHEALTH,,mg,"2123,43","2123,43",,Obat,70,1,"2123,43"
1786,OF0647,AZITRAN 500 MG INHEALTH,500,mg,"10314,12","10314,12",,Obat,18,1,0
1787,OF0619,SUCRALFATE 100 ML INHEALTH,,mg,18315,12543,"15051,6",Obat,4,1,18315
1788,OF0590,EPERISONE 50 INHEALTH,50,,"1196,58","1196,58","1196,58",,20,,"1196,58"
1789,OF0581,CETIRIZINE 10 MG INHEALTH,10,mg,"210,9","210,9","253,08",Obat,140,1,"210,9"
1790,OF0652,"HARNAL OCAS 0,4 MG INHEALTH","0,4",mg,"15040,5","15040,5","18048,6",Obat,60,1,"15040,5"
1791,OF0603,MERTIGO SR INHEALTH,,mg,"4908,42","4908,42",,Obat,215,1,"4908,42"
1792,OF0610,PROVE D INHEALTH,,mg,"2047,95","2047,95","2457,54",Obat,121,1,"2047,95"
1793,OF0616,SANMOL 500 MG INHEALTH,500,mg,"402,93","402,93",,Obat,100,1,"402,93"
1794,OF0617,SIMVASTATIN 10 MG INHEALTH,10,mg,"186,48","186,48",,Obat,54,1,"186,48"
1795,OF0604,MODEXA 140 DOSIS INHEALTH,,mg,218448,218448,"262137,6",Obat,5,1,218448
1796,,NELANDOZ 2 MG INHEALTH,2,mL,"15441,21",,,Obat,100,,"15441,21"
1797,OF0589,ELKANA TAB INHEALTH,,mg,"834,72","834,72",,Obat,62,1,"834,72"
1798,OF0606,NEUROSANBE INHEALTH,,mg,1221,1221,"1465,2",Obat,100,1,1221
2000,OF0432,ORINOX 60MG - ETORICOXIB 60 MG,60,mg,8572,8658,"11255,4",,16,1,8658
2001,OF0161,PROBIOSTIM,,mg,"12493,2",12876,"16933,05",Obat,179,1,12876
2002,OF0194,AZOMAX DRY SYR - azithromicyn 200mg/5mL,,,"118018,67",122100,158730,,3,1,0
2003,OF0212,NESFOL,,mL,82425,64935,"87662,25",Obat,,1,83250
2125,OF0015,KENALOG ORAL BASE,,gram,69930,69930,90909,Obat,3,1,6993
2129,OF0256,AZITROMICIN DRY SIRUP,,mL,49950,49950,64935,Obat,100,1,49950
2130,OF0705,ASCARDIA 80 MG - Acetosal 80 mg,80,mg,"1085,025","5425,13","7226,27",Obat,100,1,"1085,025"
2131,OF0649,BURNAZIN 1% KRIM -INHEALTH,,,"51438,51","51438,51",97000,,100,,0
2132,,CIALIS TAB,,mg,"37453,15",,,Obat,22,,"37453,15"
2133,OF0,CADUET 10/10 MG - AmLodipin 10 mg/ Atorvastatin 10 mg,,mg,,"14002,69","18203,49",Obat,100,1,
2134,OF0735,Coxiron 90 mg _ etoricoxib 90 mg (UMUM),90,mg,10493,10545,"13708,5",Obat,70,1,10545
2135,OF0695,DAFOXA 10 MG - DAPAGLIFOZIN 10 MG,10,mg,11613,11729,"15247,7",Obat,55,1,11729
2136,OF0321,ERKOLIN TABLET,,mg,"14465,25","14465,25","18804,83",Obat,30,1,"14465,25"
2137,OF0671,EPISAN TAB -Sucralfate 500 mg tab,500,mg,1454,"1498,5","1948,05",Obat,658,1,1499
2138,OF0667,FOLAVIT 1 MG - Asam folat,1,mg,2262,2331,"3030,3",,18,1,2331
2139,OF0742,FARSIX Injeksi - Furosemide 10 mg/mL,,mL,9324,9324,"12121,2",Obat,22,1,9324
2140,OF0729,INFLUVAC TETRA - VAKSIN INFLUENZA,,mL,221445,221001,"287301,3",Obat,2,1,221445
2141,OF0649,KALTROFEN KRIM - INHEALTH,,gram,48840,48840,58608,Obat,1,1,48840
2142,OF0698,LAPRAZ KAP - Lansoprazole 30 mg,30,mg,16155,"10256,4",21645,,39,1,16650
2143,OF0601,LYRICA 75 Mg IINHEALTH - Pregabalin 75 mg,75,mg,"10045,5","10045,5","12054,6",Obat,10,1,"10045,5"
2144,OF0725,Maltofer Chewy,,mg,"3296,7",2650,3456,Obat,30,1,3297
2145,OF0608,NORVASK 5 MG - INHEALTH,5,mg,"2419,8","2419,8","2903,76",Obat,150,1,"2419,8"
2146,OF0664,NIACEF GEL - Nicotinamide 4%,,gram,"34380,8","28060,8","36479,04",Obat,4,1,35076
2147,OF0426,NOSPIRINAL 80 MG - Asam asetylsalisilat,80,mg,666,660,860,,425,1,666
2148,OF0734,ONDANE 4 MG TAB - Ondansetron,4,mg,"14836,5",14985,"19480,5",,29,1,14985
2149,OF0723,Ondane 4 2mg/mL,,mL,39564,39960,51948,Obat,3,1,39960
2150,OF0640,"PALENOX GEL - Adapalene 0,1%",,gram,"64495,552","52639,75","68431,68",Obat,5,1,"65799,69"
2151,OF0702,PRO TB 2 DD - Rifampisin 450 mg; INH 300 mg,,mg,"7730,36","7730,36","10049,46",Obat,100,1,"7730,36"
2152,OF0693,Revolan 800 mg - Piracetam 800 mg,800,mg,4577,"4717,5","6132,75",Obat,100,1,4718
2153,OF0662,Revolan 1200 - Piracetam 1200 mg,1200,mg,5547,"5716,5","7431,45",Obat,43,1,5717
2154,OF0700,REBAMIPIDE,100,mg,,2220,"2957,04",,233,1,
2155,OF0,SIRPLUS,,mg,416,"462,04","600,65",Obat,375,1,462
2156,OF0670,SINOCORT 4 MG - TRIAMCINOLON 4 MG,4,mg,4093,4218,5550,Obat,502,1,4218
2157,OF0698,SULFASALAZIN TABLET,,mg,7030,7030,"8787,49",Obat,87,1,7030
2158,OF0699,Sucralfate 500 mg Tab,500,mg,"871,79","871,79","1133,33",Obat,500,1,"871,79"
2159,OF0709,SANADRYL EKSPEKTORAN SYR,,mL,27195,27195,"35353,5",Obat,1,1,27195
2160,OF0741,SECRETOME,,mL,0,,2000000,Obat,100,1,0
2161,OF0680,SANMOL FORTE - Paracetamol 650 mg,650,mg,592,"610,5",1000,Obat,541,1,611
2162,OF0667,Tradosik Injeksi - Tramadol Injeksi,,mL,"24586,5","24586,5","31962,45",Obat,26,1,"24586,5"
2163,,TRAMADOL 100MG INJ,,mL,,,,Obat,100,,
2164,OF0675,VOSEDON 10 MG - Domperidone 10 mg,10,mg,2800,2886,"3751,8",Obat,714,1,2886
2165,OF0632,VOMETRAZ 4 MG TAB INHEALTH - Ondansetron 4 mg,4,mg,"1598,4","1598,4","1918,08",Obat,10,1,"1598,4"
2166,OF0631,VOLTADEX 50 MG INHEALTH - Diclofenac sodium 50 mg,50,mg,"275,28","275,28",,Obat,70,1,"275,28"
2167,OF0736,VECTRIN DRY SIRUP- ERDOSTEIN 175 MG/5 ML,,mL,71435,7215,93795,Obat,2,1,72150
2168,OF0677,ZEGAVIT TABLET,,mg,4718,"4717,5","6132,75",Obat,120,1,4718
2169,OF0069,SERETIDE INHALER,,mg,180358,80457,215000,Obat,3,1,180358
2170,,VELUTIN NEBULES,,mg,8845,8880,11544,Obat,7,1,8880
2171,,APETIC SIRUP,,mL,"35985,625",36075,"46897,5",Obat,2,1,36075
2172,,APETIC DROP,,mL,30449,30525,"39682,5",Obat,2,1,30525
2173,,APETIC SIRUP FORTE,,mL,42076,42180,54834,Obat,2,1,42180
2174,OF201,ERKOLIN SYR,,mL,83250,83250,116550,Obat,3,1,83250
2175,,PARACETAMOL SIRUP,,mL,,4773,"6204,9",Obat,3,1,
2176,OF0639,"BENZOLAC 2,5 % cream",5,gram,17094,17094,"22222,2",Obat,9,1,17094
2177,TS0196,BERLOSON N CREAM,5,gram,0,,,Obat,4,1,0
2178,OF0600,C.XITROL MD,3,mL,27056,"27056,25","35173,13",Obat,10,1,27056
2179,,C.LYTTERS MD,3,mL,0,,,Obat,8,1,0
2180,,KETOMED CREAM,15,gram,"31890,3",,43000,Obat,5,1,"31890,3"
2181,BF030,SORALEN 15 ML,15,mL,0,,,Produk,1,1,0
2182,,MOMETHASON CREAM 5 G,5,gram,"13883,06",,,,1,1,"14235,75"
2183,OF0548,V18 VITACID CREAM 0.1%,20,gram,"53599,68","53599,68","69679,58",Produk,28,1,"53599,68"
2184,OF0630,VITAQUIN CREAM 4 %,,gram,36698,,,Produk,17,1,37440
2185,OF537,ZELFACE CREAM,10,gram,0,,,Produk,4,1,0
2186,OF0543,GLUBIO,,mg,17575,17575,21200,Obat,180,1,17575
2187,,"J03 JARDIANCE DUO 12,5/850 MG - Empaglifozin & Metformin",,mg,"12456,43","12456,43","16816,18",,50,1,"12456,43"
2188,OF0305,DICLOFENAC POTASSIUM,50,mg,,"574,17","901,88",Obat,234,1,
2189,OF0520,AMINOPHYLLIN Tablet,200,mg,215,"216,95","271,19",Obat,307,1,215
2190,OF0687,BIFERCE EFF,1000,mg,,"36796,5","47835,45",Obat,10,1,
2191,,DOXIHAT 100 mg - Doxicyclin,100,mg,554,"455,1","568,88",,118,1,554
2192,OF0572,LUPRED,5,mg,,4440,5772,Obat,30,1,
2193,OF0703,OTTOPAIN TT,,mL,,41937,109265,Obat,100,1,
2194,OS0698,BIOXINE SHAMPOO 300 ML,300,mL,177914,177914,"231288,2",Produk,100,1,177914
2195,OF0678,KALXETIN 20MG - Fluoxetin,20,mg,10498,"9057,6",11322,,50,1,10656
2196,OF0159,PHENITOIN,100,mg,,"719,17","841,43",Obat,70,1,
2197,,MYONAL 50 MG,50,mg,"8482,98","8482,98","11027,87",Obat,100,1,8483
2198,OS0684,S-03-H / HYALUDERM,,mL,0,,125000,Produk,14,1,0
2199,OF0707,BABY DE 30 ML,30,mL,,,35000,Produk,36,1,
2200,OF0706,BABY DE 60 ML,60,mL,,,55000,Produk,32,1,
2201,OF0324,ETHAMBUTOL 500 MG,500,mg,1812,1812,1871,Obat,60,1,1812
2202,TS0237,CERINI 10 MG,10,mg,4218,4329,"5627,7",Obat,10,1,4218
2203,OF0498,VELTHROM 5 MG,5,mg,1665,1665,"2164,5",Obat,10,1,1665
2204,OF0185,PROBIOKID,,sach,16263,"16372,5","21120,53",Obat,40,1,16761
2205,OF0692,RENXAMIN INFUS,,,107115,,138179,,3,1,107115
2206,OF0292,CODEIN PHOSPHATE 20 MG - Reguler,20,mg,,"1638,36","2047,95",Obat,116,1,
2207,OF0541,HA MOIST PRO C,,mL,,,145500,Produk,5,1,
2208,OF0730,VALISANBE 2 MG,2,mg,333,333,"432,9",Obat,161,1,333
2209,,CLOBAZAM 10 MG - INHEALTH,10,mg,"843,6",,,Obat,100,1,"843,6"
2210,OF0628,TRIFLUOPERAZINE,5,mg,,,,Obat,2,1,
2211,OF0087,"EFESA0,3 MG/0,3 ML",,vial,828375,832500,"1073217,38",Obat,1,1,832500
2212,,HERBESSER CD 200 - Inhealth,200,mg,"13636,35",,,Obat,60,1,"13636,35"
2213,OF0578,HEMAPO 2000 UI,,vial,91575,91575,"96153,75",,100,,91575
2214,,METHYLPREDNISOLON 4 MG - Inhealth,4,mg,,,,Obat,125,1,
2215,,CLOPIDOGREL 75MG - Inhealth,75,mg,"1243,2",,,Obat,20,1,"1243,2"
2216,,ULTRAPROCT N CREAM - INHEALTH,,gram,"107616,72",,,Obat,2,1,107617
2217,OF0060,INFUS D5,,plaboth,,,,Obat,2,1,
2218,,VESTEIN KAPSUL - INHEALTH,300,mg,"4306,8",,,Obat,60,1,"4306,8"
2219,,VESTEIN SIRUP KERING - INHEALTH,,mL,42957,,,Obat,2,1,42957
2220,OF0728,TERFACEF INJEKSI,,mL,"264790,5","264790,5","344227,65",Obat,2,1,"264790,5"
2221,OF0435,PHYTOMENADION INJEKSI,,mL,0,,,Obat,1,1,0
2222,,ULVICE INJ,,mL,0,,,Obat,8,1,0
2223,OF0710,BEAULASH EYNERGIZING GEL,,gram,68189,72402,"97742,7",Produk,2,1,0
2224,OF0532,SHOWER OIL UFI,,mL,60500,67155,"87501,5",Produk,4,1,0
2225,BS0265,LANZOX INJEKSI,,unit,2664000,2664000,3463200,Obat,5,1,2664000
2226,BS0266,BIENOX INJEKSI,,unit,1300000,1226550,1594515,Obat,5,1,1300000
2227,,SKIN BRIGHT GOLD SERUM,15,ml,112500,120000,145000,Lainnya,25,1,0
2228,,CREAM PAGI CERAMIDE,,,0,,90000,,100,,0
2229,,FAT BLOCKER,,kapsul,13067,,185000,Lainnya,100,1,13067
2230,,META BALANCE,,kapsul,64079,,107000,Lainnya,100,1,64079
2231,,CARNIFT BOOST,,kapsul,29772,,128000,Lainnya,100,1,29772
2232,,Cream Acne Pagi,,,,,75000,,100,1,
2233,,Bioenzim Peel,,,0,,150000,,100,1,0
2234,,Cream Cera Tranex HR,,,,,140000,,100,1,
2235,,ZINC PLUS FOR ACNE,,tablet,"2497,5",,143750,,100,1,"2497,5"
2236,,NATRIUM 500 MG,500,mg,"231,945",,1200,Lainnya,100,1,"233,1"
2237,,Moisturizer For Dry Skin,14,g,0,,86000,Lainnya,1,1,0
2238,,ANTI IRITASI MS,14,g,,,95000,Lainnya,1,1,
2239,,ACNE DAY CREAM,14,g,,,75000,Lainnya,100,1,
2240,,SEQUEST - Colestyramine 4 gram,,tablet,21870,,28431,Lainnya,100,1,21870
2241,,CREAM DNA - AHA,,,0,,155000,Lainnya,99,1,0
2242,,KAPSUL NACL,,mg,100,100,1200,Lainnya,100,1,100
2243,,Suplemen slimming 1 minggu,,,,,600000,,100,1,
2244,,DNA - CERA,14,g,0,,155000,Lainnya,1,1,0
2245,,DNA-RN-DES,14,g,0,,155000,Lainnya,100,1,0
2246,,KRIM LIPATAN K,10,g,,30000,65000,Lainnya,100,,
2247,,GEN B,,,,,150000,,100,1,
2248,,CREAM TRANEX - AHA,,,"10650,45",,140000,Lainnya,100,1,"10650,45"
2249,,AA1 + CERAMIDE,14,g,,,95000,Lainnya,100,1,
2250,,DNA - AHA,14,g,0,,155500,Lainnya,100,,0
2251,,SKIN BRIGHT LOOSE POWDER FOR OILY SKIN,,,55500,,"64069,2",,100,1,0
2252,,SKIN BRIGHT LOOSE POWDER FOR LIGHTENING,,,55500,,"64069,2",,100,1,0
2253,,C-04-CA,14,g,0,,90000,Lainnya,100,1,0
2254,,SERUM MARINE GOLD ESSENCE,15,g,0,,115000,Lainnya,100,1,0
2255,,MEMBER MI FAMILIA,,,,,45000,Lainnya,100,1,
2256,,PLASMINEX - Asam Tranexamat,,,15651,,"4110,25",,80,1,15651
2257,,Sunscreen Spray with Microbiome 60 ml,,,30833,,80000,Lainnya,100,1,30833
2258,,MEFINAL 500 MG TABLET,500,tablet,"1615,5",,"2180,23",Antipiretik,100,1,1665
2259,,CREAM TLA - AHA,14,g,0,,100000,Lainnya,100,1,0
2260,,DNA SALMON CR (Murni),14,,0,32550,155000,Lainnya,100,1,0
2261,,SKINTECH MASKER,,patch,0,,40000,Lainnya,100,1,0
2262,,CYSTEAMINE CREAM,,,40541,,120000,,100,1,0
2263,,FOLLEY CATHETER 16,,,,25350,37125,,100,1,
2264,,FOLLEY CHATETER 14,,,,27500,35750,,100,1,
2265,,FOLLEY CATHETER 18,,,,27500,38500,,100,1,
2266,,BELOVA FACIAL SCRUB 30 ML,,,,,65000,,100,1,
2267,,CREAM AHA - DES,14,g,,,75000,,100,1,
2268,,NACL 3% 500  ML,500,ml,,,51094,,100,1,
2269,,FLUIMUCYL NEBULES,,,,,"93217,8",,100,1,
2270,,HYDROMAL INFUS,,,,,"154590,8",,,1,
2271,,CERA - ACNE,,,,,125000,,,1,
2272,,CERAMIDE CR 14 gr,,,,,90000,,,1,
2273,,URIAGE EAU THERMAL WATER,,,,,185000,,5,1,
2274,,Cera-Des-Acne,,,,,155000,,1,1,
2275,,Cera-Des-Acne-Tret,,,,,140000,,1,1,
2276,,FORTI-D SYR,,,,,44850,,1,1,
2277,,SERUM NIGHT SURFACING (MTX),15,ml,,,810000,Lainnya,,1,