KODE TINDAKAN,SUB DIVISI,JENIS TINDAKAN,NAMA RINCI,SEDIAAN,SATUAN,NAMA TINDAKAN,JASA TERAPIS BERLAKU,JASA DOKTER,BHP,HPP,HARGA NORMAL,HARGA EXTRA DISKON,HARGA KATALOG,KATEGORI COA,DISC,
TS0002,Skincare,Facial,Light,,,Facial Light,"15.200,00","7.307,69","37.637,66","37.637,66","95.000,00","95.000,00","95.000,00",PERAWATAN,,
TS0003,Skincare,Facial,Preparation,,,Facial Preparation,"5.000,00","3.846,15","15.748,06","15.748,06","50.000,00","50.000,00","50.000,00",PERAWATAN,,
TS0004,Skincare,Facial,Facial Essential,,,Facial Facial Essential,"16.450,00","9.230,77","44.894,16","44.894,16","135.000,00","120.000,00","135.000,00",PERAWATAN,,
TS0005,Skincare,Facial,Oxygeneo,,,Facial Oxygeneo,"29.700,00","22.211,54","126.904,60","126.904,60","385.000,00","288.750,00","385.000,00",PERAWATAN,,
TS0006,Skincare,Facial,Korean Silk,,,Facial Korean Silk,"22.000,00","10.384,62","53.854,53","53.854,53","180.000,00","135.000,00","180.000,00",PERAWATAN,,
TS0007,Skincare,Peeling,Microdermabrasi,,,Peeling Microdermabrasi,"22.000,00","6.057,69","2.938,65","2.938,65","105.000,00","78.750,00","105.000,00",PERAWATAN,,
TS0008,Skincare,Peeling,Chemical,AHA 20%,,Peeling Chemical AHA 20%,"1.100,00","4.326,92","7.481,00","7.481,00","75.000,00","56.250,00","75.000,00",PERAWATAN,,
TS0009,Skincare,Peeling,Chemical,AHA 35%,,Peeling Chemical AHA 35%,"1.700,00","4.903,85","8.915,00","8.915,00","85.000,00","63.750,00","85.000,00",PERAWATAN,,
TS0010,Skincare,Peeling,Chemical,AHA 70%,,Peeling Chemical AHA 70%,"3.000,00","8.653,85","12.572,00","12.572,00","150.000,00","112.500,00","150.000,00",PERAWATAN,,
TS0011,Skincare,Peeling,Chemical,BHA 20%,,Peeling Chemical BHA 20%,"1.700,00","4.903,85","6.950,00","6.950,00","85.000,00","63.750,00","85.000,00",PERAWATAN,,
TS0012,Skincare,Peeling,Chemical,Complex,,Peeling Chemical Complex,"1.700,00","5.769,23","10.441,00","10.441,00","100.000,00","75.000,00","100.000,00",PERAWATAN,,
TS0013,Skincare,Peeling,Chemical,Retinol,,Peeling Chemical Retinol,"2.000,00","14.423,08","63.864,00","63.864,00","250.000,00","187.500,00","250.000,00",PERAWATAN,,
TS0014,Skincare,Peeling,Chemical,Sparkling HD,,Peeling Chemical Sparkling HD,"1.900,00","17.307,69","68.186,67","68.186,67","250.000,00","225.000,00","300.000,00",PERAWATAN,,
TS0015,Skincare,Peeling,Chemical,Sparkling FD,,Peeling Chemical Sparkling FD,"3.750,00","25.961,54","148.313,33","148.313,33","375.000,00","337.500,00","450.000,00",PERAWATAN,,
TS0016,Skincare,Peeling,Chemical,Mandelaic,,Peeling Chemical Mandelaic,"1.500,00","14.423,08","54.896,00","54.896,00","250.000,00","187.500,00","250.000,00",PERAWATAN,,
TS0017,Skincare,Peeling,Chemical,TCA,,Peeling Chemical TCA,"850,00","14.423,08","31.882,00","31.882,00","250.000,00","187.500,00","250.000,00",PERAWATAN,,
TS0018,Skincare,Peeling,Chemical,Bio Re Peel,,Peeling Chemical Bio Re Peel,"3.500,00","23.076,92","65.802,33","65.802,33","400.000,00","300.000,00","400.000,00",PERAWATAN,,
TS0019,Skincare,Laser,Laser,ND-Yag,1450 nm - F0,Laser ND-Yag 1450 nm - F0,"2.150,00","12.167,56","55.362,40","55.362,40","300.000,00","158.178,29","300.000,00",PERAWATAN,"220.000,00","149.628,11"
TS0020,Skincare,Laser,Laser,ND-Yag,Blackdoll,Laser ND-Yag Blackdoll,"2.250,00","13.222,29","60.161,40","60.161,40","325.000,00","171.889,71","325.000,00",PERAWATAN,"243.750,00","162.598,38"
TS0021,Skincare,Laser,Laser,ND-Yag,1450 nm - F50,Laser ND-Yag 1450 nm - F50,"2.150,00","12.555,25","57.126,40","57.126,40","300.000,00","163.218,29","300.000,00",PERAWATAN,"225.000,00","154.395,68"
TS0022,Skincare,Laser,Laser,ND-Yag,532 nm,Laser ND-Yag 532 nm,"2.150,00","11.901,19","54.150,40","54.150,40","325.000,00","154.715,43","325.000,00",PERAWATAN,"243.750,00","146.352,43"
TS0023,Skincare,Laser,Laser,CO2,Face (2 Spot),Laser CO2 Face (2 Spot),"4.200,00","32.307,69","86.046,40","86.046,40","850.000,00","420.000,00","850.000,00",PERAWATAN,"637.500,00","232.557,84"
TS0024,Skincare,Laser,Laser,CO2,Vagina,Laser CO2 Vagina,"6.800,00","13.010,37","59.197,20","59.197,20","750.000,00","169.134,86","750.000,00",PERAWATAN,"562.500,00","159.992,43"
TS0025,Skincare,Laser,Laser,Bikini,,Laser Bikini,"6.800,00","34.615,38","58.362,40","58.362,40","600.000,00","450.000,00","600.000,00",PERAWATAN,"450.000,00","157.736,22"
TS0026,Skincare,Laser,Laser,Korean,,Laser Korean,"6.800,00","12.167,56","55.362,40","55.362,40","600.000,00","158.178,29","600.000,00",PERAWATAN,"450.000,00","149.628,11"
TS0027,Skincare,Laser,Laser,Korean Blackdoll,,Laser Korean Blackdoll,"6.800,00","13.222,29","60.161,40","60.161,40","488.000,00","171.889,71","488.000,00",PERAWATAN,"366.000,00","162.598,38"
TS0028,Skincare,Laser,Laser,Freckles,,Laser Freckles,"6.800,00","12.167,56","55.362,40","55.362,40","488.000,00","158.178,29","488.000,00",PERAWATAN,"366.000,00","149.628,11"
TS0029,Skincare,Laser,Laser,Lip Care,,Laser Lip Care,"6.800,00","12.408,73","56.459,73","56.459,73","488.000,00","161.313,52","488.000,00",PERAWATAN,"366.000,00","152.593,87"
TS0030,Skincare,Laser,Laser,Arm Pit,,Laser Arm Pit,"6.800,00","19.227,91","87.487,00","87.487,00","488.000,00","249.962,86","488.000,00",PERAWATAN,"366.000,00","236.451,35"
TS0031,Skincare,Peeling,Chemical,Intimate,,Peeling Chemical Intimate,,"20.192,31","169.668,00","169.668,00","350.000,00","262.500,00","350.000,00",PERAWATAN,,"302.978,57"
TS0032,Skincare,IPL,IPL,Toning Shower,,Advance IPL Toning Shower,"2.150,00","21.634,62","63.401,33","63.401,33","550.000,00","281.250,00","550.000,00",PERAWATAN,,"226.433,33"
TS0033,Skincare,IPL,IPL,Acne,,Advance IPL Acne,"2.150,00","16.923,08","48.401,33","48.401,33","450.000,00","220.000,00","450.000,00",PERAWATAN,,"172.861,90"
TS0034,Skincare,IPL,IPL,Arm Pit Hair,,Brightening IPL Arm Pit Hair,"2.500,00","21.634,62","52.201,33","52.201,33","375.000,00","281.250,00","375.000,00",PERAWATAN,,"208.805,33"
TS0035,Skincare,IPL,IPL,Brazilian,,Brightening IPL Brazilian,"4.990,00","37.500,00","65.475,33","65.475,33","650.000,00","487.500,00","650.000,00",PERAWATAN,,"438.500,00"
TS0036,Skincare,Skinbooster,Mesotheraphy,Dermapen,,Mesotheraphy Dermapen,"3.750,00","28.846,15","93.712,61","93.712,61","550.000,00","375.000,00","550.000,00",PERAWATAN,,"360.000,00"
TS0037,Skincare,Skinbooster,Mesotheraphy,Needle,,Brightening Mesotheraphy Needle,"500,00","28.846,15","109.591,20","109.591,20","500.000,00","375.000,00","500.000,00",PERAWATAN,,"360.000,00"
TS0038,Skincare,Skinbooster,Mesotheraphy,Aqua Injector,,Brightening Mesotheraphy Aqua Injector,"8.750,00","57.692,31","349.479,20","349.479,20","1.400.000,00","750.000,00","1.400.000,00",PERAWATAN,99851200%,
TS0039,Skincare,Skinbooster,Mesotheraphy,Dark Circle Eye,,Brightening Mesotheraphy Dark Circle Eye,,"34.615,38","46.829,20","46.829,20","900.000,00","450.000,00","900.000,00",PERAWATAN,,
TS0040,Skincare,Skinbooster,,Nucleofil Strong,,Advance  Nucleofil Strong,"10.000,00","246.153,85","2.026.849,20","2.026.849,20","4.500.000,00","3.200.000,00","4.500.000,00",PERAWATAN,,
TS0041,Skincare,Skinbooster,,Rejuran Healer Half,,Advance  Rejuran Healer Half,,"311.538,46","2.780.849,20","2.780.849,20","4.500.000,00","4.050.000,00","4.500.000,00",PERAWATAN,,
TS0042,Skincare,Skinbooster,,Rejuran HB,,Advance  Rejuran HB,,"342.307,69","2.581.299,20","2.581.299,20","5.500.000,00","4.450.000,00","5.500.000,00",PERAWATAN,,
TS0043,Skincare,Skinbooster,DNA Premium Injection,The A,,Brightening DNA Premium Injection The A,,"41.826,92","171.515,87","171.515,87","725.000,00","543.750,00","725.000,00",PERAWATAN,,
TS0044,Skincare,Skinbooster,HA Injection,Profhilo,,Advance HA Injection Profhilo,,"380.769,23","4.244.849,20","4.244.849,20","6.600.000,00","4.950.000,00","6.600.000,00",PERAWATAN,,
TS0045,Skincare,Skinbooster,HA Injection,Aqua C,,Brightening HA Injection Aqua C,,"83.653,85","430.965,07","430.965,07","1.450.000,00","1.087.500,00","1.450.000,00",PERAWATAN,,
TS0046,Skincare,Intravena Injeksi,Ascorbic Acid,200 mg,,Brightening Ascorbic Acid 200 mg,,"6.923,08","20.745,00","20.745,00","120.000,00","90.000,00","120.000,00",PERAWATAN,,
TS0047,Skincare,Skinbooster,Injection,Aura,,Brightening Injection Aura,"3.000,00","11.538,46","24.062,00","24.062,00","200.000,00","150.000,00","200.000,00",PERAWATAN,,
TS0048,Skincare,Intravena Injeksi,Infus,Basic,,Brightening Infus Basic,"16.450,00","19.038,46","71.882,32","71.882,32","330.000,00","247.500,00","330.000,00",PERAWATAN,,
TS0049,Skincare,Intravena Injeksi,Infus,Energy Boost,,Brightening Infus Energy Boost,"19.950,00","72.115,38","418.077,32","418.077,32","1.250.000,00","937.500,00","1.250.000,00",PERAWATAN,,
TS0050,Skincare,Intravena Injeksi,Infus,Energy,,Brightening Infus Energy,"42.000,00","55.384,62","379.508,65","379.508,65","960.000,00","720.000,00","960.000,00",PERAWATAN,,
TS0051,Skincare,Intravena Injeksi,Infus,Skin Glow,,Brightening Infus Skin Glow,"42.500,00","38.076,92","81.111,67","81.111,67","660.000,00","495.000,00","660.000,00",PERAWATAN,,
TS0052,Skincare,Intravena Injeksi,Infus,Energy Skin Glow,,Brightening Infus Energy Skin Glow,"68.600,00","77.884,62","376.548,65","376.548,65","1.350.000,00","1.012.500,00","1.350.000,00",PERAWATAN,,
TS0053,Skincare,Injeksi,Tica,,per CC,Injeksi Tica  per CC,"1.750,00","1.923,08","35.000,00","35.000,00","35.000,00","25.000,00","35.000,00",PERAWATAN,,
TS0054,Skincare,Intravena Injeksi,Infus,Chromosome,,Brightening Infus Chromosome,"100.000,00","115.384,62","450.379,30","450.379,30","2.000.000,00","1.500.000,00","2.000.000,00",PERAWATAN,,
TS0055,Skincare,Collagen Stimulator,RF Sineson Bipolar,,,Lifting RF Sineson Bipolar,"12.500,00","21.153,85","72.960,00","72.960,00","450.000,00","275.000,00","450.000,00",PERAWATAN,,
TS0056,Skincare,Collagen Stimulator,RF Tripolar,,,Lifting RF Tripolar,"15.000,00","8.653,85","13.600,00","13.600,00","150.000,00","112.500,00","150.000,00",PERAWATAN,,
TS0057,Skincare,Collagen Stimulator,RF Monopolar Sineson for Face,,,Lifting RF Monopolar Sineson for Face,"17.500,00","25.384,62","71.400,00","71.400,00","550.000,00","330.000,00","550.000,00",PERAWATAN,,
TS0058,Skincare,Collagen Stimulator,HIFU 6D,1 Layer,,Lifting HIFU 6D 1 Layer,"9.500,00","51.923,08","244.646,00","244.646,00","900.000,00","675.000,00","900.000,00",PERAWATAN,,
TS0059,Skincare,Collagen Stimulator,HIFU 6D,3 Layer,,Lifting HIFU 6D 3 Layer,"12.000,00","103.846,15","236.889,20","236.889,20","1.800.000,00","1.350.000,00","1.800.000,00",PERAWATAN,,
TS0060,Skincare,Collagen Stimulator,Threadlift,PDO,Mono 10 thrd,Lifting Threadlift PDO Mono 10 thrd,,"150.000,00","928.189,20","928.189,20","2.000.000,00","1.500.000,00","2.000.000,00",PERAWATAN,,
TS0061,Skincare,Collagen Stimulator,Threadlift,PDO,Barb 1 Thrd,Lifting Threadlift PDO Barb 1 Thrd,,"31.730,77","130.589,20","130.589,20","550.000,00","412.500,00","550.000,00",PERAWATAN,,
TS0062,Skincare,Collagen Stimulator,Threadlift,Silhouette Soft,Bidirect 1 Thrd,Lifting Threadlift Silhouette Soft Bidirect 1 Thrd,,"507.692,31","4.826.849,20","4.826.849,20","8.800.000,00","6.600.000,00","8.800.000,00",PERAWATAN,,
TS0063,Skincare,Collagen Stimulator,Threadlift,Bidirect PDO,Bidirect 1 Thrd,Lifting Threadlift Bidirect PDO Bidirect 1 Thrd,,"187.500,00","631.849,20","631.849,20","3.250.000,00","2.437.500,00","3.250.000,00",PERAWATAN,,
TS0064,Skincare,Collagen Stimulator,Threadlift,Facelifting,2 Thrd,Lifting Threadlift Facelifting 2 Thrd,,"57.115,38","351.849,20","351.849,20","990.000,00","742.500,00","990.000,00",PERAWATAN,,
TS0065,Skincare,Collagen Stimulator,Collagen Stimulator,Facetem,,Advance Collagen Stimulator Facetem,,"323.076,92","2.300.457,05","2.300.457,05","5.500.000,00","4.200.000,00","5.500.000,00",PERAWATAN,,
TS0066,Skincare,Collagen Stimulator,Collagen Stimulator,Radiese,,Advance Collagen Stimulator Radiese,,"0,00","0,00","0,00","0,00","0,00","0,00",PERAWATAN,,
TS0067,Skincare,FIller,Dermal Filler,Juvederm,,Advance Dermal Filler Juvederm,,"288.461,54","2.253.698,40","2.253.698,40","5.000.000,00","3.750.000,00","5.000.000,00",PERAWATAN,,
TS0068,Skincare,FIller,Dermal Filler,Eye,,Advance Dermal Filler Eye,,"242.307,69","1.779.698,40","1.779.698,40","4.200.000,00","3.150.000,00","4.200.000,00",PERAWATAN,,
TS0069,Skincare,FIller,Dermal Filler,Smile Line,,Advance Dermal Filler Smile Line,,"317.307,69","2.587.198,40","2.587.198,40","5.500.000,00","4.125.000,00","5.500.000,00",PERAWATAN,,
TS,Skincare,,,,,,,"0,00",,,"0,00",,"0,00",PERAWATAN,,
TS0071,Skincare,Botox,Botox,Bio Per IU,,Advance Botox Bio Per IU,,"2.769,23","16.142,46","16.142,46","50.000,00","36.000,00","50.000,00",PERAWATAN,,
TS0072,Skincare,Botox,Botox,Lanzox Per IU,,Advance Botox Lanzox Per IU,,"5.000,00","58.149,20","58.149,20","85.000,00","65.000,00","85.000,00",PERAWATAN,,
TS0073,Skincare,Botox,Botox,Micro,,Adds on Botox Micro,,"3.076,92","3.250,00","3.250,00","80.000,00","40.000,00","80.000,00",PERAWATAN,,
TS0074,Skincare,Advance,Subsicion,,,Advance Subsicion,,"42.307,69","21.541,00","21.541,00","600.000,00","550.000,00","600.000,00",PERAWATAN,,
TS0075,Skincare,Slimming,Face,V - Line,,Slimming Face V - Line,"15.000,00","32.307,69","293.641,00","293.641,00","600.000,00","420.000,00","600.000,00",PERAWATAN,,
TS0076,Skincare,Slimming,Fat Injection,Mesococktail / amp,,Slimming Fat Injection Mesococktail / amp,"3.000,00","23.076,92","177.560,00","177.560,00","300.000,00","300.000,00","600.000,00",PERAWATAN,,
TS0077,Skincare,Slimming,Fat Injection,Mesococktail / 10 amp paket,,Slimming Fat Injection Mesococktail / 10 amp paket,"100.000,00","200.000,00","366.600,00","366.600,00","2.600.000,00","2.600.000,00","6.000.000,00",PAKET,,
TS0078,Skincare,Slimming,RF Sineson SF,,,Slimming RF Sineson SF,"17.500,00","30.769,23","56.852,00","56.852,00","400.000,00","400.000,00","550.000,00",PERAWATAN,,
TS0079,Skincare,Slimming,RF Sineson VF,,,Slimming RF Sineson VF,"17.500,00","34.615,38","56.612,00","56.612,00","450.000,00","450.000,00","600.000,00",PERAWATAN,,
TS0080,Skincare,Intimate,Injeksi,Kamasutra,,Woman Injeksi Kamasutra,"10.500,00","11.538,46","20.400,00","20.400,00","150.000,00","150.000,00","350.000,00",PERAWATAN,,
TS0081,Skincare,Hair,Treatment,Creambath Org,,Hair Treatment Creambath Org,"10.500,00","6.153,85","46.880,00","46.880,00","70.000,00","80.000,00","112.000,00",PERAWATAN,,
TS0082,Skincare,Hair,Treatment,Filler Repair,,Hair Treatment Filler Repair,"22.500,00","11.538,46","29.890,00","29.890,00","150.000,00","150.000,00","210.000,00",PERAWATAN,,
TS0083,Skincare,Hair,Treatment,Mask Pro,,Hair Treatment Mask Pro,"12.750,00","13.461,54","58.930,00","58.930,00","85.000,00","175.000,00","245.000,00",PERAWATAN,,
TS0084,Skincare,Hair,Treatment,Root Care,,Hair Treatment Root Care,,"11.538,46","47.330,00","47.330,00","150.000,00","150.000,00","210.000,00",PERAWATAN,,
TS0085,Skincare,Hair,Treatment,Bye Dandruff,,Hair Treatment Bye Dandruff,,"11.538,46","46.612,50","46.612,50","150.000,00","150.000,00","210.000,00",PERAWATAN,,
TS0086,Skincare,Hair,Treatment,Smoothing,,Hair Treatment Smoothing,,"30.769,23","82.220,00","82.220,00","400.000,00","400.000,00","560.000,00",PERAWATAN,,
TS0087,Skincare,Hair,Treatment,Toning Pdk,,Hair Treatment Toning Pdk,"37.500,00","11.538,46","9.200,00","9.200,00","150.000,00","150.000,00","210.000,00",PERAWATAN,,
TS0088,Skincare,Hair,Treatment,Spa Keratin,,Hair Treatment Spa Keratin,"15.000,00","7.692,31","40.440,00","40.440,00","100.000,00","100.000,00","140.000,00",PERAWATAN,,
TS0089,Skincare,Hair,Treatment,Toning Rb Pendek,,Hair Treatment Toning Rb Pendek,"37.500,00","4.615,38","0,00","0,00","55.000,00","60.000,00","84.000,00",PERAWATAN,,
TS0090,Skincare,Hair,Treatment,Toning Rb Panjang,,Hair Treatment Toning Rb Panjang,"37.500,00","19.230,77","0,00","0,00","250.000,00","250.000,00","350.000,00",PERAWATAN,,
TS0091,Skincare,Hair,Treatment,Spa Keratin Pro,,Hair Treatment Spa Keratin Pro,"15.000,00","7.692,31","27.930,00","27.930,00","100.000,00","100.000,00","140.000,00",PERAWATAN,,
TS0092,Skincare,Hair,Treatment,Toning,,Hair Treatment Toning,"37.500,00","19.230,77","0,00","0,00","250.000,00","250.000,00","350.000,00",PERAWATAN,,
TS0093,Skincare,Hair,Treatment,Creambath Diamond,,Hair Treatment Creambath Diamond,"18.750,00","9.615,38","0,00","0,00","125.000,00","125.000,00","175.000,00",PERAWATAN,,
TS0094,Skincare,Hair,Treatment,Creambath Blue,,Hair Treatment Creambath Blue,,"9.615,38","0,00","0,00","125.000,00","125.000,00","175.000,00",PERAWATAN,,
TS0095,Skincare,Hair,Treatment,Creambath Platinum,,Hair Treatment Creambath Platinum,"15.000,00","7.692,31","29.997,00","29.997,00","100.000,00","100.000,00","140.000,00",PERAWATAN,,
TS0096,Skincare,Hair,Treatment,Creambath Organik,,Hair Treatment Creambath Organik,"10.500,00","5.384,62","32.120,00","32.120,00","70.000,00","70.000,00","98.000,00",PERAWATAN,,
TS0097,Skincare,Hair,Treatment,Cut By Mas Joko,,Hair Treatment Cut By Mas Joko,"30.000,00","15.384,62","0,00","0,00","200.000,00","200.000,00","280.000,00",PERAWATAN,,
TS0098,Skincare,Lash,Treatment,Lift,,Lash Treatment Lift,"12.750,00","0,00","0,00","0,00","120.000,00",,"120.000,00",PERAWATAN,,
TS0099,Skincare,Body,Treatment,Manicure,,Body Treatment Manicure,"30.000,00","0,00","24.967,78","24.967,78","100.000,00",,"100.000,00",PERAWATAN,,
TS0100,Skincare,Body,Treatment,Pedicure,,Body Treatment Pedicure,"40.000,00","0,00","24.327,78","24.327,78","120.000,00",,"120.000,00",PERAWATAN,,
TS0101,Skincare,Adds on,Treatment,Detox,,Adds on Treatment Detox,"5.000,00","1.923,08","3.120,00","3.120,00","25.000,00","25.000,00","25.000,00",PERAWATAN,,
TS0102,Skincare,Skinbooster,Serum,Derma Acne,,Adds on Serum Derma Acne,,"7.307,69","2.910,00","2.910,00","90.000,00","95.000,00","90.000,00",PERAWATAN,,
TS0103,Skincare,Masker,Oxy,Infusion,,Adds on Oxy Infusion,,"2.692,31","16.033,00","16.033,00","60.000,00","35.000,00","60.000,00",PERAWATAN,,
TS0104,Skincare,Masker,Masker,Aloevera & Cucumber Rubber Peel Off,,Adds on Masker Aloevera & Cucumber Rubber Peel Off,,"1.538,46","5.747,80","5.747,80","25.000,00","20.000,00","25.000,00",PERAWATAN,,
TS0105,Skincare,Masker,Masker,Gold Facial Peel OFF PM,,Adds on Masker Gold Facial Peel OFF PM,,"1.538,46","0,00","0,00","25.000,00","20.000,00","25.000,00",PERAWATAN,,
TS0106,Skincare,Masker,Masker,Peppermint Rubber Soft PM Peel Off,,Adds on Masker Peppermint Rubber Soft PM Peel Off,,"1.538,46","0,00","0,00","25.000,00","20.000,00","25.000,00",PERAWATAN,,
TS0107,Skincare,Masker,Masker,PeelBlack & White Sesame Seed Peel Off,,Adds on Masker PeelBlack & White Sesame Seed Peel Off,,"1.538,46","0,00","0,00","25.000,00","20.000,00","25.000,00",PERAWATAN,,
TS0108,Skincare,Masker,Masker,Tissue,,Adds on Masker Tissue,,"1.153,85","3.560,00","3.560,00","20.000,00","15.000,00","20.000,00",PERAWATAN,,
TS0109,Skincare,Skinbooster,Injeksi,Jalupro Single,,Advance Injeksi Jalupro,,"73.489,25","620.984,16","620.984,16","1.500.000,00","955.360,25","1.500.000,00",PERAWATAN,,
,,,,,,,,"0,00",,,#REF!,,#REF!,PERAWATAN,,
TS0111,Skincare,Adds on,Treatment,Glow PDT,,Adds on Treatment Glow PDT,"0,00","1.538,46","424,00","424,00","30.000,00","20.000,00","30.000,00",PERAWATAN,,
TS0112,Skincare,Adds on,Treatment,Acne PDT,,Adds on Treatment Acne PDT,"0,00","1.538,46","424,00","424,00","30.000,00","20.000,00","30.000,00",PERAWATAN,,
TS0113,Skincare,Anaestesi,Anestesi,Soft Layer,,Adds on Anestesi Soft Layer,,"7.384,62","0,00","0,00",#REF!,"96.000,00","115.000,00",PERAWATAN,,
TS0114,Skincare,Anaestesi,Anestesi,Dolonese,,Adds on Anestesi Dolonese,,"4.615,38","59.833,00","59.833,00","60.000,00","60.000,00","85.000,00",PERAWATAN,,
TS0115,Skincare,Bedah,Treatment,Couterisasi,,Advance Treatment Couterisasi,,"11.538,46","26.849,20","26.849,20",#REF!,"150.000,00","200.000,00",PERAWATAN,,
TS0116,Skincare,Bedah,Treatment,Minor,,Advance Treatment Minor,,"34.615,38","56.849,20","56.849,20",#REF!,"450.000,00","600.000,00",PERAWATAN,,
TS0117,Skincare,Anaestesi,Anestesi,Korea,,Adds on Anestesi Korea,,"1.923,08","8.500,00","8.500,00","150.000,00","25.000,00","40.000,00",PERAWATAN,,
TS0118,Skincare,Adds on,Treatment,Komedo Ekstraksi,,Adds on Treatment Komedo Ekstraksi,"7.500,00","1.923,08","960,00","960,00","75.000,00","25.000,00","35.000,00",PERAWATAN,,
TS0119,Skincare,Skinbooster,Treatment,PRP,,Adds on Treatment PRP,"6.250,00","28.846,15","21.830,00","21.830,00","625.000,00","375.000,00","625.000,00",PERAWATAN,,
TS0120,Skincare,Slimming,Treatment,Akupuntur,,Slimming Treatment Akupuntur,"4.500,00","5.769,23","28.200,00","28.200,00","75.000,00","75.000,00","90.000,00",PERAWATAN,,
TD0121,Dental,Scaling and Polishing (Pembersihan Karang Gigi),Basic,,,Scaling and Polishing (Pembersihan Karang Gigi) Basic,"10.000,00","30.769,23","0,00","0,00","400.000,00","400.000,00","500.000,00",DENTAL,,
TD0122,Dental,Teeth Whitening (Pemutihan Gigi),,,,Teeth Whitening (Pemutihan Gigi),,"138.461,54","0,00","0,00","1.800.000,00","1.800.000,00","2.250.000,00",DENTAL,,
TD0123,Dental,Dental Filling (Tambal Gigi),GIC,,,Dental Filling (Tambal Gigi) GIC,"4.000,00","19.230,77","0,00","0,00","250.000,00","250.000,00","312.500,00",DENTAL,,
TD0124,Dental,Root Canal Treatment (Perawatan Saluran Akar),36,,,Root Canal Treatment (Perawatan Saluran Akar) 36,,"46.153,85","0,00","0,00","600.000,00","600.000,00","750.000,00",DENTAL,,
TD0125,Dental,Tooth Extraction (Cabut Gigi),Dental Hecting,,,Tooth Extraction (Cabut Gigi) Dental Hecting,"2.000,00","15.384,62","0,00","0,00","200.000,00","200.000,00","250.000,00",DENTAL,,
TD0126,Dental,Tooth Extraction (Cabut Gigi),Aff Dental Hecting,,,Tooth Extraction (Cabut Gigi) Aff Dental Hecting,,"15.384,62","0,00","0,00","200.000,00","200.000,00","250.000,00",DENTAL,,
TD0127,Dental,Tooth Extraction (Cabut Gigi),Anak,,,Tooth Extraction (Cabut Gigi) Anak,,"19.230,77","0,00","0,00","250.000,00","250.000,00","312.500,00",DENTAL,,
TD0128,Dental,Tooth Extraction (Cabut Gigi),Dewasa,,,Tooth Extraction (Cabut Gigi) Dewasa,"3.500,00","26.923,08","0,00","0,00","350.000,00","350.000,00","437.500,00",DENTAL,,
TD0129,Dental,Tooth Extraction (Cabut Gigi),Geraham,,,Tooth Extraction (Cabut Gigi) Geraham,"10.000,00","76.923,08","0,00","0,00","1.000.000,00","1.000.000,00","1.250.000,00",DENTAL,,
TD0130,Dental,Tooth Extraction (Cabut Gigi),Odontektomi,,,Tooth Extraction (Cabut Gigi) Odontektomi,,"65.384,62","0,00","0,00","850.000,00","850.000,00","1.062.500,00",DENTAL,,
TD0131,Dental,Dental Crown,,,,Dental Crown,,"76.923,08","0,00","0,00","1.000.000,00","1.000.000,00","1.250.000,00",DENTAL,,
TD0132,Dental,Dental Bridge,,,,Dental Bridge,,"0,00","0,00","0,00",,,"0,00",DENTAL,,
TD0133,Dental,Veneer,,,,Veneer,,"57.692,31","0,00","0,00","750.000,00","750.000,00","937.500,00",DENTAL,,
TD0134,Dental,Braces (Kawat Gigi),,,,Braces (Kawat Gigi),,"461.538,46","0,00","0,00","6.000.000,00","6.000.000,00","7.500.000,00",DENTAL,,
TD0135,Dental,Dental Implant,,,,Dental Implant,,"0,00","0,00","0,00",,,"0,00",DENTAL,,
TD0136,Dental,Dentures (Gigi Palsu),,,,Dentures (Gigi Palsu),,"100.000,00","0,00","0,00","1.300.000,00","1.300.000,00","1.625.000,00",DENTAL,,
TD0137,Dental,Gum Treatment (Perawatan Gusi),,,,Gum Treatment (Perawatan Gusi),,"0,00","0,00","0,00",,,"0,00",DENTAL,,
TD0138,Dental,Fluoride Treatment,,,,Fluoride Treatment,,"5.769,23","0,00","0,00","75.000,00","75.000,00","93.750,00",DENTAL,,
TD0139,Dental,Sealant,,,,Sealant,,"26.923,08","0,00","0,00","350.000,00","350.000,00","437.500,00",DENTAL,,
TD0140,Dental,Occlusal Adjustment (Penyesuaian Gigitan),,,,Occlusal Adjustment (Penyesuaian Gigitan),,"0,00","0,00","0,00",,,"0,00",DENTAL,,
TD0141,Dental,Smile Makeover,,,,Smile Makeover,,"0,00","0,00","0,00",,,"0,00",DENTAL,,
TT0142,Tindakan,Konsultasi,,,,Konsultasi,,"3.846,15","0,00","0,00",,"50.000,00",,PERAWATAN,,
TT0143,Tindakan,Pemeriksaan,Fisik,,,Pemeriksaan  Fisik,,"6.153,85","55.500,00","55.500,00",,"80.000,00",,PERAWATAN,,
TT0144,Tindakan,Pemeriksaan,Laboratorium,,,Pemeriksaan  Laboratorium,,"0,00","0,00","0,00",,,,PERAWATAN,,
TT0145,Tindakan,Pemeriksaan,Elektrokardiografi (EKG),,,Pemeriksaan  Elektrokardiografi (EKG),"6.750,00","0,00","122.400,00","122.400,00","130.000,00",,"130.000,00",PERAWATAN,,
TT0146,Tindakan,Pemeriksaan,Rujukan Radiologi,,,Pemeriksaan  Rujukan Radiologi,,"0,00","0,00","0,00",,,,PERAWATAN,,
TT0147,Tindakan,Pemeriksaan,USG Abdomen,,,Pemeriksaan  USG Abdomen,,"0,00","100.200,00","100.200,00",,,,PERAWATAN,,
TT0148,Tindakan,Pemeriksaan,Rujukan Endoskopi,,,Pemeriksaan  Rujukan Endoskopi,,"0,00","0,00","0,00",,,,PERAWATAN,,
TT0149,Tindakan,Manajemen Penyakit Kronis,,,,Manajemen Penyakit Kronis,,"0,00","0,00","0,00",,,,PERAWATAN,,
TT0150,Tindakan,Manajemen Penyakit Kronis,Autoimun,,,Manajemen Penyakit Kronis Autoimun,,"0,00","0,00","0,00",,,,PERAWATAN,,
TT0151,Tindakan,Manajemen Penyakit Kronis,Infeksi,,,Manajemen Penyakit Kronis Infeksi,,"0,00","0,00","0,00",,,,PERAWATAN,,
TT0152,Tindakan,Manajemen Penyakit Kronis,Gizi dan Penyakit Metabolik,,,Manajemen Penyakit Kronis Gizi dan Penyakit Metabolik,,"0,00","0,00","0,00",,,,PERAWATAN,,
TT0153,Tindakan,Manajemen Penyakit Kronis,Paru-paru,,,Manajemen Penyakit Kronis Paru-paru,,"0,00","0,00","0,00",,,,PERAWATAN,,
TT0154,Tindakan,Tindakan Medis Minimal Invasif,,,,Tindakan Medis Minimal Invasif,,"0,00","0,00","0,00",,,,PERAWATAN,,
TT0155,Tindakan,Obat,,,,Obat,,"0,00","0,00","0,00",,,,PERAWATAN,,
TT0156,Tindakan,Pemeriksaan,Fisik Menyeluruh,,,Pemeriksaan Fisik Menyeluruh,,"0,00","0,00","0,00",,,,PERAWATAN,,
TT0157,Tindakan,Pemeriksaan,Fungsi Neurologis,,,Pemeriksaan Fungsi Neurologis,,"0,00","0,00","0,00",,,,PERAWATAN,,
TC0158,Cattery,Perawatan Kucing (Grooming),,,,Perawatan Kucing (Grooming),,"0,00","0,00","0,00",,,,KUCING,,
TC0159,Cattery,Adopsi,,,,Adopsi,,"0,00","0,00","0,00",,,,KUCING,,
TC0160,Cattery,Vaksinasi,,,,Vaksinasi,,"0,00","0,00","0,00",,,,KUCING,,
TC0161,Cattery,Sterilisasi,,,,Sterilisasi,,"0,00","0,00","0,00",,,,KUCING,,
TT0162,Tindakan,Intravena Injeksi,Preparation infus,,,Injeksi Preparation infus,"1.125,00","6.538,46","19.510,32","19.510,32",,"85.000,00",,PERAWATAN,,
TT0163,Tindakan,Intravena Injeksi,Preparation IV Wing,,,Injeksi Preparation IV Wing,"10.000,00","3.692,31","14.355,00","14.355,00",,"48.000,00",,PERAWATAN,,
TT0164,Tindakan,Intravena Injeksi,Preparation IV Bolus,,,Injeksi Preparation IV Bolus,"1.400,00","2.692,31","4.980,00","4.980,00",,"35.000,00",,PERAWATAN,,
TS0165,Skincare,Konsultasi,dr. Andhika,,,Konsultasi dr. Andhika,"60.000,00","1.538,46","20.000,00","20.000,00",,"20.000,00",,PERAWATAN,,
TS0166,Skincare,Konsultasi,dr. Dynar,,,Konsultasi dr. Dynar,"60.000,00","1.538,46","20.000,00","20.000,00",,"20.000,00",,PERAWATAN,,
TS0167,Skincare,Skinbooster,Redness Serum,,,Adds on Redness Serum,,"2.692,31","17.800,00","17.800,00","95.000,00","35.000,00","95.000,00",PERAWATAN,,
TS0168,Skincare,Skinbooster,Derma Bright,,,Brightening Derma Bright,,"1.923,08","6.390,00","6.390,00","95.000,00","25.000,00","95.000,00",PERAWATAN,,
TS0169,Skincare,Skinbooster,Hyaluronic Acid,,,Adds on Hyaluronic Acid,,"2.692,31","13.122,00","13.122,00","95.000,00","35.000,00","95.000,00",PERAWATAN,,
TS0170,Skincare,Skinbooster,Microbotox with Aqua Injector,,,Advance Microbotox with Aqua Injector,,"92.307,69","462.316,99","462.316,99","1.500.000,00","1.200.000,00","1.500.000,00",PERAWATAN,,
TS0171,Skincare,,,,,,,"0,00",,,,,,PERAWATAN,,
TS0172,Skincare,Masker,Papaya Peel Off,,,Masker Papaya Peel Off,"2.000,00","2.000,00","6.713,28","6.713,28","30.000,00","26.000,00","30.000,00",PERAWATAN,,
TS0173,Skincare,Masker,Peppermint Peel Off,,,Masker Peppermint Peel Off,"2.000,00","2.000,00","6.713,28","6.713,28","30.000,00","26.000,00","30.000,00",PERAWATAN,,
TS0174,Skincare,Masker,Pearl Peel Off,,,Masker Pearl Peel Off,"2.000,00","2.000,00","6.713,28","6.713,28","30.000,00","26.000,00","30.000,00",PERAWATAN,,
TS0175,Skincare,Masker,SkinTech,,,Masker SkinTech,,"2.538,46","10.000,00","10.000,00","40.000,00","33.000,00","40.000,00",PERAWATAN,,
TS0176,Skincare,Peeling,Home Care Brightening,,,Peeling Home Care Brightening,,"7.692,31","5.748,00","5.748,00",,"100.000,00",,PERAWATAN,,
TS0177,Skincare,Peeling,Home Care Acne,,,Peeling Home Care Acne,,"7.692,31","0,00","0,00",,"100.000,00",,PERAWATAN,,
TS0178,Skincare,Paket,Nyindhen 1,,,Paket Nyindhen 1,,"32.307,69","65.730,33","65.730,33",,"420.000,00",,PAKET,,
TS0179,Skincare,Anaestesi,Preparation with Anestesi Cream,,,Advance Preparation with Anestesi Cream,,"3.230,77","14.894,60","14.894,60",,"42.000,00",,PERAWATAN,,
TS0180,Skincare,Anaestesi,Preparation for IV,,,Advance Preparation for IV,,"2.692,31","12.784,60","12.784,60",,"35.000,00",,PERAWATAN,,
TS0181,Skincare,Anaestesi,Preparation with Anestesi Injeksi,,,Advance Preparation with Anestesi Injeksi,,"2.692,31","15.751,00","15.751,00",,"35.000,00",,PERAWATAN,,
TS0182,Skincare,Paket,Paket Nyindhen 2,,,Paket Paket Nyindhen 2,,"82.307,69","11.370,00","11.370,00","1.070.000,00","1.070.000,00","1.070.000,00",PAKET,,
TS0183,Skincare,Peeling,SA Mandelaic,,,Peeling SA Mandelaic,,"11.538,46","29.422,00","29.422,00","200.000,00","150.000,00","200.000,00",PERAWATAN,,
TS0184,Skincare,Hair,Cutting,,,Hair Cutting,,"15.384,62","0,00","0,00","200.000,00","200.000,00","200.000,00",PERAWATAN,,
TS0185,Skincare,Hair,Smoothing,,,Hair Smoothing,,"65.384,62","0,00","0,00","850.000,00","850.000,00","850.000,00",PERAWATAN,,
TS0186,Skincare,Body,SPA,60,menit,Body SPA 60 menit,"16.500,00","11.538,46","1.336,20","1.336,20","150.000,00","150.000,00","150.000,00",PERAWATAN,,
TS0187,Skincare,Body,SPA,90,menit,Body SPA 90 menit,,"15.384,62","1.336,20","1.336,20","200.000,00","200.000,00","200.000,00",PERAWATAN,,
TS0188,Skincare,Slimming,Slim & Tight Face Body,per CC,,Advance Slim & Tight Face Body per CC,,"20.000,00","116.266,75","116.266,75",,"200.000,00","280.000,00",PERAWATAN,,
TS0189,Skincare,Skinbooster,Even Tone & Glow (Fleck Blocker),,,Dna Salmon Even Tone & Glow (Fleck Blocker),,"0,00",,,"1.425.000,00",,"1.425.000,00",PERAWATAN,,
TS0190,Skincare,Skinbooster,PDRN DNA Salmon,,,Adds on PDRN DNA Salmon,,"4.740,77","18.489,00","18.489,00","350.000,00","61.630,00","350.000,00",PERAWATAN,,
TS0191,Skincare,Injeksi,Acne,,,Injeksi Acne,,"1.923,08","5.349,00","5.349,00",,"25.000,00",,PERAWATAN,,
TS0192,Skincare,Facial,Deep Hydration,,,Facial Deep Hydration,"16.450,00","14.153,85","54.589,99","54.589,99","230.000,00","184.000,00","230.000,00",PERAWATAN,20%,
TS0193,Skincare,Adds on,Acne Fighter Serum,,,Adds on Acne Fighter Serum,,"2.692,31","13.387,78","13.387,78","95.000,00","35.000,00","95.000,00",PERAWATAN,,
TS0194,Skincare,Skinbooster,Exosome Skinbooster,,,Advance Exosome Skinbooster,,"183.846,15","532.759,20","532.759,20","3.500.000,00","2.390.000,00","3.500.000,00",PERAWATAN,,
TS0195,Skincare,Paket,3 x Brightening Aqua Injector,,,Paket 3 x Brightening Aqua Injector,,"150.258,36","586.007,60","586.007,60","4.200.000,00","1.953.358,67","4.200.000,00",PAKET,,
TS0196,Skincare,Peeling,Back Care,,,Peeling Back Care,,"16.307,69","48.609,76","48.609,76","265.000,00","212.000,00","265.000,00",PERAWATAN,,
TS0197,Skincare,Peeling,Neck Care,,,Peeling Neck Care,,"3.846,15","13.379,20","13.379,20","85.000,00","50.000,00","85.000,00",PERAWATAN,,
TS0198,Skincare,Slimming,V Shape (Promo),,,Slimming V Shape (Promo),,"16.538,46","118.448,10","118.448,10","450.000,00","215.000,00","450.000,00",PERAWATAN,,
TS0199,Skincare,Slimming,Edukasi Healthy Life + Meal Plan,,,Slimming Edukasi Healthy Life + Meal Plan,"20.000,00","80.000,00",,,"500.000,00","500.000,00","500.000,00",PERAWATAN,,
TS0200,Skincare,Paket,Pregnancy Glow Theraphy,,,Paket Pregnancy Glow Theraphy,"20.000,00","79.692,31","363.142,48","363.142,48","1.561.000,00","1.036.000,00","1.561.000,00",PERAWATAN,35%,
TS0201,Skincare,Paket,3x Pregnancy Glow Theraphy,,,Paket 3x Pregnancy Glow Theraphy,,"210.000,00","626.997,44","626.997,44","4.683.000,00","2.730.000,00","4.683.000,00",PERAWATAN,23%,
TS0202,Skincare,Paket,Melasma 99,,,Paket Melasma 99,,"7.615,38","13.361,20","13.361,20","250.000,00","99.000,00","250.000,00",PERAWATAN,13%,
TT0203,Tindakan,Pemeriksaan,Cek GDS,,,Pemeriksaan Cek GDS,,,"38.407,66","38.407,66",,,,PERAWATAN,,
TS0204,Skincare,Paket,Birthday Vital Injector Anti Aging with Exosome,,,Paket Birthday Vital Injector Anti Aging with Exosome,,,"642.417,79","642.417,79","1.660.000,00",,"1.660.000,00",PERAWATAN,,
TS0205,Skincare,Paket,Birthday Vital Injector Skin Barrier Repair,,,Paket Birthday Vital Injector Skin Barrier Repair,,,"435.195,14","435.195,14","1.085.000,00",,"1.085.000,00",PERAWATAN,,
TS0206,Skincare,Paket,Birthday Anti Aging with DNA Salmon,,,Paket Birthday Anti Aging with DNA Salmon,,,"177.665,54","177.665,54","555.000,00",,"555.000,00",PERAWATAN,,
TS0207,Skincare,Paket,Glow Up Birthday Special,,,Paket Glow Up Birthday Special,,,"128.707,94","128.707,94","420.000,00","352.000,00","420.000,00",PERAWATAN,,
TS0208,Skincare,Paket,Birthday Beauty Glow & V-Shape with HIFU 6D,,,Paket Birthday Beauty Glow & V-Shape with HIFU 6D,,,"423.543,94","423.543,94","1.265.000,00",,"1.265.000,00",PERAWATAN,,
TS0209,Skincare,Paket,Birthday Radiant Glow Korean Glass Skin,,,Paket Birthday Radiant Glow Korean Glass Skin,,,"121.310,00","121.310,00","445.000,00",,"445.000,00",PERAWATAN,,
TS0210,Skincare,Paket,Birthday  Glow & Lift with RF Tripolar,,,Paket Birthday  Glow & Lift with RF Tripolar,,,"59.018,28","59.018,28","361.000,00",,"361.000,00",PERAWATAN,,
TS0211,Skincare,Injeksi,10 Poin PDRN DNA Salmon,,,Injeksi 10 Poin PDRN DNA Salmon,,,"82.864,60","82.864,60",,"250.000,00","375.000,00",PERAWATAN,,
TS0212,Skincare,Paket,"Anti Aging for Face Sign by Dr. Andhika, M.Biomed (AAM)",,,"Paket Anti Aging for Face Sign by Dr. Andhika, M.Biomed (AAM)",,"71.384,62","323.429,54","927.969,00","1.326.000,00","928.000,00","1.326.000,00",PERAWATAN,,
TS0213,Skincare,Paket,Radiant Boost,,,Paket Radiant Boost,,,#REF!,#REF!,,"320.000,00","455.000,00",PAKET RAMADHAN,,
TS0214,Skincare,Paket,Radiant Boost IPL Glow,,,Paket Radiant Boost IPL Glow,,,,,,"610.000,00","1.160.000,00",PAKET RAMADHAN,,
TS0215,Skincare,Paket,üíß PDRN DNA Salmon Skinbooster with Dermapen,,,Paket üíß PDRN DNA Salmon Skinbooster with Dermapen,,,,,,"550.000,00","900.000,00",PAKET RAMADHAN,,
TS0216,Skincare,Paket,üåü PDRN DNA Salmon + HA Skinbooster with Aqua Injector,,,Paket üåü PDRN DNA Salmon + HA Skinbooster with Aqua Injector,,,,,,"1.230.000,00","1.845.000,00",PAKET RAMADHAN,,
TS0217,Skincare,Paket,üíé Exosome Skin Booster,,,Paket üíé Exosome Skin Booster,,,,,,"2.660.000,00","4.050.000,00",PAKET RAMADHAN,,
TS0218,Skincare,Paket,üíé Nucleofill Skin Booster,,,Paket üíé Nucleofill Skin Booster,,,,,,"3.500.000,00","5.050.000,00",PAKET RAMADHAN,,
TS0219,Skincare,Paket,üåüLift & Glow RF,,,Paket üåüLift & Glow RF,,,,,,"950.000,00","1.710.000,00",PAKET RAMADHAN,,
TS0220,Skincare,Paket,üåüV-Sculpture HIFU,,,Paket üåüV-Sculpture HIFU,,,,,,"1.400.000,00","2.060.000,00",PAKET RAMADHAN,,
TS0221,Skincare,Paket,Duo Prime Set,,,Paket Duo Prime Set,,,,,,"187.000,00","0,00",PAKET RAMADHAN,,
TS0222,Skincare,Paket,üíÜ‚Äç‚ôÄÔ∏è Full Complete Set,,,Paket üíÜ‚Äç‚ôÄÔ∏è Full Complete Set,,,,,,"383.000,00","0,00",PAKET RAMADHAN,,
TS0223,Skincare,Paket,üíÜ‚Äç‚ôÄÔ∏è Full Set + Oral Supplement,,,Paket üíÜ‚Äç‚ôÄÔ∏è Full Set + Oral Supplement,,,,,,"478.000,00","93.006,90",PAKET RAMADHAN,,
TS0224,Skincare,Paket,üå∏ Basic Acne Treatment,,,Paket üå∏ Basic Acne Treatment,,,,,,"320.000,00","455.000,00",PAKET RAMADHAN,,
TS0225,Skincare,Paket,üíé Advanced Acne Treatment,,,Paket üíé Advanced Acne Treatment,,,,,,"610.000,00","1.060.000,00",PAKET RAMADHAN,,
TS0226,Skincare,Paket,‚úÖ  Quick Acne Relief Shot,,,Paket ‚úÖ  Quick Acne Relief Shot,,,,,,"25.000,00","35.000,00",PAKET RAMADHAN,,
TS0227,Skincare,Paket,üíß Scar Treatment Basic,,,Paket üíß Scar Treatment Basic,,,,,,"830.000,00","1.700.000,00",PAKET RAMADHAN,,
TS0228,Skincare,Paket,üåüScar Treatment mix Subsisi,,,Paket üåüScar Treatment mix Subsisi,,,,,,"1.380.000,00","2.750.000,00",PAKET RAMADHAN,,
TS0229,Skincare,Paket,üíé Scar Treatment with Skinbooster,,,Paket üíé Scar Treatment with Skinbooster,,,,,,"3.582.800,00","6.200.000,00",PAKET RAMADHAN,,
TS0230,Skincare,Paket,üî∏Scar Remodelling with PRP & CO2 Laser,,,Paket üî∏Scar Remodelling with PRP & CO2 Laser,,,,,,"865.000,00","1.810.000,00",PAKET RAMADHAN,,
TS0231,Skincare,Paket,Duo Acne Prime Set,,,Paket Duo Acne Prime Set,,,,,,"171.000,00","125.000,00",PAKET RAMADHAN,,
TS0232,Skincare,Paket,üíÜ‚Äç‚ôÄÔ∏è Full Complete Acne Set,,,Paket üíÜ‚Äç‚ôÄÔ∏è Full Complete Acne Set,,,,,,"368.000,00","125.000,00",PAKET RAMADHAN,,
TS0233,Skincare,Paket,üíÜ‚Äç‚ôÄÔ∏è Full Complete Acne Set + Acne Supplement,,,Paket üíÜ‚Äç‚ôÄÔ∏è Full Complete Acne Set + Acne Supplement,,,,,,"463.000,00","218.006,90",PAKET RAMADHAN,,
TS0234,Skincare,Paket,üîπ Radiance Glow Program for Brightening / Melasma Epidermal,,,Paket üîπ Radiance Glow Program for Brightening / Melasma Epidermal,,,,,,"365.000,00","465.000,00",PAKET RAMADHAN,,
TS0235,Skincare,Paket,üîπ Luminous Perfection Program for Brightening / Melasma Epidermal,,,Paket üîπ Luminous Perfection Program for Brightening / Melasma Epidermal,,,,,,"671.000,00","857.500,00",PAKET RAMADHAN,,
TS0236,Skincare,Paket,üíß NucleoPeptide HA Skin Booster with Dermapen,,,Paket üíß NucleoPeptide HA Skin Booster with Dermapen,,,,,,"478.000,00","995.000,00",PAKET RAMADHAN,,
TS0237,Skincare,Paket,üåü DNA Salmon 1% + TRX Skin Booster with Aqua Injector,,,Paket üåü DNA Salmon 1% + TRX Skin Booster with Aqua Injector,,,,,,"1.215.000,00","1.423.656,00",PAKET RAMADHAN,,
TS0238,Skincare,Paket,üíé Nucleofill Strong Skinbooster,,,Paket üíé Nucleofill Strong Skinbooster,,,,,,"3.500.000,00","5.050.000,00",PAKET RAMADHAN,,
TS0239,Skincare,Paket,Duo Prime Set,,,Paket Duo Prime Set,,,,,,"187.000,00","0,00",PAKET RAMADHAN,,
TS0240,Skincare,Paket,üíÜ‚Äç‚ôÄÔ∏è Full Complete Set,,,Paket üíÜ‚Äç‚ôÄÔ∏è Full Complete Set,,,,,,"383.000,00","0,00",PAKET RAMADHAN,,
TS0241,Skincare,Paket,üíÜ‚Äç‚ôÄÔ∏è Full Set + Oral Supplement,,,Paket üíÜ‚Äç‚ôÄÔ∏è Full Set + Oral Supplement,,,,,,"478.000,00","93.006,90",PAKET RAMADHAN,,
TS0242,Skincare,Paket,üå∏ Collagen Stimulator with Sineson & Face Firming with Microtox,,,Paket üå∏ Collagen Stimulator with Sineson & Face Firming with Microtox,,,,,,"1.550.000,00","2.050.000,00",PAKET RAMADHAN,,
TS0243,Skincare,Paket,üå∏ Collagen Stimulator with Hifu & Face Firming with Microtox,,,Paket üå∏ Collagen Stimulator with Hifu & Face Firming with Microtox,,,,,,"2.550.000,00","3.300.000,00",PAKET RAMADHAN,,
TS0244,Skincare,Paket,üå∏ Collagen Stimulator with Facetem,,,Paket üå∏ Collagen Stimulator with Facetem,,,,,,"4.200.000,00","5.500.000,00",PAKET RAMADHAN,,
TS0245,Skincare,Paket,üå∏ Ultimate V Shape for Face Duo,,,Paket üå∏ Ultimate V Shape for Face Duo,,,,,,"1.190.000,00","1.750.000,00",PAKET RAMADHAN,,
TS0246,Skincare,Paket,üå∏ Neck Mesotherapy Brightening,,,Paket üå∏ Neck Mesotherapy Brightening,,,,,,"443.000,00","550.000,00",PAKET RAMADHAN,,
TS0247,Skincare,Paket,üå∏ Collagen Stimulator with Sineson & Neck Firming with Microtox,,,Paket üå∏ Collagen Stimulator with Sineson & Neck Firming with Microtox,,,,,,"1.540.000,00","2.050.000,00",PAKET RAMADHAN,,
TS0248,Skincare,Paket,üå∏ Collagen Stimulator with Hifu & Neck Firming with Microtox,,,Paket üå∏ Collagen Stimulator with Hifu & Neck Firming with Microtox,,,,,,"2.550.000,00","3.300.000,00",PAKET RAMADHAN,,
TS0249,Skincare,Paket,üå∏ Collagen Stimulator with Facetem,,,Paket üå∏ Collagen Stimulator with Facetem,,,,,,"4.200.000,00","5.500.000,00",PAKET RAMADHAN,,
TS0250,Skincare,Paket,üå∏ Add On Pore Refining with CO2,,,Paket üå∏ Add On Pore Refining with CO2,,,,,,"420.000,00","850.000,00",PAKET RAMADHAN,,
TS0251,Skincare,Paket,üå∏  Add On Pore Refining with Microtox,,,Paket üå∏  Add On Pore Refining with Microtox,,,,,,"1.260.000,00","1.585.000,00",PAKET RAMADHAN,,
TS0252,Skincare,Paket,üå∏ Neck Slim Duo,,,Paket üå∏ Neck Slim Duo,,,,,,"770.000,00","3.050.000,00",PAKET RAMADHAN,,
TS0253,Skincare,Paket,Duo Neck Care,,,Paket Duo Neck Care,,,,,,"182.000,00","0,00",PAKET RAMADHAN,,
TS0254,Skincare,Paket,Armpit Glow Basic,,,Paket  Armpit Glow Basic,,,,,,"176.000,00","198.600,00",PAKET RAMADHAN,,
TS0255,Skincare,Paket,Armpit Glow Advance,,,Paket Armpit Glow Advance,,,,,,"825.000,00","1.021.100,00",PAKET RAMADHAN,,
TS0256,Skincare,Paket,Hyperhidrosis Treatment,,,Paket Hyperhidrosis Treatment,,,,,,"3.725.000,00","6.700.000,00",PAKET RAMADHAN,,
TS0257,Skincare,Paket,üå∏ Peeling Back,,,Paket üå∏ Peeling Back,,,,,,"424.000,00","530.000,00",PAKET RAMADHAN,,
TS0258,Skincare,Paket,üå∏ Peeling Intimate,,,Paket üå∏ Peeling Intimate,,,,,,"216.000,00","220.000,00",PAKET RAMADHAN,,
TS0259,Skincare,Paket,Intimate Brightening Basic,,,Paket Intimate Brightening Basic,,,,,,"245.000,00",#VALUE!,PAKET RAMADHAN,,
TS0260,Skincare,Paket,Intimate Brightening Advance,,,Paket Intimate Brightening Advance,,,,,,"1.085.000,00","2.211.500,00",PAKET RAMADHAN,,
TS0261,Skincare,Paket,Korean Glow - Tox,,,Paket Korean Glow - Tox,,,,,,"1.165.000,00","1.080.000,00",PAKET RAMADHAN,,
TS0262,Skincare,Paket,Europe Glow - Tox,,,Paket Europe Glow - Tox,,,,,,"1.745.000,00","1.780.000,00",PAKET RAMADHAN,,
TS0263,Skincare,Paket,üíé Botox Full Face,,,Paket üíé Botox Full Face,,,,,,"3.325.000,00","5.500.000,00",PAKET RAMADHAN,,
TS0264,Skincare,Paket,Korean Botox Full Face,,,Paket Korean Botox Full Face,,,,,,"3.100.000,00","5.500.000,00",PAKET RAMADHAN,,
TS0265,Skincare,Paket,Europe Botox Full Face,,,Paket Europe Botox Full Face,,,,,,"5.645.000,00","7.650.000,00",PAKET RAMADHAN,,
TS0266,Skincare,Paket,üåü Botox Contouring - Rp xxx.xxx,,,Paket üåü Botox Contouring - Rp xxx.xxx,,,,,,,,PAKET RAMADHAN,,
TS0267,Skincare,Paket,Korean - Botox Masseter,,,Paket Korean - Botox Masseter,,,,,,"648.000,00","900.000,00",PAKET RAMADHAN,,
TS0268,Skincare,Paket,Europe Botox Masseter,,,Paket Europe Botox Masseter,,,,,,"1.170.000,00","1.530.000,00",PAKET RAMADHAN,,
TS0269,Skincare,Paket,Korean - Botox Leher,,,Paket Korean - Botox Leher,,,,,,"1.800.000,00","2.500.000,00",PAKET RAMADHAN,,
TS0270,Skincare,Paket,Europe Botox Leher,,,Paket Europe Botox Leher,,,,,tidak ada di menu,"3.250.000,00","4.250.000,00",PAKET RAMADHAN,,
TS0271,Skincare,Paket,1 x Visit,,,Paket 1 x Visit,,,,,,"5.900.000,00","11.700.000,00",PAKET RAMADHAN,,
TS0272,Skincare,Paket,4 x Visit,,,Paket 4 x Visit,,,,,,"3.400.000,00","30.300.000,00",PAKET RAMADHAN,,
TS0273,Skincare,Peeling,Hand,,,Peeling Hand,,,,,,"250.000,00","600.000,00",PERAWATAN,,
TS0274,Skincare,Peeling,Leg,,,Peeling Leg,,,,,,"450.000,00","800.000,00",PERAWATAN,,
TS0275,Skincare,Botox,Korea 1/3 Atas,,,Botox Korea 1/3 Atas,,,,,,"1.000.000,00","1.900.000,00",PERAWATAN,,
TS0276,Skincare,Paket,Brightening Skin Barier Sign by dr. Dynar,,,Paket Brightening Skin Barier Sign by dr. Dynar,,"50.525,01","282.434,80","282.434,80","1.260.000,00","656.825,12","1.260.000,00",PERAWATAN,,
TS0277,Skincare,Peeling,Tummy,,,Peeling Tummy,,,,,,"320.000,00","600.000,00",PERAWATAN,,
TS0278,Skincare,Skinbooster,PDRN Dna Salmon Messoneedle,,,Skinbooster PDRN Dna Salmon Messoneedle,,,"87.259,20","87.259,20",,,,PERAWATAN,,
TS0279,Skincare,Facial,Essential,,,Facial Essential,"16.450,00","8.846,15","44.774,94","44.774,94","115.000,00","115.000,00","165.000,00",PERAWATAN,,
TS0280,Skincare,Facial,Signature for Acne,,,Facial Signature for Acne,,,,,,"155.000,00","275.000,00",PERAWATAN,,
TS0281,Skincare,Facial,Signature for Anti Aging,,,Facial Signature for Anti Aging,,,,,,"185.000,00","375.000,00",PERAWATAN,,
TS0282,Skincare,Facial,Signature for Sensitive Skin,,,Facial Signature for Sensitive Skin,,,,,,"135.000,00","245.000,00",PERAWATAN,,
TS0283,Skincare,Injeksi,Immune C Booster,,,Injeksi Immune C Booster,,,,,,"120.000,00","120.000,00",PERAWATAN,,
TS0284,Skincare,Injeksi,Eye Bag,,,Injeksi Eye Bag,,,,,,"550.000,00","900.000,00",PERAWATAN,,
TS0285,Skincare,Skinbooster,Juvelook Collagen & Aqua Therapy,,,Skinbooster Juvelook Collagen & Aqua Therapy,,,"571.598,65","571.598,65","2.500.000,00","1.599.000,00","2.500.000,00",PERAWATAN,,
TS0286,Skincare,Laser,Pico Brightening Face,,,Laser Pico Brightening Face,"2.150,00","32.692,31","184.820,40","184.820,40","552.500,00","425.000,00","552.500,00",PERAWATAN,,
TS0287,Skincare,Laser,Pico Lip Care,,,Laser Pico Lip Care,"2.150,00","19.230,77","119.820,40","119.820,40","325.000,00","250.000,00","325.000,00",PERAWATAN,,
TS0288,Skincare,Laser,Pico Brightening Arm Pit,,,Laser Pico Brightening Arm Pit,"2.150,00","32.692,31","184.820,40","184.820,40","552.500,00","425.000,00","552.500,00",PERAWATAN,,
TS0289,Skincare,Laser,Pico Brightening Bikini,,,Laser Pico Brightening Bikini,"2.150,00","32.692,31","184.820,40","184.820,40","552.500,00","425.000,00","552.500,00",PERAWATAN,,
TS0290,Skincare,Laser,Pico Scar Renew 1 area,,,Laser Pico Scar Renew 1 area,"2.150,00","34.615,38","119.820,40","119.820,40","540.000,00","450.000,00","540.000,00",PERAWATAN,,
TS0291,Skincare,Laser,PicoInk Erase,,,Laser PicoInk Erase,"2.150,00","48.615,38","574.820,40","574.820,40","821.600,00","632.000,00","821.600,00",PERAWATAN,,
TS0292,Skincare,Laser,Pico Melasma Care,,,Laser Pico Melasma Care,"2.150,00","52.384,62","184.820,40","184.820,40","885.300,00","681.000,00","885.300,00",PERAWATAN,,
TS0293,Skincare,Laser,Pico Blackdoll Glow,,,Laser Pico Blackdoll Glow,"2.150,00","32.692,31","189.195,40","189.195,40","552.500,00","425.000,00","552.500,00",PERAWATAN,,"675.697,86"
TS0294,Skincare,Paket,Radiant Rejuvenation by dr. Fifi,,,Paket Radiant Rejuvenation by dr. Fifi,,"53.076,92","306.119,62","306.119,62","1.155.000,00","690.000,00","1.155.000,00",PERAWATAN,,
TS0295,Skincare,Paket,Fresh & Nourish,,,Paket Fresh & Nourish,,"29.230,77","151.184,94","151.184,94","567.000,00","380.000,00","567.000,00",PERAWATAN,,
TS0296,Skincare,Paket,Skin & Lashes,,,Paket Skin & Lashes,,"30.769,23","119.064,94","119.064,94","575.000,00","400.000,00","575.000,00",PERAWATAN,,
TS0297,Skincare,Paket,Glow & Relax,,,Paket Glow & Relax,,"32.307,69","82.763,48","82.763,48","605.000,00","420.000,00","605.000,00",PERAWATAN,,
TS0298,Skincare,Laser,Pico ScarAway Legs,,,Laser Pico ScarAway Legs,,"57.692,31","337.769,60","337.769,60","950.000,00","750.000,00","950.000,00",PERAWATAN,,
TS0299,Skincare,Laser,Pico ScarAway Hands,,,Laser Pico ScarAway Hands,,"51.923,08","284.071,20","284.071,20","750.000,00","675.000,00","750.000,00",PERAWATAN,,
TS0300,Skincare,Laser,Pico Scar Renew 2 area,,,Laser Pico Scar Renew 2 area,,"32.692,31","119.820,40","119.820,40","552.500,00","425.000,00","552.500,00",PERAWATAN,,
TS0301,Skincare,Laser,Pico Scar Renew 3 area,,,Laser Pico Scar Renew 3 area,,"30.769,23","119.820,40","119.820,40","520.000,00","400.000,00","520.000,00",PERAWATAN,,
TS0302,Skincare,Skinbooster,NCTF + PRP,,,Skinbooster NCTF + PRP,,"136.538,46","1.149.039,80","1.149.039,80","1.952.500,00","1.775.000,00","1.952.500,00",PERAWATAN,,
TS0303,Skincare,Skinbooster,NCTF + HA,,,Skinbooster NCTF + HA,,"206.730,77","1.558.174,87","1.558.174,87","2.956.250,00","2.687.500,00","2.956.250,00",PERAWATAN,,
TS0304,Skincare,Skinbooster,NCTF + PDRN,,,Skinbooster NCTF + PDRN,,"142.307,69","1.187.209,80","1.187.209,80","2.035.000,00","1.850.000,00","2.035.000,00",PERAWATAN,,
TS0305,Skincare,Skinbooster,NCTF + TXA,,,Skinbooster NCTF + TXA,,"137.204,31","1.142.472,30","1.142.472,30","1.962.021,60","1.783.656,00","1.962.021,60",PERAWATAN,,
TS0306,Skincare,Skinbooster,NCTF + TOXIN,,,Skinbooster NCTF + TOXIN,,"264.307,69","1.777.209,80","1.777.209,80","3.779.600,00","3.436.000,00","3.779.600,00",PERAWATAN,,
TS0307,Skincare,Skinbooster,NCTF + NUCLEOFILL,,,Skinbooster NCTF + NUCLEOFILL,,"353.846,15","3.047.209,80","3.047.209,80","5.060.000,00","4.600.000,00","5.060.000,00",PERAWATAN,,
TS0308,Skincare,Skinbooster,NCTF,,,Skinbooster NCTF,,"123.000,00","1.127.209,80","1.127.209,80","1.760.000,00","1.599.000,00","1.760.000,00",PERAWATAN,,
TS0309,Skincare,Paket,Acne Repair by dr. Bin,,,Paket Acne Repair by dr. Bin,,"47.692,31","152.185,49","152.185,49","1.065.000,00","620.000,00","1.065.000,00",PERAWATAN,,
TS0310,Skincare,Injeksi,Exosome Skinbooster,,,Injeksi Exosome Skinbooster,,,"891.259,20","891.259,20","1.200.000,00","1.200.000,00","1.200.000,00",PERAWATAN,,
TS0311,Skincare,Skinbooster,Neauvia Skinbooster,,,Skinbooster Neauvia Skinbooster,,,"40.712.606,40","40.712.606,40",,,,PERAWATAN,,
TS0312,Skincare,Advance,Secretome,,,Advance Secretome,,,"22.074.169,33","22.074.169,33","2.000.000,00","1.700.000,00","2.000.000,00",PERAWATAN,,
TS0313,Skincare,Injeksi,10 Poin PDRN DNA Salmon with Mesoglow,,,Injeksi 10 Poin PDRN DNA Salmon with Mesoglow,,,"57.716,33","57.716,33","250.000,00","250.000,00","375.000,00",PERAWATAN,,
TS0314,Skincare,Adds on,Adds on Ultrasound Anti Wrinkle,Adds on Ultrasound Anti Wrinkle,,Adds on Adds on Ultrasound Anti Wrinkle,,,"30.629,83","30.629,83","47.122,81","47.122,81",,PERAWATAN,,
TS0315,Skincare,Collagen Stimulator,Threadlift,PDO,Hidung 5 thrd,Lifting Threadlift Rhino PDO 5 thrd,,"225.000,00","1.015.560,71","1.015.560,71","2.250.000,00","2.250.000,00",,PERAWATAN,,
TS0316,Skincare,Skinbooster,Injeksi Advance Injeksi Jalupro,Advance Jalupro,per CC,Skinbooster Injeksi Advance Injeksi Jalupro,,"47.500,00","30.381,51","30.381,51","475.000,00","475.000,00",,PERAWATAN,,
TS0317,Skincare,Skinbooster,Injeksi Aesplla Half Dose,Half Dose,,Skinbooster Injeksi Aesplla Half Dose,,"500.000,00",,,"5.000.000,00","5.000.000,00",,PERAWATAN,,
TS0318,Skincare,Skinbooster,Injeksi Aesplla Full Dose,Full Dose,,Skinbooster Injeksi Aesplla Full Dose,,"800.000,00",,,"8.000.000,00","8.000.000,00",,PERAWATAN,,
TS0319,Skincare,Skinbooster,Injeksi Brightening Tone Up,Tone Up,,Skinbooster Injeksi Brightening Tone Up,,"116.500,00",,,"1.165.000,00","1.165.000,00",,PERAWATAN,,
TS0320,Skincare,Paket,Bridal Bust Perfection,,,Paket Bridal Bust Perfection,,"0,00",,,,,,PERAWATAN,,
TS0321,Skincare,Skinbooster,Tegoder Dermabright,,,Skinbooster Tegoder Dermabright,,"6.700,00","9.828,00","9.828,00","85.000,00","67.000,00","85.000,00",PERAWATAN,,
TS0322,Skincare,Peeling,Bio Enzim Peel,,,Peeling Bio Enzim Peel,"3.750,00","11.538,46","12.451,33","12.451,33","150.000,00","150.000,00","85.000,00",PERAWATAN,,
TF0323,Farmasi,Vaksinasi,Vaksinasi Hepatitis B,,,Vaksinasi Vaksinasi Hepatitis B,"18.750,00","16.538,46","113.632,00","113.632,00","255.000,00","215.000,00","255.000,00",PERAWATAN,,